,lisa_I,lisa_p,lisa_quad,lisa_class,lisa_sig,lisa_label
0,0.6748355425968526,0.052,3,0,False,No Significativo
1,0.13893990672642914,0.087,1,0,False,No Significativo
2,0.012877045689641016,0.067,3,0,False,No Significativo
3,1.0952799639532096,0.06,1,0,False,No Significativo
4,0.5210301554168898,0.075,1,0,False,No Significativo
5,0.0792548899747696,0.183,3,0,False,No Significativo
6,0.08044079469564645,0.222,1,0,False,No Significativo
7,0.1672928786047651,0.079,1,0,False,No Significativo
8,0.007878892726760501,0.455,3,0,False,No Significativo
9,0.171260833728855,0.097,1,0,False,No Significativo
10,3.94750382961254,0.001,1,1,True,HH (Hot Spot)
11,0.00041338062114858204,0.495,3,0,False,No Significativo
12,0.20689026100628702,0.149,3,0,False,No Significativo
13,0.6543352300001531,0.044,1,1,True,HH (Hot Spot)
14,0.720076091488162,0.028,3,3,True,LH (Low surrounded by High)
15,0.025981957761531557,0.136,1,0,False,No Significativo
16,1.9926313089013086,0.001,3,3,True,LH (Low surrounded by High)
17,0.4337073190023348,0.028,1,1,True,HH (Hot Spot)
18,0.5984405188658645,0.13,3,0,False,No Significativo
19,-0.008892946940985908,0.278,2,0,False,No Significativo
20,2.024711225426847,0.002,3,3,True,LH (Low surrounded by High)
21,-0.18410662937401542,0.046,2,2,True,LL (Cold Spot)
22,0.18720794948820332,0.364,1,0,False,No Significativo
23,1.7456200826428145,0.005,1,1,True,HH (Hot Spot)
24,2.046014925184764,0.001,3,3,True,LH (Low surrounded by High)
25,0.39629665282338933,0.036,3,3,True,LH (Low surrounded by High)
26,0.6595800037882519,0.061,1,0,False,No Significativo
27,0.5450203260328605,0.014,1,1,True,HH (Hot Spot)
28,0.8281228457940243,0.07,3,0,False,No Significativo
29,0.7888782072242593,0.038,3,3,True,LH (Low surrounded by High)
30,1.0813069763010958,0.003,1,1,True,HH (Hot Spot)
31,0.8987074342180861,0.031,3,3,True,LH (Low surrounded by High)
32,0.37485360840494036,0.125,3,0,False,No Significativo
33,0.03504849351667897,0.357,1,0,False,No Significativo
34,1.4588519254844556,0.002,1,1,True,HH (Hot Spot)
35,1.1958258836528175,0.009,1,1,True,HH (Hot Spot)
36,0.17838261198716396,0.155,1,0,False,No Significativo
37,0.22904401991442375,0.066,1,0,False,No Significativo
38,0.5847926356909707,0.146,3,0,False,No Significativo
39,1.0409168023962512,0.004,1,1,True,HH (Hot Spot)
40,1.1039234461608167,0.003,1,1,True,HH (Hot Spot)
41,1.4840460196567238,0.013,1,1,True,HH (Hot Spot)
42,0.46643047384420283,0.021,1,1,True,HH (Hot Spot)
43,-0.007314553098714991,0.293,4,0,False,No Significativo
44,-0.003515138187714093,0.491,4,0,False,No Significativo
45,2.3999125500733354,0.002,1,1,True,HH (Hot Spot)
46,1.0870265361037117,0.04,3,3,True,LH (Low surrounded by High)
47,2.6905936791264295,0.001,3,3,True,LH (Low surrounded by High)
48,-0.11861103527077758,0.32,4,0,False,No Significativo
49,0.6404081330367466,0.032,1,1,True,HH (Hot Spot)
50,1.0400680917126608,0.053,3,0,False,No Significativo
51,0.9968608308196184,0.017,1,1,True,HH (Hot Spot)
52,0.135083145487638,0.149,3,0,False,No Significativo
53,2.4440917950173255,0.001,3,3,True,LH (Low surrounded by High)
54,3.831865065896975,0.001,1,1,True,HH (Hot Spot)
55,0.299024008605069,0.051,3,0,False,No Significativo
56,0.3525272737395542,0.141,3,0,False,No Significativo
57,-0.039639872861707455,0.385,2,0,False,No Significativo
58,0.15459947815865596,0.165,3,0,False,No Significativo
59,1.6241396990163826,0.003,1,1,True,HH (Hot Spot)
60,-0.004344850289557456,0.241,4,0,False,No Significativo
61,0.018559773765408523,0.369,1,0,False,No Significativo
62,0.18130538628485302,0.107,3,0,False,No Significativo
63,0.020982506962991077,0.145,3,0,False,No Significativo
64,0.11702111723220096,0.254,1,0,False,No Significativo
65,0.969010872982997,0.003,1,1,True,HH (Hot Spot)
66,0.0375747623077711,0.324,1,0,False,No Significativo
67,0.6012222435180854,0.034,3,3,True,LH (Low surrounded by High)
68,0.6886988487625428,0.036,3,3,True,LH (Low surrounded by High)
69,0.15812603331765457,0.205,1,0,False,No Significativo
70,0.7851795577299402,0.026,1,1,True,HH (Hot Spot)
71,2.088575168322204,0.001,3,3,True,LH (Low surrounded by High)
72,1.034122517857136,0.003,1,1,True,HH (Hot Spot)
73,6.306725959065352,0.001,3,3,True,LH (Low surrounded by High)
74,0.7394731748789427,0.07,3,0,False,No Significativo
75,1.288839659143583,0.022,3,3,True,LH (Low surrounded by High)
76,-0.017398885422388304,0.395,4,0,False,No Significativo
77,0.3119377775338311,0.116,1,0,False,No Significativo
78,0.3578005103539187,0.106,1,0,False,No Significativo
79,-0.020944776627900803,0.446,2,0,False,No Significativo
80,0.0015355380628536688,0.209,1,0,False,No Significativo
81,0.025123883311839113,0.004,1,1,True,HH (Hot Spot)
82,0.3088635839563101,0.034,1,1,True,HH (Hot Spot)
83,0.6621663911712412,0.077,1,0,False,No Significativo
84,-0.0015658418102910924,0.274,2,0,False,No Significativo
85,0.2490532351805541,0.302,1,0,False,No Significativo
86,0.7309000493420469,0.031,3,3,True,LH (Low surrounded by High)
87,1.154927952251751,0.003,1,1,True,HH (Hot Spot)
88,1.1636071797754526,0.003,1,1,True,HH (Hot Spot)
89,0.21021915041879052,0.083,1,0,False,No Significativo
90,3.559018342123296,0.001,3,3,True,LH (Low surrounded by High)
91,0.46808796824490984,0.003,1,1,True,HH (Hot Spot)
92,-0.006468081905968159,0.427,2,0,False,No Significativo
93,0.8065188561353973,0.003,1,1,True,HH (Hot Spot)
94,0.30765089936091894,0.09,1,0,False,No Significativo
95,0.013404874230700208,0.441,1,0,False,No Significativo
96,0.02173271240120881,0.468,3,0,False,No Significativo
97,0.4886231588840496,0.067,1,0,False,No Significativo
98,0.08114777323702868,0.185,3,0,False,No Significativo
99,0.10063761529046698,0.253,1,0,False,No Significativo
100,0.47885995682216453,0.089,3,0,False,No Significativo
101,0.8727123050155892,0.016,3,3,True,LH (Low surrounded by High)
102,0.534550552567552,0.089,3,0,False,No Significativo
103,0.0039693582382812525,0.467,3,0,False,No Significativo
104,0.4958393320875424,0.033,3,3,True,LH (Low surrounded by High)
105,0.40902145105875776,0.096,1,0,False,No Significativo
106,0.03067180247481994,0.236,1,0,False,No Significativo
107,0.21395985604790688,0.304,1,0,False,No Significativo
108,2.2625541073413706,0.003,1,1,True,HH (Hot Spot)
109,0.23464705208816755,0.012,1,1,True,HH (Hot Spot)
110,5.964077807727867,0.001,1,1,True,HH (Hot Spot)
111,0.04693463236549491,0.264,1,0,False,No Significativo
112,0.03556644360046733,0.276,3,0,False,No Significativo
113,0.051100019985153906,0.205,3,0,False,No Significativo
114,-0.042448557494450645,0.38,4,0,False,No Significativo
115,1.3651556764043087,0.003,1,1,True,HH (Hot Spot)
116,0.9291980856902673,0.032,1,1,True,HH (Hot Spot)
117,0.6396990646730514,0.012,1,1,True,HH (Hot Spot)
118,0.2855354654630786,0.205,1,0,False,No Significativo
119,0.7171143917032449,0.022,1,1,True,HH (Hot Spot)
120,2.058707642465348,0.001,3,3,True,LH (Low surrounded by High)
121,0.26899234019144375,0.012,1,1,True,HH (Hot Spot)
122,2.3884210735304587,0.001,3,3,True,LH (Low surrounded by High)
123,1.7139577506028056,0.017,3,3,True,LH (Low surrounded by High)
124,1.67459510455248,0.001,3,3,True,LH (Low surrounded by High)
125,0.19211433365602268,0.198,3,0,False,No Significativo
126,1.2186163441621718,0.003,1,1,True,HH (Hot Spot)
127,-0.15667808602883887,0.128,4,0,False,No Significativo
128,0.052929345882447354,0.386,3,0,False,No Significativo
129,-0.06468914088677424,0.353,4,0,False,No Significativo
130,1.4131303450215995,0.011,3,3,True,LH (Low surrounded by High)
131,2.121658660173179,0.003,3,3,True,LH (Low surrounded by High)
132,-0.004875772473857096,0.231,2,0,False,No Significativo
133,-0.12603505794052033,0.283,2,0,False,No Significativo
134,1.9006564063345501,0.001,3,3,True,LH (Low surrounded by High)
135,0.22669519122087467,0.244,3,0,False,No Significativo
136,3.637702248287604,0.001,3,3,True,LH (Low surrounded by High)
137,0.1895615115958536,0.039,3,3,True,LH (Low surrounded by High)
138,3.207734469607436,0.001,3,3,True,LH (Low surrounded by High)
139,1.6736496495511026,0.002,1,1,True,HH (Hot Spot)
140,1.9289484759102198,0.003,1,1,True,HH (Hot Spot)
141,0.24640925026544802,0.043,1,1,True,HH (Hot Spot)
142,2.669453720959111,0.001,3,3,True,LH (Low surrounded by High)
143,0.13859989357449806,0.398,1,0,False,No Significativo
144,6.121274353072005,0.001,1,1,True,HH (Hot Spot)
145,1.549761253147296,0.006,3,3,True,LH (Low surrounded by High)
146,0.803781917268172,0.004,1,1,True,HH (Hot Spot)
147,0.13257042227357765,0.004,1,1,True,HH (Hot Spot)
148,0.46962318338137704,0.014,3,3,True,LH (Low surrounded by High)
149,0.5442723115270558,0.041,1,1,True,HH (Hot Spot)
150,3.0756571903576693,0.001,3,3,True,LH (Low surrounded by High)
151,0.540160622889915,0.022,3,3,True,LH (Low surrounded by High)
152,0.06283668059759341,0.426,3,0,False,No Significativo
153,0.5676144743145771,0.011,3,3,True,LH (Low surrounded by High)
154,0.24518977873255632,0.074,1,0,False,No Significativo
155,0.12874598703846665,0.199,1,0,False,No Significativo
156,0.45255919708499276,0.033,3,3,True,LH (Low surrounded by High)
157,2.7587988973598594,0.001,3,3,True,LH (Low surrounded by High)
158,0.17236577375482048,0.085,1,0,False,No Significativo
159,0.005906244528663644,0.413,1,0,False,No Significativo
160,0.36134095675250566,0.068,1,0,False,No Significativo
161,0.16515923925820178,0.293,1,0,False,No Significativo
162,0.33912732088210584,0.032,3,3,True,LH (Low surrounded by High)
163,0.47297876821491447,0.042,1,1,True,HH (Hot Spot)
164,0.18008895757715662,0.221,3,0,False,No Significativo
165,0.22250844825263077,0.144,3,0,False,No Significativo
166,0.0022540715620841716,0.494,3,0,False,No Significativo
167,1.9216431039126713,0.001,1,1,True,HH (Hot Spot)
168,0.16136743931912556,0.205,1,0,False,No Significativo
169,0.8147195310185955,0.056,3,0,False,No Significativo
170,0.790001705209494,0.011,1,1,True,HH (Hot Spot)
171,0.6403057737785184,0.017,1,1,True,HH (Hot Spot)
172,0.25094278313313934,0.085,1,0,False,No Significativo
173,-0.1854308984694877,0.19,2,0,False,No Significativo
174,0.9015138144067497,0.003,1,1,True,HH (Hot Spot)
175,4.157783207584744,0.001,3,3,True,LH (Low surrounded by High)
176,0.001747700582193824,0.499,3,0,False,No Significativo
177,0.11303907036049178,0.12,1,0,False,No Significativo
178,0.3119888260036507,0.03,1,1,True,HH (Hot Spot)
179,0.45003766842707793,0.004,1,1,True,HH (Hot Spot)
180,0.08744347477836337,0.27,1,0,False,No Significativo
181,0.41616021333955144,0.081,1,0,False,No Significativo
182,2.4785604704896658,0.001,3,3,True,LH (Low surrounded by High)
183,2.5928487749209324,0.001,1,1,True,HH (Hot Spot)
184,0.14666151205607988,0.236,1,0,False,No Significativo
185,-0.02893749689858068,0.433,4,0,False,No Significativo
186,0.10968407246184476,0.139,1,0,False,No Significativo
187,-0.019349580809476453,0.157,4,0,False,No Significativo
188,1.540583050860224,0.008,1,1,True,HH (Hot Spot)
189,0.4563115676377301,0.039,1,1,True,HH (Hot Spot)
190,0.455330672559382,0.039,1,1,True,HH (Hot Spot)
191,0.7813147800212791,0.008,1,1,True,HH (Hot Spot)
192,0.29390309164749356,0.071,1,0,False,No Significativo
193,-0.02002340571857665,0.251,4,0,False,No Significativo
194,0.3439701865591438,0.074,1,0,False,No Significativo
195,1.1599852788167697,0.014,3,3,True,LH (Low surrounded by High)
196,0.024179795997732557,0.39,1,0,False,No Significativo
197,0.9695695080562449,0.011,1,1,True,HH (Hot Spot)
198,0.691948449870593,0.051,3,0,False,No Significativo
199,2.131904164947233,0.002,1,1,True,HH (Hot Spot)
200,1.4143308861678485,0.016,3,3,True,LH (Low surrounded by High)
201,0.2622760258561866,0.061,1,0,False,No Significativo
202,1.011269216992027,0.004,1,1,True,HH (Hot Spot)
203,0.3646870908732181,0.179,3,0,False,No Significativo
204,0.546605813630677,0.137,3,0,False,No Significativo
205,0.8263940790223069,0.012,1,1,True,HH (Hot Spot)
206,0.35237789100922556,0.121,1,0,False,No Significativo
207,0.2060226162456812,0.061,1,0,False,No Significativo
208,0.6638543604036518,0.04,3,3,True,LH (Low surrounded by High)
209,0.9827134521986145,0.002,1,1,True,HH (Hot Spot)
210,0.07179181242193813,0.28,3,0,False,No Significativo
211,1.6031147163167587,0.011,3,3,True,LH (Low surrounded by High)
212,0.07436342190391575,0.206,1,0,False,No Significativo
213,0.7181949762022987,0.046,3,3,True,LH (Low surrounded by High)
214,0.2138162305514502,0.088,3,0,False,No Significativo
215,0.31092102261713783,0.063,1,0,False,No Significativo
216,0.8391599726248742,0.007,3,3,True,LH (Low surrounded by High)
217,1.1218361846506881,0.138,3,0,False,No Significativo
218,1.958439851824474,0.003,3,3,True,LH (Low surrounded by High)
219,0.746285197029441,0.016,3,3,True,LH (Low surrounded by High)
220,0.4262098884621648,0.102,3,0,False,No Significativo
221,-0.019681636603895717,0.367,4,0,False,No Significativo
222,-0.006458833198232165,0.463,4,0,False,No Significativo
223,0.9345866313876567,0.005,1,1,True,HH (Hot Spot)
224,0.12568120078529618,0.07,3,0,False,No Significativo
225,-0.08477904791951094,0.129,4,0,False,No Significativo
226,-0.08390837640519917,0.348,4,0,False,No Significativo
227,-0.026822509068961567,0.184,2,0,False,No Significativo
228,0.8116620834955666,0.003,1,1,True,HH (Hot Spot)
229,3.2139680689898795,0.001,1,1,True,HH (Hot Spot)
230,0.03632776292078686,0.21,1,0,False,No Significativo
231,-0.013252741445369273,0.388,4,0,False,No Significativo
232,0.24089088645473802,0.056,1,0,False,No Significativo
233,0.19344059007464634,0.204,1,0,False,No Significativo
234,3.3685481074415593,0.001,3,3,True,LH (Low surrounded by High)
235,0.28292637608267307,0.04,1,1,True,HH (Hot Spot)
236,0.19164321073722432,0.134,3,0,False,No Significativo
237,0.03180186069552482,0.178,1,0,False,No Significativo
238,0.15341856887385527,0.158,3,0,False,No Significativo
239,1.602128995166283,0.002,3,3,True,LH (Low surrounded by High)
240,0.6458803582704796,0.079,1,0,False,No Significativo
241,0.2593064652826904,0.115,1,0,False,No Significativo
242,0.07618691120508772,0.31,3,0,False,No Significativo
243,2.741900767698325,0.001,3,3,True,LH (Low surrounded by High)
244,2.2374436790626473,0.01,3,3,True,LH (Low surrounded by High)
245,2.047149213277007,0.003,1,1,True,HH (Hot Spot)
246,-0.02998733574515639,0.181,2,0,False,No Significativo
247,-0.012543904842468237,0.467,2,0,False,No Significativo
248,1.0395737535597414,0.004,3,3,True,LH (Low surrounded by High)
249,0.04810538201612714,0.169,3,0,False,No Significativo
250,0.13510532111973736,0.287,1,0,False,No Significativo
251,0.07861387724168635,0.247,3,0,False,No Significativo
252,-0.11424886487931836,0.126,4,0,False,No Significativo
253,1.0404584189706347,0.005,1,1,True,HH (Hot Spot)
254,0.7350243757528445,0.007,1,1,True,HH (Hot Spot)
255,1.1552011068436117,0.003,1,1,True,HH (Hot Spot)
256,0.31258940296473015,0.083,1,0,False,No Significativo
257,0.6809768830759487,0.068,1,0,False,No Significativo
258,0.08729028829710722,0.318,3,0,False,No Significativo
259,0.7893500214564064,0.042,3,3,True,LH (Low surrounded by High)
260,0.21662466912045847,0.14,3,0,False,No Significativo
261,1.1053391990012185,0.011,1,1,True,HH (Hot Spot)
262,1.454704489692977,0.003,1,1,True,HH (Hot Spot)
263,-0.12944791235826833,0.091,2,0,False,No Significativo
264,-0.009787453761222184,0.266,4,0,False,No Significativo
265,0.544260595185026,0.091,1,0,False,No Significativo
266,0.289062121114349,0.095,1,0,False,No Significativo
267,0.3022226294189119,0.123,1,0,False,No Significativo
268,-0.07474636209976551,0.314,2,0,False,No Significativo
269,1.983913831032862,0.003,1,1,True,HH (Hot Spot)
270,2.4505674973766918,0.001,3,3,True,LH (Low surrounded by High)
271,0.9730753128701346,0.023,3,3,True,LH (Low surrounded by High)
272,0.40715414720611104,0.205,1,0,False,No Significativo
273,0.020388106249568556,0.458,3,0,False,No Significativo
274,0.08129586325643558,0.379,1,0,False,No Significativo
275,0.7711219365380043,0.004,1,1,True,HH (Hot Spot)
276,0.6845048067471178,0.059,1,0,False,No Significativo
277,0.38823880228115926,0.068,3,0,False,No Significativo
278,1.0620198904377816,0.042,3,3,True,LH (Low surrounded by High)
279,4.126424033637477,0.001,1,1,True,HH (Hot Spot)
280,0.29438230914302727,0.162,3,0,False,No Significativo
281,0.3860697774188752,0.172,1,0,False,No Significativo
282,-0.25375284400490955,0.008,2,2,True,LL (Cold Spot)
283,0.23836896611486136,0.035,3,3,True,LH (Low surrounded by High)
284,0.019277219531517484,0.399,1,0,False,No Significativo
285,0.349882433271073,0.075,1,0,False,No Significativo
286,0.06263128288991845,0.389,1,0,False,No Significativo
287,0.1349879138805329,0.225,1,0,False,No Significativo
288,0.49382397940027595,0.069,1,0,False,No Significativo
289,1.957111670295955,0.002,1,1,True,HH (Hot Spot)
290,1.4388621572770157,0.009,1,1,True,HH (Hot Spot)
291,0.9857914957701206,0.015,3,3,True,LH (Low surrounded by High)
292,1.8511137583643282,0.002,3,3,True,LH (Low surrounded by High)
293,-0.5830763754246017,0.038,2,2,True,LL (Cold Spot)
294,0.21039992698765525,0.154,1,0,False,No Significativo
295,0.8225837622760933,0.002,1,1,True,HH (Hot Spot)
296,-0.1070130676331582,0.44,2,0,False,No Significativo
297,2.077941460720722,0.001,3,3,True,LH (Low surrounded by High)
298,-0.0007189634188201808,0.496,2,0,False,No Significativo
299,0.16336221998821676,0.103,3,0,False,No Significativo
300,-0.0015169144873651448,0.488,4,0,False,No Significativo
301,0.3572939560127703,0.041,1,1,True,HH (Hot Spot)
302,0.12926929663885778,0.381,3,0,False,No Significativo
303,0.4132346964492641,0.04,1,1,True,HH (Hot Spot)
304,0.8310280231699616,0.037,3,3,True,LH (Low surrounded by High)
305,1.9228129149047744,0.002,1,1,True,HH (Hot Spot)
306,0.20931502791220252,0.15,1,0,False,No Significativo
307,2.5620441896974424,0.001,3,3,True,LH (Low surrounded by High)
308,0.40458502673102553,0.007,3,3,True,LH (Low surrounded by High)
309,0.5378113179507223,0.045,1,1,True,HH (Hot Spot)
310,0.6569256334863288,0.005,1,1,True,HH (Hot Spot)
311,0.4408483775565318,0.019,1,1,True,HH (Hot Spot)
312,-0.12633329708836555,0.191,2,0,False,No Significativo
313,2.160814919393083,0.001,3,3,True,LH (Low surrounded by High)
314,0.3639381107117991,0.039,1,1,True,HH (Hot Spot)
315,0.05395810890061647,0.384,1,0,False,No Significativo
316,-0.00255008095210111,0.485,2,0,False,No Significativo
317,2.060421216806581,0.003,1,1,True,HH (Hot Spot)
318,0.17389882029884413,0.163,1,0,False,No Significativo
319,2.2732066616191493,0.001,3,3,True,LH (Low surrounded by High)
320,0.2454053228736142,0.122,1,0,False,No Significativo
321,0.021153300431789698,0.453,1,0,False,No Significativo
322,0.8064984291294471,0.022,1,1,True,HH (Hot Spot)
323,0.1629508516350346,0.196,3,0,False,No Significativo
324,0.1130601672514828,0.038,3,3,True,LH (Low surrounded by High)
325,0.4869267670636393,0.052,3,0,False,No Significativo
326,0.5702136370860288,0.052,3,0,False,No Significativo
327,1.9276810810626495,0.012,3,3,True,LH (Low surrounded by High)
328,0.1910739688036671,0.052,3,0,False,No Significativo
329,-0.008878893048480633,0.113,2,0,False,No Significativo
330,0.771840552223106,0.033,1,1,True,HH (Hot Spot)
331,0.23132974198011308,0.046,1,1,True,HH (Hot Spot)
332,1.0579283925331842,0.009,3,3,True,LH (Low surrounded by High)
333,0.1273904547532089,0.152,1,0,False,No Significativo
334,0.1688891148774794,0.163,1,0,False,No Significativo
335,1.4835473187297383,0.003,1,1,True,HH (Hot Spot)
336,1.5245324303220593,0.007,1,1,True,HH (Hot Spot)
337,6.3385291863369355,0.001,1,1,True,HH (Hot Spot)
338,-0.049619183630106194,0.188,2,0,False,No Significativo
339,0.3175137658605864,0.116,3,0,False,No Significativo
340,-0.06869226931125146,0.388,2,0,False,No Significativo
341,1.1431984678888167,0.002,1,1,True,HH (Hot Spot)
342,0.9536352347745711,0.008,1,1,True,HH (Hot Spot)
343,1.927166533364283,0.003,3,3,True,LH (Low surrounded by High)
344,1.207486963487133,0.022,1,1,True,HH (Hot Spot)
345,0.01960665757902297,0.346,1,0,False,No Significativo
346,1.3430500490255415,0.002,1,1,True,HH (Hot Spot)
347,0.02936988336024767,0.464,1,0,False,No Significativo
348,3.097302265738982,0.001,3,3,True,LH (Low surrounded by High)
349,3.907511420392282,0.001,3,3,True,LH (Low surrounded by High)
350,1.0916113186857657,0.018,3,3,True,LH (Low surrounded by High)
351,0.02830251666014695,0.099,3,0,False,No Significativo
352,-0.020200323599062913,0.252,4,0,False,No Significativo
353,0.7470024880533487,0.003,1,1,True,HH (Hot Spot)
354,0.7861084731562904,0.053,3,0,False,No Significativo
355,-0.003558532392549907,0.402,4,0,False,No Significativo
356,0.09126188658821405,0.231,1,0,False,No Significativo
357,1.905676573773266,0.005,3,3,True,LH (Low surrounded by High)
358,0.24998065494589197,0.087,3,0,False,No Significativo
359,-0.017698723909358175,0.365,2,0,False,No Significativo
360,2.3034871699011004,0.003,3,3,True,LH (Low surrounded by High)
361,2.4300625957683435,0.001,3,3,True,LH (Low surrounded by High)
362,2.9240994252670065,0.001,3,3,True,LH (Low surrounded by High)
363,0.6121788058055685,0.049,3,3,True,LH (Low surrounded by High)
364,2.306980517512814,0.001,3,3,True,LH (Low surrounded by High)
365,0.8928208099348662,0.091,3,0,False,No Significativo
366,1.0411569453326048,0.002,1,1,True,HH (Hot Spot)
367,0.9105910878996267,0.012,1,1,True,HH (Hot Spot)
368,1.890958867371602,0.003,3,3,True,LH (Low surrounded by High)
369,0.9285016997319526,0.02,1,1,True,HH (Hot Spot)
370,-0.14192645255670422,0.296,4,0,False,No Significativo
371,0.7697350758928708,0.029,1,1,True,HH (Hot Spot)
372,0.7621911795983212,0.007,3,3,True,LH (Low surrounded by High)
373,0.4207342796526984,0.009,1,1,True,HH (Hot Spot)
374,0.19380323043369413,0.009,1,1,True,HH (Hot Spot)
375,3.7341847533715224,0.001,3,3,True,LH (Low surrounded by High)
376,0.9148703007603011,0.01,3,3,True,LH (Low surrounded by High)
377,0.8669495902379033,0.056,3,0,False,No Significativo
378,0.7824098906497241,0.012,1,1,True,HH (Hot Spot)
379,0.11262843687077713,0.068,1,0,False,No Significativo
380,0.13357666004461824,0.323,1,0,False,No Significativo
381,1.5386264019851086,0.003,3,3,True,LH (Low surrounded by High)
382,0.9549304324576424,0.01,3,3,True,LH (Low surrounded by High)
383,0.7145056676184545,0.014,1,1,True,HH (Hot Spot)
384,-0.017711309208726864,0.16,2,0,False,No Significativo
385,0.03454356823791683,0.278,1,0,False,No Significativo
386,0.010059350864446433,0.446,1,0,False,No Significativo
387,0.8941942168792428,0.018,3,3,True,LH (Low surrounded by High)
388,0.11381485797663012,0.086,1,0,False,No Significativo
389,0.9057665301865326,0.072,3,0,False,No Significativo
390,0.2652690847605127,0.178,3,0,False,No Significativo
391,0.11609820443034996,0.331,3,0,False,No Significativo
392,0.4088394312901751,0.01,1,1,True,HH (Hot Spot)
393,0.17061371012848617,0.134,3,0,False,No Significativo
394,0.7012529486907966,0.03,1,1,True,HH (Hot Spot)
395,1.1255832879837653,0.009,3,3,True,LH (Low surrounded by High)
396,0.9527115042837564,0.003,1,1,True,HH (Hot Spot)
397,1.555741854408782,0.003,1,1,True,HH (Hot Spot)
398,0.0192306556549628,0.331,1,0,False,No Significativo
399,1.8155242071164852,0.003,1,1,True,HH (Hot Spot)
400,3.4678851552573615,0.001,1,1,True,HH (Hot Spot)
401,-0.010417458307363073,0.459,2,0,False,No Significativo
402,0.09656338683542055,0.296,1,0,False,No Significativo
403,0.034543368425547005,0.404,1,0,False,No Significativo
404,0.5596916616761879,0.018,1,1,True,HH (Hot Spot)
405,1.7529534498955588,0.002,3,3,True,LH (Low surrounded by High)
406,1.1190756259346275,0.003,1,1,True,HH (Hot Spot)
407,0.485095062580416,0.111,1,0,False,No Significativo
408,-0.0031862560980879763,0.292,2,0,False,No Significativo
409,0.6717331870620877,0.04,1,1,True,HH (Hot Spot)
410,2.4391799238822593,0.001,3,3,True,LH (Low surrounded by High)
411,1.5957984928887776,0.002,1,1,True,HH (Hot Spot)
412,0.049219266792842345,0.402,1,0,False,No Significativo
413,0.2598911386716294,0.211,1,0,False,No Significativo
414,0.02990655062938869,0.35,1,0,False,No Significativo
415,0.08269176874659562,0.104,3,0,False,No Significativo
416,0.20105962491837,0.045,1,1,True,HH (Hot Spot)
417,0.025643453202974377,0.203,1,0,False,No Significativo
418,0.18496378144490735,0.177,1,0,False,No Significativo
419,0.3514789718673781,0.218,1,0,False,No Significativo
420,0.8147343814762946,0.014,1,1,True,HH (Hot Spot)
421,0.6487127485803504,0.017,3,3,True,LH (Low surrounded by High)
422,0.08587291673761874,0.184,1,0,False,No Significativo
423,0.05483437085949212,0.352,1,0,False,No Significativo
424,0.08225124047784312,0.059,3,0,False,No Significativo
425,1.6365945958283477,0.002,1,1,True,HH (Hot Spot)
426,1.624837144799787,0.007,3,3,True,LH (Low surrounded by High)
427,1.0249616953407892,0.003,1,1,True,HH (Hot Spot)
428,0.7311988467644617,0.062,1,0,False,No Significativo
429,0.053272388878451774,0.033,1,1,True,HH (Hot Spot)
430,0.20547826081875256,0.115,3,0,False,No Significativo
431,0.598596909504426,0.014,1,1,True,HH (Hot Spot)
432,0.21223198050736447,0.116,1,0,False,No Significativo
433,0.4354441664509747,0.024,1,1,True,HH (Hot Spot)
434,0.9372811180492411,0.078,3,0,False,No Significativo
435,4.457556985224493,0.001,3,3,True,LH (Low surrounded by High)
436,2.0717651291205295,0.001,1,1,True,HH (Hot Spot)
437,0.015048468422160564,0.423,3,0,False,No Significativo
438,0.15245242000044548,0.33,3,0,False,No Significativo
439,-0.2714591096171829,0.062,4,0,False,No Significativo
440,0.8939062036724779,0.085,1,0,False,No Significativo
441,0.6941480470158571,0.048,3,3,True,LH (Low surrounded by High)
442,0.338782995730208,0.184,3,0,False,No Significativo
443,0.15703146866280288,0.097,3,0,False,No Significativo
444,1.5490671014905537,0.003,1,1,True,HH (Hot Spot)
445,0.6863916266724581,0.056,3,0,False,No Significativo
446,0.20579677411414593,0.231,3,0,False,No Significativo
447,0.7806921609925779,0.028,3,3,True,LH (Low surrounded by High)
448,1.7144634114662702,0.02,3,3,True,LH (Low surrounded by High)
449,-0.012725583527800052,0.139,4,0,False,No Significativo
450,0.590537316033744,0.167,1,0,False,No Significativo
451,0.5200082738299647,0.027,1,1,True,HH (Hot Spot)
452,0.031206980258083286,0.04,1,1,True,HH (Hot Spot)
453,1.9648327509257604,0.002,1,1,True,HH (Hot Spot)
454,0.22411740015932435,0.167,3,0,False,No Significativo
455,0.5365815459254709,0.012,1,1,True,HH (Hot Spot)
456,0.30572019253750926,0.1,3,0,False,No Significativo
457,0.3621236998069023,0.104,1,0,False,No Significativo
458,0.7179419584232987,0.003,1,1,True,HH (Hot Spot)
459,1.8532785723979301,0.001,1,1,True,HH (Hot Spot)
460,0.4263706454208686,0.1,3,0,False,No Significativo
461,1.6572100424429625,0.003,1,1,True,HH (Hot Spot)
462,1.6463649603885624,0.001,3,3,True,LH (Low surrounded by High)
463,0.15008462076768417,0.086,1,0,False,No Significativo
464,0.23055526594119677,0.183,1,0,False,No Significativo
465,0.05018181624620429,0.267,1,0,False,No Significativo
466,1.3463570027508966,0.004,3,3,True,LH (Low surrounded by High)
467,0.0010266801060632021,0.469,1,0,False,No Significativo
468,0.3600077061921462,0.024,1,1,True,HH (Hot Spot)
469,0.08981518074511173,0.278,3,0,False,No Significativo
470,0.881695282878106,0.036,3,3,True,LH (Low surrounded by High)
471,0.8709963212597703,0.002,1,1,True,HH (Hot Spot)
472,1.1335288742621923,0.007,3,3,True,LH (Low surrounded by High)
473,0.29209530519850385,0.05,3,0,False,No Significativo
474,0.28932433370676064,0.08,1,0,False,No Significativo
475,-0.02219496877313276,0.478,4,0,False,No Significativo
476,0.005231703952300052,0.457,3,0,False,No Significativo
477,0.8141965071026892,0.006,1,1,True,HH (Hot Spot)
478,3.140711361021637,0.001,1,1,True,HH (Hot Spot)
479,0.8913080629344985,0.017,1,1,True,HH (Hot Spot)
480,0.44764772811656867,0.062,1,0,False,No Significativo
481,0.7940619502533476,0.005,1,1,True,HH (Hot Spot)
482,0.002412710986603479,0.489,3,0,False,No Significativo
483,0.7227213558384553,0.029,3,3,True,LH (Low surrounded by High)
484,0.2722981538974052,0.148,3,0,False,No Significativo
485,0.32622508986739845,0.024,1,1,True,HH (Hot Spot)
486,0.8825271717550556,0.003,1,1,True,HH (Hot Spot)
487,0.3556807717877478,0.026,1,1,True,HH (Hot Spot)
488,0.10834518286820705,0.072,3,0,False,No Significativo
489,0.6749093320660104,0.006,1,1,True,HH (Hot Spot)
490,0.10334481225736114,0.343,1,0,False,No Significativo
491,0.12389721066109742,0.19,1,0,False,No Significativo
492,0.7719901422650715,0.029,3,3,True,LH (Low surrounded by High)
493,1.6639604297462782,0.002,1,1,True,HH (Hot Spot)
494,1.7183152247070017,0.031,3,3,True,LH (Low surrounded by High)
495,1.9903573463700817,0.001,3,3,True,LH (Low surrounded by High)
496,0.15680406839056416,0.196,3,0,False,No Significativo
497,1.3185782200739724,0.018,3,3,True,LH (Low surrounded by High)
498,0.1927774850944881,0.256,1,0,False,No Significativo
499,-0.06419220053285277,0.409,4,0,False,No Significativo
500,0.013509577607281066,0.327,3,0,False,No Significativo
501,0.8574641003600327,0.003,1,1,True,HH (Hot Spot)
502,1.2903607222698052,0.006,1,1,True,HH (Hot Spot)
503,1.6981959026832685,0.002,1,1,True,HH (Hot Spot)
504,-0.03135798001971776,0.353,4,0,False,No Significativo
505,0.752801261935127,0.003,1,1,True,HH (Hot Spot)
506,0.6955294499316095,0.018,3,3,True,LH (Low surrounded by High)
507,0.03203897073275098,0.305,3,0,False,No Significativo
508,0.2850511366589576,0.279,1,0,False,No Significativo
509,1.5352128461869654,0.002,1,1,True,HH (Hot Spot)
510,0.033347726129596085,0.331,1,0,False,No Significativo
511,0.01552384994294012,0.418,3,0,False,No Significativo
512,0.6650374906141218,0.025,1,1,True,HH (Hot Spot)
513,0.4164548678479447,0.168,3,0,False,No Significativo
514,0.04630928094210695,0.266,3,0,False,No Significativo
515,0.00026294052669121487,0.494,3,0,False,No Significativo
516,0.048586197370862255,0.171,1,0,False,No Significativo
517,1.6457236479465527,0.002,1,1,True,HH (Hot Spot)
518,0.6887426768991504,0.07,3,0,False,No Significativo
519,1.4395574622275846,0.004,3,3,True,LH (Low surrounded by High)
520,-0.13021471538472412,0.079,2,0,False,No Significativo
521,0.16696168097080144,0.017,1,1,True,HH (Hot Spot)
522,3.1330871284699437,0.001,3,3,True,LH (Low surrounded by High)
523,0.5171317559886904,0.115,3,0,False,No Significativo
524,0.5215593387905789,0.097,3,0,False,No Significativo
525,0.7887172849858932,0.036,3,3,True,LH (Low surrounded by High)
526,1.2821198262098206,0.021,3,3,True,LH (Low surrounded by High)
527,0.2939668001862668,0.214,3,0,False,No Significativo
528,-0.7238961023891007,0.08,2,0,False,No Significativo
529,0.8612919154380784,0.008,1,1,True,HH (Hot Spot)
530,-0.1612078618649067,0.213,4,0,False,No Significativo
531,0.9642104607716152,0.058,3,0,False,No Significativo
532,0.15882271961548794,0.042,1,1,True,HH (Hot Spot)
533,0.22728536059574797,0.114,1,0,False,No Significativo
534,2.506231067745486,0.001,3,3,True,LH (Low surrounded by High)
535,0.620510534271503,0.082,3,0,False,No Significativo
536,0.3982203674920724,0.02,1,1,True,HH (Hot Spot)
537,1.504228070391144,0.002,1,1,True,HH (Hot Spot)
538,0.4385603071803451,0.058,1,0,False,No Significativo
539,-0.006846442548866967,0.463,2,0,False,No Significativo
540,2.7107373576272606,0.001,3,3,True,LH (Low surrounded by High)
541,0.8637745884597097,0.006,1,1,True,HH (Hot Spot)
542,0.0033589372947726037,0.252,3,0,False,No Significativo
543,-0.013577784094915791,0.329,2,0,False,No Significativo
544,0.900127277713071,0.012,1,1,True,HH (Hot Spot)
545,0.23182990909656734,0.167,1,0,False,No Significativo
546,1.4763233300115275,0.007,3,3,True,LH (Low surrounded by High)
547,0.13272067041790916,0.281,3,0,False,No Significativo
548,0.3487593852990225,0.089,1,0,False,No Significativo
549,0.25163038033353,0.141,3,0,False,No Significativo
550,1.9385707559225906,0.003,1,1,True,HH (Hot Spot)
551,-0.04424264814038757,0.395,4,0,False,No Significativo
552,0.5610407776508669,0.078,3,0,False,No Significativo
553,0.16175047704719153,0.171,3,0,False,No Significativo
554,0.724510962345852,0.046,3,3,True,LH (Low surrounded by High)
555,0.8950307675995023,0.019,3,3,True,LH (Low surrounded by High)
556,0.45646381091911475,0.038,3,3,True,LH (Low surrounded by High)
557,1.1391557979813756,0.01,3,3,True,LH (Low surrounded by High)
558,0.7069206450253755,0.006,1,1,True,HH (Hot Spot)
559,1.009311566311816,0.005,1,1,True,HH (Hot Spot)
560,0.768760504935327,0.025,1,1,True,HH (Hot Spot)
561,1.4547852090460835,0.003,1,1,True,HH (Hot Spot)
562,2.5605316371888254,0.001,3,3,True,LH (Low surrounded by High)
563,0.04237545758904901,0.287,1,0,False,No Significativo
564,0.7550553308290285,0.002,1,1,True,HH (Hot Spot)
565,0.6438703226051945,0.08,1,0,False,No Significativo
566,5.810660463288604,0.001,1,1,True,HH (Hot Spot)
567,-0.049739257683999935,0.328,2,0,False,No Significativo
568,1.7410131355962322,0.001,3,3,True,LH (Low surrounded by High)
569,0.338655675377951,0.127,3,0,False,No Significativo
570,0.5550767717227199,0.003,1,1,True,HH (Hot Spot)
571,0.39199019914092925,0.039,1,1,True,HH (Hot Spot)
572,0.6803534490119388,0.047,3,3,True,LH (Low surrounded by High)
573,0.9864683693230571,0.017,1,1,True,HH (Hot Spot)
574,0.3990875198750518,0.052,1,0,False,No Significativo
575,1.0781855427863525,0.002,1,1,True,HH (Hot Spot)
576,0.16265780020873363,0.225,3,0,False,No Significativo
577,2.24991687962811,0.001,3,3,True,LH (Low surrounded by High)
578,0.1894899863138092,0.222,1,0,False,No Significativo
579,0.10493417095013147,0.339,3,0,False,No Significativo
580,0.018995334077998006,0.44,3,0,False,No Significativo
581,-0.0043404328900365705,0.449,4,0,False,No Significativo
582,2.229475692081087,0.001,1,1,True,HH (Hot Spot)
583,0.00995479445708151,0.359,3,0,False,No Significativo
584,0.8243761580035303,0.01,3,3,True,LH (Low surrounded by High)
585,0.988642882333584,0.008,3,3,True,LH (Low surrounded by High)
586,0.018071805045529986,0.469,1,0,False,No Significativo
587,0.8649940448649726,0.01,3,3,True,LH (Low surrounded by High)
588,3.038033402512464,0.001,3,3,True,LH (Low surrounded by High)
589,3.0854538665409614,0.001,3,3,True,LH (Low surrounded by High)
590,0.0506387237738326,0.01,3,3,True,LH (Low surrounded by High)
591,3.1671215492720175,0.001,3,3,True,LH (Low surrounded by High)
592,0.5151066255132828,0.215,3,0,False,No Significativo
593,1.3604502983291216,0.003,1,1,True,HH (Hot Spot)
594,0.38207907352182324,0.228,1,0,False,No Significativo
595,2.5910848529578794,0.001,3,3,True,LH (Low surrounded by High)
596,0.4415211160005461,0.028,3,3,True,LH (Low surrounded by High)
597,0.9464438598647007,0.003,1,1,True,HH (Hot Spot)
598,0.007992760467539307,0.04,1,1,True,HH (Hot Spot)
599,0.9292459308682554,0.046,1,1,True,HH (Hot Spot)
600,0.04408835538959589,0.286,3,0,False,No Significativo
601,1.0317642961989415,0.023,3,3,True,LH (Low surrounded by High)
602,0.2120989351156626,0.088,1,0,False,No Significativo
603,3.604710055393175,0.001,3,3,True,LH (Low surrounded by High)
604,0.18804427489357403,0.145,3,0,False,No Significativo
605,1.2931154931494073,0.006,3,3,True,LH (Low surrounded by High)
606,0.14783982354175362,0.126,1,0,False,No Significativo
607,0.14166386374987178,0.1,1,0,False,No Significativo
608,0.8409352079454571,0.028,1,1,True,HH (Hot Spot)
609,0.9779868489448662,0.01,3,3,True,LH (Low surrounded by High)
610,2.09576694883902,0.002,3,3,True,LH (Low surrounded by High)
611,0.351536114727078,0.12,1,0,False,No Significativo
612,0.12825908053644192,0.21,1,0,False,No Significativo
613,0.0022731585230451826,0.43,1,0,False,No Significativo
614,0.07702341427537372,0.248,1,0,False,No Significativo
615,0.01794439810283046,0.196,1,0,False,No Significativo
616,0.4861349482915888,0.079,3,0,False,No Significativo
617,0.6353450255310004,0.032,1,1,True,HH (Hot Spot)
618,0.09372604118673325,0.394,1,0,False,No Significativo
619,-0.03059625825377252,0.231,4,0,False,No Significativo
620,-0.005910298082700963,0.402,4,0,False,No Significativo
621,0.04292083897869566,0.06,1,0,False,No Significativo
622,1.5380788232792726,0.003,1,1,True,HH (Hot Spot)
623,-0.13066652315183153,0.201,4,0,False,No Significativo
624,0.08651118369780912,0.251,3,0,False,No Significativo
625,0.6152404188312988,0.07,1,0,False,No Significativo
626,1.6150369064808807,0.01,3,3,True,LH (Low surrounded by High)
627,0.4514827654021718,0.011,1,1,True,HH (Hot Spot)
628,1.7477064465825496,0.003,1,1,True,HH (Hot Spot)
629,0.36535361335999905,0.121,3,0,False,No Significativo
630,-0.013163091183354366,0.338,4,0,False,No Significativo
631,1.2395748017708086,0.001,1,1,True,HH (Hot Spot)
632,0.1363031269342766,0.334,3,0,False,No Significativo
633,2.3238643442802864,0.001,3,3,True,LH (Low surrounded by High)
634,3.356841738906783,0.001,1,1,True,HH (Hot Spot)
635,0.7743716234006743,0.011,1,1,True,HH (Hot Spot)
636,0.2263254834069818,0.023,1,1,True,HH (Hot Spot)
637,2.364425400403676,0.003,3,3,True,LH (Low surrounded by High)
638,3.0766007515413363,0.001,3,3,True,LH (Low surrounded by High)
639,0.5322820057473268,0.075,1,0,False,No Significativo
640,0.16230629291624035,0.277,1,0,False,No Significativo
641,0.6426138130595096,0.035,3,3,True,LH (Low surrounded by High)
642,0.10840078154098683,0.098,1,0,False,No Significativo
643,1.4374338811856837,0.002,1,1,True,HH (Hot Spot)
644,-0.9431002698280953,0.065,2,0,False,No Significativo
645,0.08039231859569676,0.15,1,0,False,No Significativo
646,1.0210382307167927,0.02,3,3,True,LH (Low surrounded by High)
647,1.0358094954496542,0.012,1,1,True,HH (Hot Spot)
648,0.05403404382748479,0.35,1,0,False,No Significativo
649,0.22364127779007192,0.252,1,0,False,No Significativo
650,0.10674364602764139,0.164,1,0,False,No Significativo
651,1.26076023201067,0.002,1,1,True,HH (Hot Spot)
652,-0.007518878868067642,0.39,4,0,False,No Significativo
653,1.5639558948894736,0.003,3,3,True,LH (Low surrounded by High)
654,0.2062669625491544,0.117,1,0,False,No Significativo
655,0.016183014494193647,0.451,3,0,False,No Significativo
656,1.7728507060752765,0.002,3,3,True,LH (Low surrounded by High)
657,2.2191937829823645,0.001,3,3,True,LH (Low surrounded by High)
658,2.986601445521007,0.001,1,1,True,HH (Hot Spot)
659,0.37361250004531377,0.05,3,0,False,No Significativo
660,-0.008157493291167417,0.049,2,2,True,LL (Cold Spot)
661,1.9565618952898742,0.001,3,3,True,LH (Low surrounded by High)
662,0.9193190917586752,0.016,1,1,True,HH (Hot Spot)
663,-0.0024241337338222657,0.422,4,0,False,No Significativo
664,0.07051366993543745,0.379,3,0,False,No Significativo
665,-0.02684915995808508,0.064,2,0,False,No Significativo
666,0.09201276926387214,0.051,1,0,False,No Significativo
667,0.3206540467989536,0.199,3,0,False,No Significativo
668,3.1368106804651315,0.001,3,3,True,LH (Low surrounded by High)
669,1.7175086262104993,0.004,1,1,True,HH (Hot Spot)
670,0.008689188472816894,0.275,1,0,False,No Significativo
671,0.15172718044030872,0.146,3,0,False,No Significativo
672,0.569009662412809,0.028,3,3,True,LH (Low surrounded by High)
673,0.017610238653185284,0.338,1,0,False,No Significativo
674,0.1101016408661966,0.289,3,0,False,No Significativo
675,0.5321825831567505,0.071,3,0,False,No Significativo
676,0.11327297069448075,0.06,3,0,False,No Significativo
677,-0.011559505604287274,0.124,2,0,False,No Significativo
678,2.285644750245367,0.001,3,3,True,LH (Low surrounded by High)
679,0.018097326341909154,0.017,3,3,True,LH (Low surrounded by High)
680,0.2862266716405728,0.105,3,0,False,No Significativo
681,1.3773843039903262,0.009,3,3,True,LH (Low surrounded by High)
682,0.8134533175578706,0.02,3,3,True,LH (Low surrounded by High)
683,0.5092991146379725,0.005,1,1,True,HH (Hot Spot)
684,1.620478889095007,0.008,3,3,True,LH (Low surrounded by High)
685,0.43969837893789454,0.115,1,0,False,No Significativo
686,0.19790952598775258,0.085,1,0,False,No Significativo
687,2.1527046760486233,0.002,1,1,True,HH (Hot Spot)
688,2.2580759968801027,0.002,1,1,True,HH (Hot Spot)
689,0.2942076761362606,0.1,3,0,False,No Significativo
690,0.6928499931858981,0.074,1,0,False,No Significativo
691,-0.0135114501873223,0.386,2,0,False,No Significativo
692,1.5326918916530394,0.004,1,1,True,HH (Hot Spot)
693,0.37675010556176847,0.025,1,1,True,HH (Hot Spot)
694,1.4893612301822212,0.004,1,1,True,HH (Hot Spot)
695,-0.007266570985969957,0.235,2,0,False,No Significativo
696,0.13358669359673453,0.156,1,0,False,No Significativo
697,1.4540444250594617,0.014,3,3,True,LH (Low surrounded by High)
698,0.8220606931674344,0.028,1,1,True,HH (Hot Spot)
699,0.05614128154458823,0.197,1,0,False,No Significativo
700,0.06225747173656209,0.267,1,0,False,No Significativo
701,0.5829501131268056,0.036,3,3,True,LH (Low surrounded by High)
702,0.23487801500758937,0.048,1,1,True,HH (Hot Spot)
703,0.0011185209671942095,0.475,3,0,False,No Significativo
704,1.5565166401537367,0.003,3,3,True,LH (Low surrounded by High)
705,0.6925165861509115,0.036,3,3,True,LH (Low surrounded by High)
706,0.20593737953137128,0.05,1,0,False,No Significativo
707,-0.1539234762133503,0.385,4,0,False,No Significativo
708,0.5772524842285044,0.098,3,0,False,No Significativo
709,0.5038734957974716,0.064,1,0,False,No Significativo
710,1.4324979181225548,0.008,3,3,True,LH (Low surrounded by High)
711,0.02655781844855057,0.29,3,0,False,No Significativo
712,0.101812236584395,0.237,1,0,False,No Significativo
713,3.3081235121108543,0.001,1,1,True,HH (Hot Spot)
714,0.5874918306436249,0.009,1,1,True,HH (Hot Spot)
715,0.5808420165991016,0.084,1,0,False,No Significativo
716,0.30063342690693123,0.13,1,0,False,No Significativo
717,-0.10661111868594639,0.242,2,0,False,No Significativo
718,1.1377586042115906,0.006,3,3,True,LH (Low surrounded by High)
719,0.5494561507420647,0.053,3,0,False,No Significativo
720,1.5648233348867817,0.003,1,1,True,HH (Hot Spot)
721,4.4811562305737205,0.001,1,1,True,HH (Hot Spot)
722,0.1874317304359614,0.199,1,0,False,No Significativo
723,0.15964916718475775,0.269,3,0,False,No Significativo
724,0.006769238800628774,0.208,1,0,False,No Significativo
725,0.5236882476810009,0.079,1,0,False,No Significativo
726,0.8782587967076089,0.029,1,1,True,HH (Hot Spot)
727,0.010200300593485128,0.258,1,0,False,No Significativo
728,0.266083389070623,0.125,3,0,False,No Significativo
729,0.5058571103325498,0.099,3,0,False,No Significativo
730,0.6806208147173425,0.009,1,1,True,HH (Hot Spot)
731,2.2830639897914518,0.002,3,3,True,LH (Low surrounded by High)
732,1.3979338224126245,0.015,3,3,True,LH (Low surrounded by High)
733,0.18467323059576038,0.055,3,0,False,No Significativo
734,0.14593264917211066,0.176,1,0,False,No Significativo
735,0.18816377262660489,0.322,3,0,False,No Significativo
736,1.3845137311869518,0.02,3,3,True,LH (Low surrounded by High)
737,2.9017973566674686,0.001,1,1,True,HH (Hot Spot)
738,-0.023528927188791945,0.416,2,0,False,No Significativo
739,1.099203570925859,0.004,1,1,True,HH (Hot Spot)
740,-0.03678943084282889,0.255,4,0,False,No Significativo
741,0.45686875932160376,0.023,3,3,True,LH (Low surrounded by High)
742,0.6357574566372566,0.007,1,1,True,HH (Hot Spot)
743,1.3082591695846038,0.009,3,3,True,LH (Low surrounded by High)
744,-0.0065368240959979736,0.45,4,0,False,No Significativo
745,2.1667047767942575,0.007,1,1,True,HH (Hot Spot)
746,0.3589051077032134,0.069,3,0,False,No Significativo
747,1.358963921881953,0.002,1,1,True,HH (Hot Spot)
748,0.0044615720433546216,0.447,3,0,False,No Significativo
749,0.008871240996472603,0.385,1,0,False,No Significativo
750,0.6361293363105371,0.003,1,1,True,HH (Hot Spot)
751,0.17036887788844812,0.269,3,0,False,No Significativo
752,-0.009453379769894693,0.297,2,0,False,No Significativo
753,-0.006945062893101831,0.295,2,0,False,No Significativo
754,3.9027918878298125,0.001,1,1,True,HH (Hot Spot)
755,1.0966421927554704,0.002,1,1,True,HH (Hot Spot)
756,0.14562682246059389,0.126,1,0,False,No Significativo
757,1.762009071244416,0.004,3,3,True,LH (Low surrounded by High)
758,0.9152118812699293,0.033,3,3,True,LH (Low surrounded by High)
759,-0.02451964232931263,0.447,4,0,False,No Significativo
760,3.86620164329011,0.001,3,3,True,LH (Low surrounded by High)
761,0.24255506209818478,0.15,3,0,False,No Significativo
762,0.22786690440520724,0.073,3,0,False,No Significativo
763,0.5075486386936671,0.006,1,1,True,HH (Hot Spot)
764,0.6534121720796835,0.019,1,1,True,HH (Hot Spot)
765,0.6599319500664625,0.045,3,3,True,LH (Low surrounded by High)
766,-0.03173812757990156,0.189,2,0,False,No Significativo
767,0.827288703625655,0.003,1,1,True,HH (Hot Spot)
768,0.37917761195154814,0.059,3,0,False,No Significativo
769,2.583196524670425,0.001,1,1,True,HH (Hot Spot)
770,2.22785539486585,0.004,3,3,True,LH (Low surrounded by High)
771,0.85578723503574,0.013,1,1,True,HH (Hot Spot)
772,0.16942515957495288,0.135,1,0,False,No Significativo
773,0.5849811684471815,0.137,3,0,False,No Significativo
774,1.0049672857431518,0.011,3,3,True,LH (Low surrounded by High)
775,0.9948392150190323,0.003,1,1,True,HH (Hot Spot)
776,2.9886590377860864,0.002,1,1,True,HH (Hot Spot)
777,0.06681780349497211,0.406,1,0,False,No Significativo
778,0.5021926592818287,0.012,1,1,True,HH (Hot Spot)
779,3.3991682415659934,0.001,3,3,True,LH (Low surrounded by High)
780,1.2672058610268868,0.005,1,1,True,HH (Hot Spot)
781,-0.03753046842932936,0.302,4,0,False,No Significativo
782,0.0011535765024301078,0.41,1,0,False,No Significativo
783,0.08400184885956291,0.322,1,0,False,No Significativo
784,0.43143764600267115,0.079,1,0,False,No Significativo
785,2.361103522799288,0.001,3,3,True,LH (Low surrounded by High)
786,-0.0596018506702153,0.392,4,0,False,No Significativo
787,0.2563896415955449,0.15,3,0,False,No Significativo
788,2.4801160459941762,0.001,1,1,True,HH (Hot Spot)
789,0.333304679102881,0.141,3,0,False,No Significativo
790,-0.04539795559837825,0.436,4,0,False,No Significativo
791,0.9377951929323252,0.027,3,3,True,LH (Low surrounded by High)
792,0.9910112990488831,0.017,3,3,True,LH (Low surrounded by High)
793,0.31519539739425534,0.035,3,3,True,LH (Low surrounded by High)
794,0.08167191062517386,0.07,3,0,False,No Significativo
795,1.5200646397044872,0.016,3,3,True,LH (Low surrounded by High)
796,0.3085853138765955,0.019,1,1,True,HH (Hot Spot)
798,0.9674991044972594,0.008,1,1,True,HH (Hot Spot)
799,2.340562369004915,0.001,1,1,True,HH (Hot Spot)
800,0.023761945158202437,0.03,3,3,True,LH (Low surrounded by High)
801,0.007377955728858753,0.462,3,0,False,No Significativo
802,2.645874616661495,0.001,1,1,True,HH (Hot Spot)
803,0.269639295729551,0.096,1,0,False,No Significativo
804,2.4789817477920644,0.002,1,1,True,HH (Hot Spot)
805,5.359567170748764,0.001,1,1,True,HH (Hot Spot)
806,0.07121007800522502,0.405,1,0,False,No Significativo
807,2.1677285772159074,0.001,3,3,True,LH (Low surrounded by High)
808,0.711516825327924,0.071,3,0,False,No Significativo
809,0.622571021718391,0.003,1,1,True,HH (Hot Spot)
810,-0.00721289108204397,0.437,2,0,False,No Significativo
811,1.047385779364827,0.003,3,3,True,LH (Low surrounded by High)
812,0.0021454260866665925,0.458,1,0,False,No Significativo
813,0.06804089160824384,0.153,3,0,False,No Significativo
814,1.3637172722089506,0.003,1,1,True,HH (Hot Spot)
815,-0.03431968104797053,0.245,2,0,False,No Significativo
816,1.9436720340577736,0.001,3,3,True,LH (Low surrounded by High)
817,0.0710571906759977,0.281,3,0,False,No Significativo
818,3.1414261829203496,0.001,3,3,True,LH (Low surrounded by High)
819,0.08435784423346716,0.357,3,0,False,No Significativo
820,0.004656333713795583,0.431,1,0,False,No Significativo
821,2.0597121507116576,0.002,1,1,True,HH (Hot Spot)
822,1.0923756885718536,0.007,3,3,True,LH (Low surrounded by High)
823,0.014583188000806364,0.373,3,0,False,No Significativo
824,0.021081257649708886,0.408,1,0,False,No Significativo
825,0.14785412508865134,0.035,3,3,True,LH (Low surrounded by High)
826,0.40610084292995907,0.184,3,0,False,No Significativo
827,-0.0228100526998553,0.419,2,0,False,No Significativo
828,0.49486243638800914,0.144,3,0,False,No Significativo
829,1.8015075569623575,0.001,3,3,True,LH (Low surrounded by High)
830,1.1488854083204658,0.018,3,3,True,LH (Low surrounded by High)
831,0.23916711600151497,0.259,1,0,False,No Significativo
832,1.4316307412408782,0.002,1,1,True,HH (Hot Spot)
833,0.9676352399787839,0.005,3,3,True,LH (Low surrounded by High)
834,3.270071290206583,0.001,3,3,True,LH (Low surrounded by High)
835,0.07304713326882671,0.096,1,0,False,No Significativo
836,1.3815122694409312,0.005,3,3,True,LH (Low surrounded by High)
837,0.2987187994930452,0.024,1,1,True,HH (Hot Spot)
838,-0.001443399300324888,0.494,2,0,False,No Significativo
839,1.6496456179177221,0.002,1,1,True,HH (Hot Spot)
840,0.16139810599932428,0.037,1,1,True,HH (Hot Spot)
841,3.986548417301357,0.001,3,3,True,LH (Low surrounded by High)
842,0.8247221718456605,0.009,3,3,True,LH (Low surrounded by High)
843,-0.014543294540694788,0.362,2,0,False,No Significativo
844,1.2226370816217664,0.002,1,1,True,HH (Hot Spot)
845,0.09848785457354285,0.053,1,0,False,No Significativo
846,2.3466878560065827,0.001,3,3,True,LH (Low surrounded by High)
847,0.5552231305360852,0.048,1,1,True,HH (Hot Spot)
848,2.4773378757389213,0.001,3,3,True,LH (Low surrounded by High)
849,1.0842304530431908,0.008,1,1,True,HH (Hot Spot)
850,0.38626804445581625,0.095,1,0,False,No Significativo
851,0.2713311968704312,0.109,1,0,False,No Significativo
852,-0.4349843049771092,0.061,2,0,False,No Significativo
853,0.1309460855501707,0.269,1,0,False,No Significativo
854,0.45386094317034514,0.039,3,3,True,LH (Low surrounded by High)
855,0.13842006288116865,0.222,3,0,False,No Significativo
856,0.37672650998128815,0.051,3,0,False,No Significativo
857,0.0061022055674810755,0.442,3,0,False,No Significativo
858,0.6835159972744209,0.04,1,1,True,HH (Hot Spot)
859,0.4112217071439653,0.097,1,0,False,No Significativo
860,0.016497555270360762,0.04,3,3,True,LH (Low surrounded by High)
861,0.0077877084830158,0.426,3,0,False,No Significativo
862,-0.002874053930994501,0.052,2,0,False,No Significativo
863,1.0176845145675173,0.015,3,3,True,LH (Low surrounded by High)
864,0.38288590090894,0.019,1,1,True,HH (Hot Spot)
865,0.5261410496848379,0.086,1,0,False,No Significativo
866,0.0021683894651605097,0.476,3,0,False,No Significativo
867,-0.05876109463385123,0.378,4,0,False,No Significativo
868,0.5502001177900651,0.07,1,0,False,No Significativo
869,4.544855173224785,0.001,3,3,True,LH (Low surrounded by High)
870,3.568819484896186,0.001,1,1,True,HH (Hot Spot)
871,0.6667534192267357,0.013,1,1,True,HH (Hot Spot)
872,-0.09017676486779727,0.443,2,0,False,No Significativo
873,1.7916977738389952,0.003,3,3,True,LH (Low surrounded by High)
874,2.8285541739332385,0.01,3,3,True,LH (Low surrounded by High)
875,1.3882098824646432,0.003,1,1,True,HH (Hot Spot)
876,0.38054834287095296,0.017,1,1,True,HH (Hot Spot)
877,0.07539130926236175,0.222,1,0,False,No Significativo
878,-0.04639006732594035,0.038,4,4,True,HL (High surrounded by Low)
879,1.5474159834316232,0.003,1,1,True,HH (Hot Spot)
880,1.259867171855904,0.027,3,3,True,LH (Low surrounded by High)
881,1.2188046319608734,0.003,1,1,True,HH (Hot Spot)
882,0.10103114167903049,0.223,3,0,False,No Significativo
883,0.008203714912900893,0.371,1,0,False,No Significativo
884,-0.020419957765533157,0.103,4,0,False,No Significativo
885,0.007134514143184722,0.462,3,0,False,No Significativo
886,-0.04375374687480323,0.39,4,0,False,No Significativo
887,-0.023518708419714516,0.112,2,0,False,No Significativo
888,-0.064813872259541,0.377,4,0,False,No Significativo
889,-0.015627206869192355,0.17,2,0,False,No Significativo
890,0.7273654992451499,0.118,3,0,False,No Significativo
891,0.20764500914030162,0.156,1,0,False,No Significativo
892,-0.15704693701416353,0.308,2,0,False,No Significativo
893,0.5783705597712215,0.065,1,0,False,No Significativo
894,1.9911142288144845,0.015,3,3,True,LH (Low surrounded by High)
895,0.8292018132432103,0.003,1,1,True,HH (Hot Spot)
896,2.6123887415155087,0.001,3,3,True,LH (Low surrounded by High)
897,0.6934694324353946,0.02,1,1,True,HH (Hot Spot)
898,1.4310808990184163,0.003,1,1,True,HH (Hot Spot)
899,2.032644882442195,0.002,3,3,True,LH (Low surrounded by High)
900,0.015562586159714878,0.385,3,0,False,No Significativo
901,0.08753298035904786,0.183,3,0,False,No Significativo
902,0.6697788779537722,0.031,1,1,True,HH (Hot Spot)
903,0.9806969159944023,0.02,1,1,True,HH (Hot Spot)
904,0.04661985585716857,0.166,1,0,False,No Significativo
905,0.17497760711678714,0.015,3,3,True,LH (Low surrounded by High)
906,3.71798160812995,0.002,3,3,True,LH (Low surrounded by High)
907,2.27816510406092,0.002,1,1,True,HH (Hot Spot)
908,0.32952076865242336,0.057,1,0,False,No Significativo
909,-0.0429805972825582,0.387,4,0,False,No Significativo
910,2.1332200983174894,0.002,3,3,True,LH (Low surrounded by High)
911,0.4020642823454997,0.072,3,0,False,No Significativo
912,0.01115285490240857,0.145,1,0,False,No Significativo
913,0.10757086656134773,0.099,3,0,False,No Significativo
914,0.6256279946351008,0.021,1,1,True,HH (Hot Spot)
915,2.553933670244384,0.001,3,3,True,LH (Low surrounded by High)
916,-0.0052393352171916695,0.319,4,0,False,No Significativo
917,1.0719940449466268,0.018,3,3,True,LH (Low surrounded by High)
918,0.11796399985533071,0.056,3,0,False,No Significativo
919,1.5506103462249865,0.01,1,1,True,HH (Hot Spot)
920,-0.10954693510305503,0.304,2,0,False,No Significativo
921,0.46542525288299424,0.083,3,0,False,No Significativo
922,0.42011387320300847,0.044,1,1,True,HH (Hot Spot)
923,0.6552650921615754,0.013,1,1,True,HH (Hot Spot)
924,0.7966101079833716,0.005,1,1,True,HH (Hot Spot)
925,2.190978380947654,0.002,1,1,True,HH (Hot Spot)
926,0.32859637822781407,0.012,1,1,True,HH (Hot Spot)
927,-0.0012493074247678644,0.488,2,0,False,No Significativo
928,1.0628898025421156,0.007,1,1,True,HH (Hot Spot)
929,0.8781078852898727,0.005,1,1,True,HH (Hot Spot)
930,0.5802673657155285,0.009,1,1,True,HH (Hot Spot)
931,2.934463288381294,0.002,1,1,True,HH (Hot Spot)
932,0.8035726067346981,0.027,3,3,True,LH (Low surrounded by High)
933,0.23004250807366683,0.097,1,0,False,No Significativo
934,2.9161858110381536,0.002,3,3,True,LH (Low surrounded by High)
935,0.0840594625981394,0.263,1,0,False,No Significativo
936,-0.025423184727518377,0.398,4,0,False,No Significativo
937,0.0873292070850985,0.297,1,0,False,No Significativo
938,0.0703897424995394,0.288,3,0,False,No Significativo
939,0.9642628484158177,0.012,3,3,True,LH (Low surrounded by High)
940,0.03599389802463164,0.42,3,0,False,No Significativo
941,0.7661266587914382,0.01,3,3,True,LH (Low surrounded by High)
942,1.7013230441326785,0.006,3,3,True,LH (Low surrounded by High)
943,0.04154256902611612,0.11,3,0,False,No Significativo
944,1.3487777192501904,0.003,1,1,True,HH (Hot Spot)
945,0.008362409773893922,0.455,1,0,False,No Significativo
946,0.5775857849852781,0.032,3,3,True,LH (Low surrounded by High)
947,1.0560013856161072,0.032,1,1,True,HH (Hot Spot)
948,-0.15175820189165634,0.124,4,0,False,No Significativo
949,-0.026600078135935314,0.474,2,0,False,No Significativo
950,3.1275718719321146,0.001,1,1,True,HH (Hot Spot)
951,0.17879268320515113,0.208,1,0,False,No Significativo
952,0.9822283937875692,0.015,1,1,True,HH (Hot Spot)
953,0.1554066673784467,0.085,1,0,False,No Significativo
954,-0.04949612145682825,0.298,4,0,False,No Significativo
955,0.3468051840941924,0.03,3,3,True,LH (Low surrounded by High)
956,0.8175528482859015,0.052,1,0,False,No Significativo
957,0.9278151580923024,0.001,1,1,True,HH (Hot Spot)
958,0.35143692739864857,0.005,1,1,True,HH (Hot Spot)
959,0.07204781489199266,0.282,3,0,False,No Significativo
960,0.0691659526001595,0.132,1,0,False,No Significativo
961,0.3280748028521737,0.09,1,0,False,No Significativo
962,0.2407904697873671,0.056,1,0,False,No Significativo
963,0.5291526858841956,0.043,1,1,True,HH (Hot Spot)
964,-0.007547815655535244,0.343,4,0,False,No Significativo
965,0.45598860496138904,0.064,3,0,False,No Significativo
966,2.3357192533799296,0.002,1,1,True,HH (Hot Spot)
967,1.1846158379499057,0.007,3,3,True,LH (Low surrounded by High)
968,2.8967080587299012,0.001,3,3,True,LH (Low surrounded by High)
969,0.850811464077667,0.076,3,0,False,No Significativo
970,0.7821478037619851,0.02,3,3,True,LH (Low surrounded by High)
971,0.3213895598405046,0.097,1,0,False,No Significativo
972,-0.004369403368780427,0.415,4,0,False,No Significativo
973,1.7330307162110627,0.003,3,3,True,LH (Low surrounded by High)
974,0.6028791773674937,0.002,3,3,True,LH (Low surrounded by High)
975,2.408676212948016,0.002,1,1,True,HH (Hot Spot)
976,-0.012608993274144217,0.133,2,0,False,No Significativo
977,2.069861490462221,0.001,1,1,True,HH (Hot Spot)
978,0.3351394742445876,0.111,3,0,False,No Significativo
979,0.6883993461077863,0.079,3,0,False,No Significativo
980,3.9329937002182507,0.001,1,1,True,HH (Hot Spot)
981,0.7175313533252856,0.01,3,3,True,LH (Low surrounded by High)
982,0.03307620075980417,0.367,1,0,False,No Significativo
983,0.09491594679892737,0.295,1,0,False,No Significativo
984,2.2695666748766756,0.003,1,1,True,HH (Hot Spot)
985,-0.024193603474976524,0.486,2,0,False,No Significativo
986,2.421571839309907,0.002,1,1,True,HH (Hot Spot)
987,-7.012704172199205e-05,0.486,2,0,False,No Significativo
988,2.0707313122506927,0.002,1,1,True,HH (Hot Spot)
989,0.12917117671298148,0.31,3,0,False,No Significativo
990,0.29431092494752653,0.058,3,0,False,No Significativo
991,0.19281255150963583,0.132,3,0,False,No Significativo
992,-0.016133185358116378,0.295,2,0,False,No Significativo
993,4.674191731908752,0.001,1,1,True,HH (Hot Spot)
994,2.2047796564337787,0.002,1,1,True,HH (Hot Spot)
995,0.12353867181687773,0.239,1,0,False,No Significativo
996,0.0044126973525581,0.413,3,0,False,No Significativo
997,-0.07035438116275808,0.035,4,4,True,HL (High surrounded by Low)
998,0.8020034283374663,0.073,1,0,False,No Significativo
999,3.222878232162371,0.001,3,3,True,LH (Low surrounded by High)
1000,0.5659750336786677,0.175,3,0,False,No Significativo
1001,0.1293331627414944,0.122,3,0,False,No Significativo
1002,0.9985972653017021,0.003,1,1,True,HH (Hot Spot)
1003,0.027801084648800996,0.173,3,0,False,No Significativo
1004,-0.045797079421181934,0.429,4,0,False,No Significativo
1005,1.8585232255799558,0.005,3,3,True,LH (Low surrounded by High)
1006,1.6246061393611526,0.003,3,3,True,LH (Low surrounded by High)
1007,0.0978569568404189,0.339,3,0,False,No Significativo
1008,0.022927590937267546,0.277,1,0,False,No Significativo
1009,-0.006609596731235099,0.38,4,0,False,No Significativo
1010,1.818314368668903,0.004,1,1,True,HH (Hot Spot)
1011,0.0482720810919058,0.398,3,0,False,No Significativo
1012,1.1147468713138105,0.006,1,1,True,HH (Hot Spot)
1013,-0.034445388774812284,0.346,2,0,False,No Significativo
1014,1.3343050643557643,0.017,3,3,True,LH (Low surrounded by High)
1015,1.9717821761440233,0.003,1,1,True,HH (Hot Spot)
1016,0.4130006137420643,0.065,1,0,False,No Significativo
1017,-0.04406011658387662,0.291,2,0,False,No Significativo
1018,4.1883604662054905,0.001,3,3,True,LH (Low surrounded by High)
1019,1.0149431534374849,0.005,1,1,True,HH (Hot Spot)
1020,0.0027365998046149243,0.263,3,0,False,No Significativo
1021,0.007523850361767173,0.465,1,0,False,No Significativo
1022,3.3049561949961834,0.001,1,1,True,HH (Hot Spot)
1023,0.6865153391987815,0.021,1,1,True,HH (Hot Spot)
1024,1.7794734467883757,0.004,3,3,True,LH (Low surrounded by High)
1025,-0.023950759295999338,0.28,4,0,False,No Significativo
1026,0.024834205448363948,0.355,3,0,False,No Significativo
1027,1.9380963117750072,0.002,1,1,True,HH (Hot Spot)
1028,-0.05044030819818382,0.367,2,0,False,No Significativo
1029,0.3738369594697676,0.041,3,3,True,LH (Low surrounded by High)
1030,0.07144765858459932,0.227,3,0,False,No Significativo
1031,-0.22517719090112767,0.012,4,4,True,HL (High surrounded by Low)
1032,0.33380756796173633,0.046,3,3,True,LH (Low surrounded by High)
1033,0.007724272077792794,0.433,3,0,False,No Significativo
1034,0.8494895802590008,0.024,1,1,True,HH (Hot Spot)
1035,1.8434510599540959,0.002,1,1,True,HH (Hot Spot)
1036,-0.3470051622940798,0.038,2,2,True,LL (Cold Spot)
1037,0.25680961071871156,0.167,1,0,False,No Significativo
1038,1.596152034393757,0.003,3,3,True,LH (Low surrounded by High)
1039,0.0733964791539031,0.227,1,0,False,No Significativo
1040,1.4066771692976598,0.002,1,1,True,HH (Hot Spot)
1041,0.2726592740771034,0.15,1,0,False,No Significativo
1042,4.885743848211265,0.001,1,1,True,HH (Hot Spot)
1043,0.5794396245258218,0.034,1,1,True,HH (Hot Spot)
1044,0.15935077262052938,0.021,1,1,True,HH (Hot Spot)
1045,-0.007840386644327723,0.4,4,0,False,No Significativo
1046,-0.018031197800797854,0.25,4,0,False,No Significativo
1047,1.0354845772839107,0.009,1,1,True,HH (Hot Spot)
1048,2.6516856816747008,0.001,3,3,True,LH (Low surrounded by High)
1049,0.49480549124003187,0.063,3,0,False,No Significativo
1050,0.3057730413596331,0.082,1,0,False,No Significativo
1051,0.03812807484895334,0.332,3,0,False,No Significativo
1052,1.50184509972796,0.003,1,1,True,HH (Hot Spot)
1053,0.13981609060059463,0.123,3,0,False,No Significativo
1054,2.857185117141147,0.001,3,3,True,LH (Low surrounded by High)
1055,3.024424359779265,0.001,3,3,True,LH (Low surrounded by High)
1056,1.6199896240409972,0.004,3,3,True,LH (Low surrounded by High)
1057,1.4712105900688353,0.02,3,3,True,LH (Low surrounded by High)
1058,0.08030355036258856,0.284,3,0,False,No Significativo
1059,0.47509568846002925,0.007,1,1,True,HH (Hot Spot)
1060,-0.0013635973650321272,0.485,4,0,False,No Significativo
1061,0.2841047162752671,0.108,3,0,False,No Significativo
1062,1.40909305008211,0.006,3,3,True,LH (Low surrounded by High)
1063,0.40425522073857095,0.057,3,0,False,No Significativo
1064,0.1640206498900897,0.191,1,0,False,No Significativo
1065,0.07423537463904692,0.259,3,0,False,No Significativo
1066,2.5870964892960386,0.001,3,3,True,LH (Low surrounded by High)
1067,2.9374215308131353,0.001,3,3,True,LH (Low surrounded by High)
1068,4.160277986878281,0.001,3,3,True,LH (Low surrounded by High)
1069,-0.03997186208970582,0.266,2,0,False,No Significativo
1070,2.2219411852678426,0.003,3,3,True,LH (Low surrounded by High)
1071,2.1432427409220076,0.03,3,3,True,LH (Low surrounded by High)
1072,0.9160038501115411,0.033,3,3,True,LH (Low surrounded by High)
1073,0.5808424078358221,0.066,1,0,False,No Significativo
1074,-0.0274406153728441,0.195,4,0,False,No Significativo
1075,0.9970914204323365,0.003,1,1,True,HH (Hot Spot)
1076,0.6024134399194183,0.012,1,1,True,HH (Hot Spot)
1077,0.12898688634728747,0.161,3,0,False,No Significativo
1078,2.4383458206933253,0.006,3,3,True,LH (Low surrounded by High)
1079,-0.028474678375506563,0.235,4,0,False,No Significativo
1080,0.6841059479845831,0.05,1,0,False,No Significativo
1081,2.8090047544328156,0.001,3,3,True,LH (Low surrounded by High)
1082,0.15169964449285203,0.128,1,0,False,No Significativo
1083,1.694881386633788,0.003,3,3,True,LH (Low surrounded by High)
1084,0.09227628637987588,0.348,3,0,False,No Significativo
1085,0.14010218005259023,0.273,1,0,False,No Significativo
1086,0.052785545198531104,0.223,1,0,False,No Significativo
1087,0.17849901040959662,0.223,1,0,False,No Significativo
1088,0.24862831181249023,0.187,1,0,False,No Significativo
1089,0.5017796251223229,0.033,3,3,True,LH (Low surrounded by High)
1090,0.5261361133468353,0.014,1,1,True,HH (Hot Spot)
1091,-0.026034759355746184,0.433,4,0,False,No Significativo
1092,0.1561207078374076,0.036,3,3,True,LH (Low surrounded by High)
1093,-0.10661473880460356,0.363,4,0,False,No Significativo
1094,-0.005489577428450864,0.461,4,0,False,No Significativo
1095,0.06314286542988254,0.271,3,0,False,No Significativo
1096,0.10783850980639677,0.273,1,0,False,No Significativo
1097,0.9721977848180284,0.007,1,1,True,HH (Hot Spot)
1098,1.1463547268481558,0.005,3,3,True,LH (Low surrounded by High)
1099,0.3489097874777531,0.036,1,1,True,HH (Hot Spot)
1100,0.5091367770815887,0.007,1,1,True,HH (Hot Spot)
1101,0.11556957155494868,0.298,3,0,False,No Significativo
1102,0.3014394213790893,0.083,1,0,False,No Significativo
1103,0.5803095185545697,0.059,1,0,False,No Significativo
1104,3.694495328486833,0.001,3,3,True,LH (Low surrounded by High)
1105,3.2978682769119856,0.001,1,1,True,HH (Hot Spot)
1106,1.4318972030146393,0.005,3,3,True,LH (Low surrounded by High)
1107,0.3679655295222385,0.035,1,1,True,HH (Hot Spot)
1108,-0.015652346290845023,0.352,4,0,False,No Significativo
1109,1.7845033903402847,0.001,3,3,True,LH (Low surrounded by High)
1110,3.9883298357219945,0.003,3,3,True,LH (Low surrounded by High)
1111,1.6185565216257496,0.003,1,1,True,HH (Hot Spot)
1112,1.2767929557326931,0.014,1,1,True,HH (Hot Spot)
1113,0.9183240786841622,0.017,3,3,True,LH (Low surrounded by High)
1114,0.8874149962945234,0.009,1,1,True,HH (Hot Spot)
1115,0.05533196008518931,0.091,3,0,False,No Significativo
1116,3.7347477869411914,0.001,1,1,True,HH (Hot Spot)
1117,0.09228947456516,0.268,3,0,False,No Significativo
1118,0.04919711498905441,0.403,1,0,False,No Significativo
1119,0.00871380836958123,0.453,3,0,False,No Significativo
1120,0.15889360349100387,0.303,1,0,False,No Significativo
1121,1.6366837410387445,0.004,1,1,True,HH (Hot Spot)
1122,-0.05680560519708772,0.382,2,0,False,No Significativo
1123,-0.02123436402327019,0.469,2,0,False,No Significativo
1124,-0.05549638088132543,0.059,2,0,False,No Significativo
1125,-0.10502969612609209,0.162,2,0,False,No Significativo
1126,1.272034290240036,0.006,1,1,True,HH (Hot Spot)
1127,2.8715655356085827,0.002,3,3,True,LH (Low surrounded by High)
1128,0.3410501828544139,0.036,1,1,True,HH (Hot Spot)
1129,2.183487103046449,0.002,1,1,True,HH (Hot Spot)
1130,0.4843393293967945,0.092,1,0,False,No Significativo
1131,0.9601793447917616,0.004,1,1,True,HH (Hot Spot)
1133,0.007297503916231158,0.473,3,0,False,No Significativo
1134,0.3163462386718298,0.039,3,3,True,LH (Low surrounded by High)
1135,-0.04045101266380788,0.377,4,0,False,No Significativo
1136,0.1788340485870327,0.102,1,0,False,No Significativo
1137,0.010443441587225334,0.495,1,0,False,No Significativo
1138,0.12273680757740593,0.221,1,0,False,No Significativo
1139,0.3794032690504528,0.03,3,3,True,LH (Low surrounded by High)
1140,2.273165956931842,0.001,3,3,True,LH (Low surrounded by High)
1141,4.201098869339313,0.004,3,3,True,LH (Low surrounded by High)
1142,0.022581849966799843,0.429,3,0,False,No Significativo
1143,-0.19520444500603357,0.154,4,0,False,No Significativo
1144,2.4989674859638114,0.001,3,3,True,LH (Low surrounded by High)
1145,1.5030915432831684,0.006,3,3,True,LH (Low surrounded by High)
1146,0.4461904956837795,0.161,3,0,False,No Significativo
1147,0.017841679689948497,0.191,3,0,False,No Significativo
1148,0.19578667092055427,0.172,3,0,False,No Significativo
1149,-0.0023487451279265046,0.459,2,0,False,No Significativo
1150,2.241033383569712,0.001,3,3,True,LH (Low surrounded by High)
1151,0.06872408662649263,0.035,3,3,True,LH (Low surrounded by High)
1152,0.813803584976964,0.035,3,3,True,LH (Low surrounded by High)
1153,0.24286718731737406,0.097,3,0,False,No Significativo
1154,0.3194969403519233,0.046,3,3,True,LH (Low surrounded by High)
1155,0.03666364875257181,0.102,1,0,False,No Significativo
1156,0.19548392069511442,0.11,1,0,False,No Significativo
1157,-0.0034350489874084766,0.441,2,0,False,No Significativo
1158,0.46897039499196413,0.119,1,0,False,No Significativo
1159,0.045830749119604275,0.268,1,0,False,No Significativo
1160,1.383970393908215,0.003,1,1,True,HH (Hot Spot)
1161,2.411260660730111,0.001,1,1,True,HH (Hot Spot)
1162,0.4049382327299701,0.091,3,0,False,No Significativo
1163,0.48140641185992294,0.039,1,1,True,HH (Hot Spot)
1164,-0.005011425989768516,0.495,2,0,False,No Significativo
1165,0.5886477042630244,0.047,1,1,True,HH (Hot Spot)
1166,0.5465146833219038,0.009,1,1,True,HH (Hot Spot)
1167,2.1181454740919086,0.001,1,1,True,HH (Hot Spot)
1168,0.2031567727365659,0.057,1,0,False,No Significativo
1169,2.2524209589121122,0.017,3,3,True,LH (Low surrounded by High)
1170,0.34740265252475133,0.042,1,1,True,HH (Hot Spot)
1171,0.4802702049420161,0.007,3,3,True,LH (Low surrounded by High)
1172,-0.03499429180893844,0.342,4,0,False,No Significativo
1173,0.046672417181912215,0.123,3,0,False,No Significativo
1174,0.004312838262649698,0.466,3,0,False,No Significativo
1175,0.0691160842443024,0.315,3,0,False,No Significativo
1176,0.5181292905097727,0.175,3,0,False,No Significativo
1177,2.018716609576213,0.005,3,3,True,LH (Low surrounded by High)
1178,0.5057200147920078,0.047,1,1,True,HH (Hot Spot)
1179,0.897121849699837,0.035,3,3,True,LH (Low surrounded by High)
1180,0.7029045817717322,0.041,3,3,True,LH (Low surrounded by High)
1181,0.40008826069786246,0.067,3,0,False,No Significativo
1182,0.41202043623054707,0.076,1,0,False,No Significativo
1183,3.270374733687055,0.001,3,3,True,LH (Low surrounded by High)
1184,0.549590476288699,0.025,1,1,True,HH (Hot Spot)
1185,0.45060631007142204,0.007,1,1,True,HH (Hot Spot)
1186,0.06263274881030906,0.147,1,0,False,No Significativo
1187,1.9146811509634143,0.001,3,3,True,LH (Low surrounded by High)
1188,-1.033560361146696,0.089,4,0,False,No Significativo
1189,-0.32781128868814724,0.068,4,0,False,No Significativo
1190,-0.038671679385602196,0.417,2,0,False,No Significativo
1191,0.9189859553190535,0.029,1,1,True,HH (Hot Spot)
1192,-0.0023106636852461863,0.427,4,0,False,No Significativo
1193,4.72406559521393,0.001,1,1,True,HH (Hot Spot)
1194,0.4744514332875406,0.141,1,0,False,No Significativo
1195,0.08065785845460491,0.247,1,0,False,No Significativo
1196,0.0022190270922279177,0.108,1,0,False,No Significativo
1197,-0.08814429325784497,0.307,2,0,False,No Significativo
1198,-0.02306330974290086,0.385,2,0,False,No Significativo
1199,0.5088483569315537,0.03,1,1,True,HH (Hot Spot)
1200,-0.020992952740519846,0.392,4,0,False,No Significativo
1201,0.37665539609546134,0.031,3,3,True,LH (Low surrounded by High)
1202,1.0168785842019568,0.007,1,1,True,HH (Hot Spot)
1203,3.6184381139954107,0.001,3,3,True,LH (Low surrounded by High)
1204,-0.036888463195811565,0.494,2,0,False,No Significativo
1205,0.7123376961988822,0.032,3,3,True,LH (Low surrounded by High)
1206,0.5204283261266479,0.042,1,1,True,HH (Hot Spot)
1207,-0.0774153298379908,0.392,4,0,False,No Significativo
1208,0.12830699002792148,0.201,3,0,False,No Significativo
1209,1.8024336269317751,0.056,3,0,False,No Significativo
1210,-0.05982255406336747,0.17,2,0,False,No Significativo
1211,-0.1806516419601514,0.217,2,0,False,No Significativo
1212,3.184628639569538,0.001,1,1,True,HH (Hot Spot)
1213,0.6047103871255464,0.041,3,3,True,LH (Low surrounded by High)
1214,0.3127359121806903,0.227,3,0,False,No Significativo
1215,0.917108031426389,0.078,3,0,False,No Significativo
1216,0.007260422991964248,0.434,3,0,False,No Significativo
1217,0.1734028100981182,0.272,1,0,False,No Significativo
1218,0.38144854736840406,0.071,3,0,False,No Significativo
1219,0.21567738940698608,0.235,3,0,False,No Significativo
1220,1.400635766907078,0.001,1,1,True,HH (Hot Spot)
1221,0.05746550933320346,0.39,1,0,False,No Significativo
1222,-0.01661480497520924,0.419,2,0,False,No Significativo
1223,-0.0643066308517399,0.277,4,0,False,No Significativo
1224,0.6142316105151651,0.077,3,0,False,No Significativo
1225,0.36445759906631997,0.057,3,0,False,No Significativo
1226,0.20010971783548104,0.303,1,0,False,No Significativo
1227,2.013777352132715,0.002,1,1,True,HH (Hot Spot)
1228,1.8561070428279298,0.003,1,1,True,HH (Hot Spot)
1229,0.12493985064375812,0.269,3,0,False,No Significativo
1230,0.0631881628651575,0.267,3,0,False,No Significativo
1231,1.8498213943920432,0.003,3,3,True,LH (Low surrounded by High)
1232,0.04719820509411097,0.12,1,0,False,No Significativo
1233,0.044039608064544565,0.346,1,0,False,No Significativo
1234,3.6365791081945127,0.001,3,3,True,LH (Low surrounded by High)
1235,-0.006935427888685663,0.374,4,0,False,No Significativo
1236,-0.23923153473054187,0.221,4,0,False,No Significativo
1237,4.49419413799347,0.001,3,3,True,LH (Low surrounded by High)
1238,0.1946751393844169,0.191,3,0,False,No Significativo
1239,0.39545244382922523,0.018,1,1,True,HH (Hot Spot)
1240,-0.03732528057271478,0.34,2,0,False,No Significativo
1241,0.40558313822950987,0.004,3,3,True,LH (Low surrounded by High)
1242,-0.09350391380739316,0.334,4,0,False,No Significativo
1243,0.32571244252804804,0.067,3,0,False,No Significativo
1244,1.1823447497161927,0.002,1,1,True,HH (Hot Spot)
1245,1.2218771522240806,0.006,3,3,True,LH (Low surrounded by High)
1246,3.240645220010355,0.001,1,1,True,HH (Hot Spot)
1247,0.10719750556296032,0.045,3,3,True,LH (Low surrounded by High)
1248,2.01110376203659,0.002,1,1,True,HH (Hot Spot)
1249,-0.0019483246183041615,0.494,2,0,False,No Significativo
1250,2.4315322117195897,0.001,3,3,True,LH (Low surrounded by High)
1251,1.3728656257438998,0.017,3,3,True,LH (Low surrounded by High)
1252,0.6525919246341356,0.027,1,1,True,HH (Hot Spot)
1253,0.1246065258269317,0.392,1,0,False,No Significativo
1254,3.536337218661585,0.001,3,3,True,LH (Low surrounded by High)
1255,-0.010885090385118899,0.45,4,0,False,No Significativo
1256,0.02435985109076219,0.429,1,0,False,No Significativo
1257,2.7175020871501605,0.001,1,1,True,HH (Hot Spot)
1258,0.04954242288319667,0.115,3,0,False,No Significativo
1259,-0.07873071445946946,0.106,2,0,False,No Significativo
1260,1.907431636829455,0.001,3,3,True,LH (Low surrounded by High)
1261,-0.053467819638869714,0.405,4,0,False,No Significativo
1262,1.9451226210458175,0.001,1,1,True,HH (Hot Spot)
1263,0.5319460177026568,0.11,3,0,False,No Significativo
1264,0.5070931383306206,0.079,1,0,False,No Significativo
1265,0.8490636104802101,0.038,3,3,True,LH (Low surrounded by High)
1266,1.6295335399648956,0.003,1,1,True,HH (Hot Spot)
1267,0.471543427549151,0.015,3,3,True,LH (Low surrounded by High)
1268,0.18458609981282212,0.165,3,0,False,No Significativo
1269,0.05606646177067594,0.418,3,0,False,No Significativo
1270,0.07157575682266129,0.113,1,0,False,No Significativo
1271,0.07771272822532976,0.3,1,0,False,No Significativo
1272,0.315003092081962,0.033,1,1,True,HH (Hot Spot)
1273,1.5290423617374322,0.003,1,1,True,HH (Hot Spot)
1274,0.6001657872371965,0.041,3,3,True,LH (Low surrounded by High)
1275,0.11429723966910743,0.131,1,0,False,No Significativo
1276,1.4173225766800281,0.003,1,1,True,HH (Hot Spot)
1277,0.7597081396284238,0.032,1,1,True,HH (Hot Spot)
1278,0.3396526642867942,0.166,1,0,False,No Significativo
1279,0.36408450314034635,0.123,1,0,False,No Significativo
1280,2.7580002599340485,0.001,3,3,True,LH (Low surrounded by High)
1281,0.18757239324239477,0.148,1,0,False,No Significativo
1282,1.7692114933476961,0.003,1,1,True,HH (Hot Spot)
1283,2.4772431070779017,0.003,3,3,True,LH (Low surrounded by High)
1284,0.0611391136448357,0.235,3,0,False,No Significativo
1285,1.5658384634895335,0.003,1,1,True,HH (Hot Spot)
1286,-0.012041684876207824,0.328,4,0,False,No Significativo
1287,1.7776844666704044,0.001,3,3,True,LH (Low surrounded by High)
1288,0.04278778865438222,0.392,3,0,False,No Significativo
1289,0.16326484151924456,0.001,3,3,True,LH (Low surrounded by High)
1290,2.873029870814968,0.001,3,3,True,LH (Low surrounded by High)
1291,0.863120056346922,0.017,3,3,True,LH (Low surrounded by High)
1292,0.17219917058478634,0.118,1,0,False,No Significativo
1293,0.4945125524931094,0.08,1,0,False,No Significativo
1294,0.633517167206951,0.024,3,3,True,LH (Low surrounded by High)
1295,-0.08079026042986308,0.264,2,0,False,No Significativo
1296,0.7427071845296624,0.092,3,0,False,No Significativo
1297,0.17894640400770923,0.133,3,0,False,No Significativo
1298,0.3142060353145537,0.066,3,0,False,No Significativo
1299,0.24879176794621405,0.258,3,0,False,No Significativo
1300,0.5776810229081036,0.046,1,1,True,HH (Hot Spot)
1301,0.0005382916448469063,0.491,1,0,False,No Significativo
1302,1.5786079735852392,0.029,3,3,True,LH (Low surrounded by High)
1303,2.9797085144677964,0.001,3,3,True,LH (Low surrounded by High)
1304,1.8460931018110875,0.009,3,3,True,LH (Low surrounded by High)
1305,4.203585918771438,0.001,3,3,True,LH (Low surrounded by High)
1306,-0.26690520092444564,0.35,4,0,False,No Significativo
1307,0.15803860821731294,0.232,3,0,False,No Significativo
1308,0.19737570329859974,0.219,3,0,False,No Significativo
1309,0.8907203137376628,0.009,3,3,True,LH (Low surrounded by High)
1310,3.389865528742622,0.003,3,3,True,LH (Low surrounded by High)
1311,1.252901585644671,0.023,1,1,True,HH (Hot Spot)
1312,0.5592367911672876,0.103,1,0,False,No Significativo
1313,0.05479084045454767,0.269,3,0,False,No Significativo
1314,1.50537129244706,0.003,1,1,True,HH (Hot Spot)
1315,0.9564908937053265,0.021,1,1,True,HH (Hot Spot)
1316,1.7911965343145402,0.001,3,3,True,LH (Low surrounded by High)
1317,0.2693817497263026,0.145,3,0,False,No Significativo
1318,0.37152111457944637,0.053,1,0,False,No Significativo
1320,1.8189842041033315,0.001,3,3,True,LH (Low surrounded by High)
1321,-0.00772668781913253,0.256,2,0,False,No Significativo
1322,0.1164989544424605,0.103,1,0,False,No Significativo
1323,0.017473865840917577,0.479,1,0,False,No Significativo
1324,-0.0027807057672103296,0.494,2,0,False,No Significativo
1325,0.08637002334619946,0.23,3,0,False,No Significativo
1326,0.6700913368851172,0.021,3,3,True,LH (Low surrounded by High)
1327,0.3683106773945966,0.061,1,0,False,No Significativo
1328,0.35104772940676066,0.056,3,0,False,No Significativo
1329,0.1457609955260029,0.386,1,0,False,No Significativo
1330,3.1053402026102646,0.002,1,1,True,HH (Hot Spot)
1331,0.5488898735418344,0.049,3,3,True,LH (Low surrounded by High)
1332,0.0012195138086999776,0.496,1,0,False,No Significativo
1333,0.865794374461935,0.004,1,1,True,HH (Hot Spot)
1334,0.9407244227136886,0.019,3,3,True,LH (Low surrounded by High)
1335,1.5508660472168405,0.015,1,1,True,HH (Hot Spot)
1336,1.4205741091284574,0.003,1,1,True,HH (Hot Spot)
1337,-0.0027551380375275946,0.469,4,0,False,No Significativo
1338,0.10465876761097374,0.198,1,0,False,No Significativo
1339,0.684938247437552,0.041,1,1,True,HH (Hot Spot)
1340,0.5830753901762292,0.003,1,1,True,HH (Hot Spot)
1341,0.789914747833693,0.045,3,3,True,LH (Low surrounded by High)
1342,0.041413907485657944,0.414,1,0,False,No Significativo
1343,0.02613865787220014,0.266,1,0,False,No Significativo
1344,1.7923426825544118,0.001,3,3,True,LH (Low surrounded by High)
1345,0.9245113168136337,0.009,1,1,True,HH (Hot Spot)
1346,-0.004922531456534282,0.486,2,0,False,No Significativo
1347,0.817636343010876,0.034,3,3,True,LH (Low surrounded by High)
1348,0.003231279731929162,0.455,1,0,False,No Significativo
1349,0.1770669975340443,0.138,1,0,False,No Significativo
1350,2.135875432489962,0.004,3,3,True,LH (Low surrounded by High)
1351,3.4057562777955726,0.001,1,1,True,HH (Hot Spot)
1352,0.0023629236234620037,0.475,1,0,False,No Significativo
1353,0.04520183823305868,0.043,1,1,True,HH (Hot Spot)
1354,0.0009794362070341955,0.478,3,0,False,No Significativo
1355,1.1000619110013405,0.007,3,3,True,LH (Low surrounded by High)
1356,0.48266784714408856,0.161,3,0,False,No Significativo
1357,-0.0026154206320056906,0.417,4,0,False,No Significativo
1358,2.119269760390542,0.005,1,1,True,HH (Hot Spot)
1359,0.0008472406228113609,0.474,1,0,False,No Significativo
1360,-0.009626705407053404,0.272,2,0,False,No Significativo
1361,0.7576875698406484,0.012,3,3,True,LH (Low surrounded by High)
1362,0.09126762755400546,0.013,1,1,True,HH (Hot Spot)
1363,1.2236746177154385,0.004,1,1,True,HH (Hot Spot)
1364,4.039326594355461,0.001,3,3,True,LH (Low surrounded by High)
1365,1.460815877700014,0.005,1,1,True,HH (Hot Spot)
1366,0.8216722904265346,0.041,3,3,True,LH (Low surrounded by High)
1367,2.4860822773269757,0.001,1,1,True,HH (Hot Spot)
1368,0.5527398079704174,0.013,1,1,True,HH (Hot Spot)
1369,3.490759101244474,0.013,3,3,True,LH (Low surrounded by High)
1370,0.12706033562093969,0.06,1,0,False,No Significativo
1371,0.9094586246927789,0.024,3,3,True,LH (Low surrounded by High)
1372,0.03734568115927665,0.424,1,0,False,No Significativo
1373,0.8706579234035089,0.005,1,1,True,HH (Hot Spot)
1374,0.0706261954343526,0.205,1,0,False,No Significativo
1375,1.0673452335017997,0.032,1,1,True,HH (Hot Spot)
1376,2.6964234814865318,0.002,1,1,True,HH (Hot Spot)
1377,0.18654717018118044,0.216,3,0,False,No Significativo
1378,0.2530801583084645,0.097,3,0,False,No Significativo
1379,1.6795688059829663,0.004,3,3,True,LH (Low surrounded by High)
1380,0.5197520105661794,0.034,3,3,True,LH (Low surrounded by High)
1381,0.18929518966182912,0.071,3,0,False,No Significativo
1382,0.23505798885934434,0.145,3,0,False,No Significativo
1383,0.44926169858599874,0.18,1,0,False,No Significativo
1384,-0.012002483617271478,0.356,4,0,False,No Significativo
1385,1.0848536426370512,0.034,3,3,True,LH (Low surrounded by High)
1386,-0.3058276217087855,0.035,4,4,True,HL (High surrounded by Low)
1387,0.5160330056796922,0.035,1,1,True,HH (Hot Spot)
1388,-0.0008456483296596932,0.437,2,0,False,No Significativo
1389,0.6311010610703351,0.043,1,1,True,HH (Hot Spot)
1390,0.3974302602994136,0.056,1,0,False,No Significativo
1391,0.5906309052537242,0.037,1,1,True,HH (Hot Spot)
1392,0.391472546716234,0.02,1,1,True,HH (Hot Spot)
1393,0.9571181865643453,0.004,1,1,True,HH (Hot Spot)
1394,0.11257302044629211,0.233,3,0,False,No Significativo
1395,0.7395148608151189,0.033,1,1,True,HH (Hot Spot)
1396,0.04784283773648376,0.38,3,0,False,No Significativo
1397,0.38157198505896917,0.006,1,1,True,HH (Hot Spot)
1398,1.3813394420917553,0.005,1,1,True,HH (Hot Spot)
1399,0.7165467353158573,0.006,1,1,True,HH (Hot Spot)
1400,0.3618200371344897,0.015,3,3,True,LH (Low surrounded by High)
1401,0.028345059618137672,0.194,1,0,False,No Significativo
1402,4.350386882082756,0.001,3,3,True,LH (Low surrounded by High)
1403,0.2282858744251998,0.145,1,0,False,No Significativo
1404,3.2612376326377377,0.001,3,3,True,LH (Low surrounded by High)
1405,0.10628558126082495,0.17,1,0,False,No Significativo
1406,0.42132281923902115,0.133,3,0,False,No Significativo
1407,-0.14973358910826673,0.219,4,0,False,No Significativo
1408,-0.09394412750466877,0.386,2,0,False,No Significativo
1409,0.042670656111966764,0.392,3,0,False,No Significativo
1410,1.0009164266267159,0.03,3,3,True,LH (Low surrounded by High)
1411,1.3960244532405937,0.005,3,3,True,LH (Low surrounded by High)
1412,0.9127420393774388,0.018,3,3,True,LH (Low surrounded by High)
1413,1.0856270928710852,0.005,1,1,True,HH (Hot Spot)
1414,0.12318809042184453,0.098,3,0,False,No Significativo
1415,0.4618733319419397,0.056,3,0,False,No Significativo
1416,1.0399194111653187,0.004,1,1,True,HH (Hot Spot)
1417,-0.02567981470020542,0.265,4,0,False,No Significativo
1418,1.3558933098237456,0.008,3,3,True,LH (Low surrounded by High)
1419,0.0708555942435251,0.21,1,0,False,No Significativo
1420,1.1581302363455572,0.005,1,1,True,HH (Hot Spot)
1421,-0.0012026655798986579,0.395,2,0,False,No Significativo
1422,0.4309014896381126,0.062,1,0,False,No Significativo
1423,1.6110402096667962,0.01,3,3,True,LH (Low surrounded by High)
1424,0.44988101697771044,0.021,1,1,True,HH (Hot Spot)
1425,0.09259552218323833,0.245,3,0,False,No Significativo
1426,-0.08231320036385863,0.165,4,0,False,No Significativo
1427,0.47896245121480063,0.019,1,1,True,HH (Hot Spot)
1428,2.414270321631,0.007,3,3,True,LH (Low surrounded by High)
1429,3.2959644371692995,0.001,1,1,True,HH (Hot Spot)
1430,0.03245854303807697,0.392,3,0,False,No Significativo
1431,0.07876309540752162,0.11,1,0,False,No Significativo
1432,0.1700790479301255,0.08,1,0,False,No Significativo
1433,-0.0062146777886364305,0.458,2,0,False,No Significativo
1434,0.10045904276033672,0.378,3,0,False,No Significativo
1435,0.5215690558571462,0.05,1,0,False,No Significativo
1436,0.061098639379634924,0.33,3,0,False,No Significativo
1437,0.8780609367783826,0.035,3,3,True,LH (Low surrounded by High)
1438,0.7257544976207984,0.08,3,0,False,No Significativo
1439,2.0148139201995976,0.001,3,3,True,LH (Low surrounded by High)
1440,0.0869730966116544,0.035,3,3,True,LH (Low surrounded by High)
1441,1.6338072163077455,0.007,3,3,True,LH (Low surrounded by High)
1442,0.22505307972455685,0.047,1,1,True,HH (Hot Spot)
1443,-0.14703873339372361,0.163,2,0,False,No Significativo
1444,0.9047942533309242,0.12,3,0,False,No Significativo
1445,0.10612940873637844,0.207,1,0,False,No Significativo
1446,1.354648818816521,0.003,1,1,True,HH (Hot Spot)
1447,0.14600789102487513,0.311,3,0,False,No Significativo
1448,0.03784246011269069,0.216,3,0,False,No Significativo
1449,0.2580758394884462,0.032,3,3,True,LH (Low surrounded by High)
1450,0.21006259698404428,0.122,1,0,False,No Significativo
1451,-0.012291772845602376,0.497,2,0,False,No Significativo
1452,0.5704640457260475,0.057,3,0,False,No Significativo
1453,0.041738663544426076,0.283,3,0,False,No Significativo
1454,2.0379006913153845,0.002,1,1,True,HH (Hot Spot)
1455,0.00027332233679020065,0.441,3,0,False,No Significativo
1456,0.015067438802851637,0.425,1,0,False,No Significativo
1457,0.7546346835115729,0.02,3,3,True,LH (Low surrounded by High)
1458,0.15674495636105107,0.132,3,0,False,No Significativo
1459,0.9607750212648225,0.032,3,3,True,LH (Low surrounded by High)
1460,0.00426706014029987,0.492,1,0,False,No Significativo
1461,0.8459011035219995,0.002,1,1,True,HH (Hot Spot)
1462,0.0031170487325245986,0.242,3,0,False,No Significativo
1463,0.08784857196935128,0.197,3,0,False,No Significativo
1464,0.2084868706174242,0.236,3,0,False,No Significativo
1465,0.5308306753526396,0.043,1,1,True,HH (Hot Spot)
1466,3.775578117355873,0.001,3,3,True,LH (Low surrounded by High)
1467,0.39010398752714837,0.068,3,0,False,No Significativo
1468,0.48752379598582607,0.076,3,0,False,No Significativo
1469,0.9195051583812999,0.013,1,1,True,HH (Hot Spot)
1470,1.6583415190637525,0.024,3,3,True,LH (Low surrounded by High)
1471,0.6982093902805588,0.056,3,0,False,No Significativo
1472,1.3790571932302969,0.003,3,3,True,LH (Low surrounded by High)
1473,0.2090802980694222,0.063,1,0,False,No Significativo
1474,1.5621759181444173,0.046,3,3,True,LH (Low surrounded by High)
1475,0.20390068764727995,0.167,3,0,False,No Significativo
1476,0.5480383906713749,0.071,3,0,False,No Significativo
1477,1.3940059607691215,0.002,1,1,True,HH (Hot Spot)
1478,2.3641534850242762,0.001,1,1,True,HH (Hot Spot)
1479,1.7733965432011642,0.002,1,1,True,HH (Hot Spot)
1480,0.4441595683184478,0.02,3,3,True,LH (Low surrounded by High)
1481,0.7238491294985732,0.01,3,3,True,LH (Low surrounded by High)
1482,-0.0022498944544084355,0.478,4,0,False,No Significativo
1483,0.14187640085672315,0.236,1,0,False,No Significativo
1484,1.5697261033205745,0.004,3,3,True,LH (Low surrounded by High)
1485,0.07298592493643384,0.066,1,0,False,No Significativo
1486,0.20938214957388854,0.071,1,0,False,No Significativo
1487,-0.000775468751949544,0.475,2,0,False,No Significativo
1488,1.0224876381328636,0.005,1,1,True,HH (Hot Spot)
1489,0.0775020679992068,0.348,3,0,False,No Significativo
1490,0.06111461229161579,0.241,1,0,False,No Significativo
1491,2.8121578152313806,0.001,1,1,True,HH (Hot Spot)
1492,0.3951086849598277,0.04,3,3,True,LH (Low surrounded by High)
1493,1.1856693635618403,0.008,3,3,True,LH (Low surrounded by High)
1494,0.4914208596457829,0.085,3,0,False,No Significativo
1495,0.10484466617501223,0.403,1,0,False,No Significativo
1496,0.5248032211898279,0.021,1,1,True,HH (Hot Spot)
1497,0.022317795785650157,0.442,3,0,False,No Significativo
1498,0.044187948308020364,0.36,3,0,False,No Significativo
1499,0.15695070157021643,0.298,1,0,False,No Significativo
1500,1.3368755852096894,0.019,1,1,True,HH (Hot Spot)
1501,0.7637386044733916,0.022,3,3,True,LH (Low surrounded by High)
1502,0.8684539304312632,0.043,3,3,True,LH (Low surrounded by High)
1503,0.19846980579759185,0.255,3,0,False,No Significativo
1504,0.15836526076992155,0.018,1,1,True,HH (Hot Spot)
1505,0.4056567354881047,0.032,1,1,True,HH (Hot Spot)
1506,1.728006167295732,0.003,1,1,True,HH (Hot Spot)
1507,1.8894717104302052,0.004,3,3,True,LH (Low surrounded by High)
1508,0.18372803514119646,0.174,1,0,False,No Significativo
1509,1.834941154748025,0.004,1,1,True,HH (Hot Spot)
1510,-0.03378555420609342,0.495,2,0,False,No Significativo
1511,-0.17940086652679044,0.384,2,0,False,No Significativo
1512,0.033123535590749875,0.326,1,0,False,No Significativo
1513,0.09822204599975731,0.199,1,0,False,No Significativo
1514,0.0028881269628184755,0.477,3,0,False,No Significativo
1515,1.306991814673521,0.005,3,3,True,LH (Low surrounded by High)
1516,1.0759575925520823,0.01,3,3,True,LH (Low surrounded by High)
1517,-0.11043466613234135,0.246,4,0,False,No Significativo
1518,1.6302752018227715,0.005,1,1,True,HH (Hot Spot)
1519,0.001307501460595846,0.496,1,0,False,No Significativo
1520,0.01775331961160959,0.112,3,0,False,No Significativo
1521,1.7523603133913084,0.01,3,3,True,LH (Low surrounded by High)
1522,-0.007342304914770192,0.128,4,0,False,No Significativo
1523,0.5930864652586698,0.028,3,3,True,LH (Low surrounded by High)
1524,0.5834833122935558,0.044,1,1,True,HH (Hot Spot)
1525,1.8048147391043396,0.003,1,1,True,HH (Hot Spot)
1526,0.03559338032391421,0.405,1,0,False,No Significativo
1527,0.2722039469173529,0.024,3,3,True,LH (Low surrounded by High)
1528,0.0746243491429247,0.311,3,0,False,No Significativo
1529,0.27746550121483565,0.043,3,3,True,LH (Low surrounded by High)
1530,0.3719719562357379,0.207,3,0,False,No Significativo
1531,0.08542678498867193,0.226,3,0,False,No Significativo
1532,2.3519265893139507,0.004,3,3,True,LH (Low surrounded by High)
1533,2.427351181684076,0.007,3,3,True,LH (Low surrounded by High)
1534,3.3076595920408307,0.001,3,3,True,LH (Low surrounded by High)
1535,0.7891858679261801,0.01,3,3,True,LH (Low surrounded by High)
1536,2.380529142164046,0.001,3,3,True,LH (Low surrounded by High)
1537,0.36311743736312635,0.074,1,0,False,No Significativo
1538,0.8469160876664356,0.012,1,1,True,HH (Hot Spot)
1539,-0.06854277490474003,0.365,2,0,False,No Significativo
1540,0.5247211612681045,0.14,3,0,False,No Significativo
1541,0.03786485630177784,0.41,1,0,False,No Significativo
1542,-0.26964315676097905,0.349,4,0,False,No Significativo
1543,2.4083177636081876,0.005,1,1,True,HH (Hot Spot)
1544,2.411217938763689,0.001,3,3,True,LH (Low surrounded by High)
1545,0.08281909159731013,0.305,3,0,False,No Significativo
1546,1.7197858639327233,0.003,1,1,True,HH (Hot Spot)
1547,0.6024861932257485,0.082,1,0,False,No Significativo
1548,1.6417962364069887,0.004,3,3,True,LH (Low surrounded by High)
1549,2.059108768677769,0.001,3,3,True,LH (Low surrounded by High)
1550,0.3722640976602508,0.095,1,0,False,No Significativo
1551,1.281306898524905,0.009,3,3,True,LH (Low surrounded by High)
1552,0.3973192716978126,0.26,1,0,False,No Significativo
1553,0.01996656185505019,0.445,3,0,False,No Significativo
1554,0.527196629020274,0.084,3,0,False,No Significativo
1555,-0.014819739094339314,0.424,2,0,False,No Significativo
1556,-0.0306717225679669,0.404,2,0,False,No Significativo
1557,0.020795264997713746,0.385,3,0,False,No Significativo
1558,0.5776557678321662,0.055,3,0,False,No Significativo
1559,1.3295143402783967,0.003,1,1,True,HH (Hot Spot)
1560,1.177260104257969,0.014,1,1,True,HH (Hot Spot)
1561,0.19800224461461952,0.241,3,0,False,No Significativo
1562,0.05999554411843885,0.136,1,0,False,No Significativo
1563,2.2575584797346333,0.001,1,1,True,HH (Hot Spot)
1564,0.5019070613002731,0.116,3,0,False,No Significativo
1565,0.4736022212034825,0.124,3,0,False,No Significativo
1566,1.2256745230992445,0.003,1,1,True,HH (Hot Spot)
1567,1.2168085062558547,0.005,3,3,True,LH (Low surrounded by High)
1568,0.22141127503849936,0.056,1,0,False,No Significativo
1569,1.8180354703322446,0.001,1,1,True,HH (Hot Spot)
1570,0.35828665144717403,0.063,3,0,False,No Significativo
1571,0.003948173752983252,0.491,1,0,False,No Significativo
1572,0.04898011994664086,0.228,3,0,False,No Significativo
1573,1.8314716001892966,0.001,3,3,True,LH (Low surrounded by High)
1574,1.7467729318021794,0.001,1,1,True,HH (Hot Spot)
1575,1.6653097704669713,0.017,3,3,True,LH (Low surrounded by High)
1576,0.4296821321448797,0.029,1,1,True,HH (Hot Spot)
1577,-0.039890991026749166,0.266,4,0,False,No Significativo
1578,1.3673466476144551,0.001,3,3,True,LH (Low surrounded by High)
1579,2.128130367147331,0.008,3,3,True,LH (Low surrounded by High)
1580,1.527055348654611,0.002,1,1,True,HH (Hot Spot)
1581,-0.06079257865221383,0.423,2,0,False,No Significativo
1582,0.5166690219428024,0.068,3,0,False,No Significativo
1583,0.04946146364258145,0.403,3,0,False,No Significativo
1584,-0.0558163854523914,0.332,2,0,False,No Significativo
1585,1.6966320814854658,0.004,3,3,True,LH (Low surrounded by High)
1586,2.540637492615331,0.001,1,1,True,HH (Hot Spot)
1587,-0.06925882906211013,0.314,2,0,False,No Significativo
1588,-0.009627119909216572,0.401,2,0,False,No Significativo
1589,-0.03356340064643249,0.386,2,0,False,No Significativo
1590,1.2930457290595234,0.009,3,3,True,LH (Low surrounded by High)
1591,0.44672926313181954,0.166,3,0,False,No Significativo
1592,0.05924984512228507,0.337,1,0,False,No Significativo
1593,3.583992922179576,0.001,3,3,True,LH (Low surrounded by High)
1594,0.8451290630874584,0.015,1,1,True,HH (Hot Spot)
1595,0.0195498431771964,0.428,3,0,False,No Significativo
1596,0.48307895546051727,0.042,1,1,True,HH (Hot Spot)
1597,0.7322473796850703,0.055,3,0,False,No Significativo
1598,1.8260171204962905,0.002,1,1,True,HH (Hot Spot)
1599,0.801403920194592,0.004,1,1,True,HH (Hot Spot)
1600,1.721892155487619,0.001,1,1,True,HH (Hot Spot)
1601,1.5377119672243582,0.032,3,3,True,LH (Low surrounded by High)
1602,0.029614207393955073,0.375,1,0,False,No Significativo
1603,0.06715137284607484,0.298,1,0,False,No Significativo
1604,0.6813114600987696,0.032,3,3,True,LH (Low surrounded by High)
1605,2.1949269143010697,0.002,1,1,True,HH (Hot Spot)
1606,0.5187501379304327,0.008,1,1,True,HH (Hot Spot)
1607,1.2476042721366223,0.025,3,3,True,LH (Low surrounded by High)
1608,0.19225201196956837,0.251,1,0,False,No Significativo
1609,0.05045919913653945,0.139,3,0,False,No Significativo
1610,0.11393850121877394,0.139,3,0,False,No Significativo
1611,0.6200669795288797,0.016,1,1,True,HH (Hot Spot)
1612,-0.043797356565543094,0.229,2,0,False,No Significativo
1613,1.5263272483569315,0.003,3,3,True,LH (Low surrounded by High)
1614,4.550715338905037,0.004,3,3,True,LH (Low surrounded by High)
1615,2.1559611753900794,0.001,1,1,True,HH (Hot Spot)
1616,0.1513816110623592,0.268,1,0,False,No Significativo
1617,0.4018446090174486,0.087,3,0,False,No Significativo
1618,2.752934287192658,0.001,3,3,True,LH (Low surrounded by High)
1619,0.1510531218142356,0.054,3,0,False,No Significativo
1620,1.6799279283374904,0.008,3,3,True,LH (Low surrounded by High)
1621,0.015331303850925057,0.405,1,0,False,No Significativo
1622,0.1931990881351429,0.253,3,0,False,No Significativo
1623,0.1932547713173446,0.077,3,0,False,No Significativo
1624,0.2981006695370012,0.137,3,0,False,No Significativo
1625,1.030579385657484,0.005,1,1,True,HH (Hot Spot)
1626,0.3014996267923738,0.198,1,0,False,No Significativo
1627,0.5904540519732802,0.064,3,0,False,No Significativo
1628,0.33677397185249003,0.034,1,1,True,HH (Hot Spot)
1629,0.5256938709001949,0.01,1,1,True,HH (Hot Spot)
1630,1.9167880340216212,0.001,1,1,True,HH (Hot Spot)
1631,1.3495894679543747,0.001,1,1,True,HH (Hot Spot)
1632,0.07932440017624709,0.178,3,0,False,No Significativo
1633,0.42632438681502266,0.068,1,0,False,No Significativo
1634,0.08600958908600868,0.181,3,0,False,No Significativo
1635,1.1943244472992265,0.002,1,1,True,HH (Hot Spot)
1636,1.2268314085662784,0.012,1,1,True,HH (Hot Spot)
1637,0.9733731358917029,0.01,1,1,True,HH (Hot Spot)
1638,-0.2283425769090589,0.312,2,0,False,No Significativo
1639,0.36578795812387505,0.038,1,1,True,HH (Hot Spot)
1640,2.412789070386683,0.003,3,3,True,LH (Low surrounded by High)
1641,0.027109611357869184,0.316,3,0,False,No Significativo
1642,3.3377018068946143,0.001,3,3,True,LH (Low surrounded by High)
1643,-0.001584620031690986,0.425,2,0,False,No Significativo
1644,0.022766397732860315,0.229,3,0,False,No Significativo
1645,0.15719526559765326,0.152,3,0,False,No Significativo
1646,0.6462747737945939,0.049,1,1,True,HH (Hot Spot)
1647,0.38708128412235765,0.043,3,3,True,LH (Low surrounded by High)
1648,-0.24986365671437186,0.034,4,4,True,HL (High surrounded by Low)
1649,1.7638311769781707,0.008,3,3,True,LH (Low surrounded by High)
1650,0.37748806607851004,0.056,1,0,False,No Significativo
1651,2.5928061902926696,0.001,3,3,True,LH (Low surrounded by High)
1652,1.6580256586215831,0.008,3,3,True,LH (Low surrounded by High)
1653,1.1448785787357993,0.003,1,1,True,HH (Hot Spot)
1654,1.2020076985347228,0.007,3,3,True,LH (Low surrounded by High)
1655,-0.03961144565016684,0.376,4,0,False,No Significativo
1656,0.8627548886887841,0.001,1,1,True,HH (Hot Spot)
1657,0.8991481477074594,0.027,3,3,True,LH (Low surrounded by High)
1658,0.23602379288778988,0.118,1,0,False,No Significativo
1659,0.10151999144221788,0.215,3,0,False,No Significativo
1660,0.48744815671863456,0.043,1,1,True,HH (Hot Spot)
1661,0.02879520037131299,0.361,1,0,False,No Significativo
1662,-0.06919435231452004,0.168,2,0,False,No Significativo
1663,0.6667720497717423,0.055,3,0,False,No Significativo
1664,0.2896182271949647,0.066,1,0,False,No Significativo
1665,0.12223183380961285,0.259,3,0,False,No Significativo
1666,0.17909786345089082,0.208,3,0,False,No Significativo
1667,0.18069963545082368,0.01,1,1,True,HH (Hot Spot)
1668,0.09436691987549595,0.201,1,0,False,No Significativo
1669,5.864018703884366,0.001,1,1,True,HH (Hot Spot)
1670,0.041376808942562654,0.357,3,0,False,No Significativo
1671,0.19359837825924048,0.109,1,0,False,No Significativo
1672,0.06556300696947463,0.413,1,0,False,No Significativo
1673,0.30234737718688476,0.122,1,0,False,No Significativo
1674,-0.2283803538631288,0.052,4,0,False,No Significativo
1675,-0.10608221800896724,0.143,4,0,False,No Significativo
1676,0.9424810798214664,0.022,3,3,True,LH (Low surrounded by High)
1677,1.04162834596281,0.012,1,1,True,HH (Hot Spot)
1678,0.41315505234217836,0.032,3,3,True,LH (Low surrounded by High)
1679,0.1033496873239843,0.159,3,0,False,No Significativo
1680,0.8919422312387262,0.014,3,3,True,LH (Low surrounded by High)
1681,0.056138370335698295,0.319,3,0,False,No Significativo
1682,3.2708348893901316,0.001,3,3,True,LH (Low surrounded by High)
1683,1.106969965640137,0.014,1,1,True,HH (Hot Spot)
1684,1.2853745218969166,0.002,1,1,True,HH (Hot Spot)
1685,0.3415909958953591,0.044,1,1,True,HH (Hot Spot)
1686,0.6523169108370263,0.012,3,3,True,LH (Low surrounded by High)
1687,0.33637802320198673,0.045,3,3,True,LH (Low surrounded by High)
1688,0.07206820257199861,0.359,3,0,False,No Significativo
1689,0.0033652228748072836,0.486,1,0,False,No Significativo
1690,0.3696597307761029,0.21,1,0,False,No Significativo
1691,0.5044329203776227,0.042,3,3,True,LH (Low surrounded by High)
1692,1.1050699106047652,0.001,1,1,True,HH (Hot Spot)
1693,0.018484191720887853,0.409,3,0,False,No Significativo
1694,0.02881354376637642,0.355,1,0,False,No Significativo
1695,0.10489974147945047,0.028,3,3,True,LH (Low surrounded by High)
1696,0.028313784431264085,0.114,3,0,False,No Significativo
1697,-0.004273810334887706,0.478,2,0,False,No Significativo
1698,2.077764279642391,0.001,1,1,True,HH (Hot Spot)
1699,1.2187260490534957,0.002,1,1,True,HH (Hot Spot)
1700,0.8771452493830695,0.038,1,1,True,HH (Hot Spot)
1701,-0.021101527344568494,0.155,4,0,False,No Significativo
1702,0.17162234158546524,0.077,3,0,False,No Significativo
1703,0.010022380630031937,0.434,3,0,False,No Significativo
1704,2.728894336414024,0.001,3,3,True,LH (Low surrounded by High)
1705,-0.006309130410767134,0.428,4,0,False,No Significativo
1706,0.1782971833970016,0.043,1,1,True,HH (Hot Spot)
1707,0.31197232680200526,0.041,3,3,True,LH (Low surrounded by High)
1708,0.6908799591808905,0.001,1,1,True,HH (Hot Spot)
1709,0.6028165018921167,0.018,1,1,True,HH (Hot Spot)
1710,1.1551945571533326,0.019,3,3,True,LH (Low surrounded by High)
1711,0.09645065589827163,0.289,1,0,False,No Significativo
1712,0.11935076612703437,0.331,3,0,False,No Significativo
1713,0.6687464249527785,0.021,3,3,True,LH (Low surrounded by High)
1714,0.6837705229870118,0.009,1,1,True,HH (Hot Spot)
1715,2.671243503826089,0.001,1,1,True,HH (Hot Spot)
1716,2.845550940620683,0.001,1,1,True,HH (Hot Spot)
1717,1.19969410175499,0.003,3,3,True,LH (Low surrounded by High)
1718,0.5257485402984101,0.066,3,0,False,No Significativo
1719,0.034382424267787454,0.178,1,0,False,No Significativo
1720,-0.06473050453554309,0.129,2,0,False,No Significativo
1721,1.7421618684593356,0.009,3,3,True,LH (Low surrounded by High)
1722,0.23602499220215756,0.096,3,0,False,No Significativo
1723,0.20832444252634919,0.074,1,0,False,No Significativo
1724,0.5355868404981772,0.057,1,0,False,No Significativo
1725,0.2138340205030266,0.193,1,0,False,No Significativo
1726,1.1284598163171153,0.01,1,1,True,HH (Hot Spot)
1727,-0.07930927354641629,0.355,2,0,False,No Significativo
1728,3.2609020662586556,0.001,1,1,True,HH (Hot Spot)
1729,0.014103828737388956,0.293,1,0,False,No Significativo
1730,0.1644269877807775,0.322,3,0,False,No Significativo
1731,2.4320894278917686,0.002,3,3,True,LH (Low surrounded by High)
1732,0.3200689258281363,0.253,1,0,False,No Significativo
1733,1.1239232006509414,0.002,1,1,True,HH (Hot Spot)
1734,0.007122737563696333,0.464,3,0,False,No Significativo
1735,0.0717655602925188,0.424,1,0,False,No Significativo
1736,2.8820765183505,0.001,3,3,True,LH (Low surrounded by High)
1737,-0.0026788868222417266,0.423,2,0,False,No Significativo
1738,0.28869935717074696,0.259,3,0,False,No Significativo
1739,0.8982469377825059,0.01,1,1,True,HH (Hot Spot)
1740,0.3580550911201764,0.096,3,0,False,No Significativo
1741,0.06761421224421023,0.136,1,0,False,No Significativo
1743,0.8664600651934453,0.069,1,0,False,No Significativo
1744,2.4455519960918948,0.001,1,1,True,HH (Hot Spot)
1745,0.1872494474861786,0.22,3,0,False,No Significativo
1746,3.0034344544237896,0.001,1,1,True,HH (Hot Spot)
1747,-0.06911395853723387,0.313,2,0,False,No Significativo
1748,0.2985268485717803,0.255,1,0,False,No Significativo
1749,2.8495307295447105,0.001,1,1,True,HH (Hot Spot)
1750,1.4238611441370121,0.003,3,3,True,LH (Low surrounded by High)
1751,-0.001605574122356572,0.384,4,0,False,No Significativo
1752,0.10943455469725025,0.309,3,0,False,No Significativo
1753,1.365255720940433,0.003,1,1,True,HH (Hot Spot)
1754,3.3339283324693048,0.001,3,3,True,LH (Low surrounded by High)
1755,0.7656549898497031,0.064,3,0,False,No Significativo
1756,1.4226953831753655,0.002,1,1,True,HH (Hot Spot)
1757,0.11084694487722568,0.358,3,0,False,No Significativo
1758,-0.010684031004570084,0.268,4,0,False,No Significativo
1759,4.319664560588334,0.001,3,3,True,LH (Low surrounded by High)
1760,1.086385209090878,0.016,3,3,True,LH (Low surrounded by High)
1761,0.1183201709613893,0.266,1,0,False,No Significativo
1762,1.1230120414658504,0.016,3,3,True,LH (Low surrounded by High)
1763,0.4360803463827517,0.108,1,0,False,No Significativo
1764,0.052819704860134854,0.12,3,0,False,No Significativo
1765,0.09347156436525883,0.335,3,0,False,No Significativo
1766,-0.30612187381043177,0.125,4,0,False,No Significativo
1767,0.12238038029293868,0.135,3,0,False,No Significativo
1768,0.6268088570484139,0.03,3,3,True,LH (Low surrounded by High)
1769,1.9355212775576103,0.001,3,3,True,LH (Low surrounded by High)
1770,0.7447546680795887,0.003,3,3,True,LH (Low surrounded by High)
1771,2.877125972693575,0.001,3,3,True,LH (Low surrounded by High)
1772,1.1618850910582192,0.001,3,3,True,LH (Low surrounded by High)
1773,2.867466055599494,0.001,3,3,True,LH (Low surrounded by High)
1774,0.15519794204076243,0.04,1,1,True,HH (Hot Spot)
1775,0.5839106840337156,0.088,3,0,False,No Significativo
1776,0.1499985633859655,0.164,1,0,False,No Significativo
1777,0.19570300257267592,0.095,3,0,False,No Significativo
1778,0.7417921061244405,0.008,3,3,True,LH (Low surrounded by High)
1779,0.6160392329684662,0.026,3,3,True,LH (Low surrounded by High)
1780,3.2387907999092547,0.001,1,1,True,HH (Hot Spot)
1781,2.470420576296202,0.001,3,3,True,LH (Low surrounded by High)
1782,1.1584603231201305,0.017,1,1,True,HH (Hot Spot)
1783,-0.0071503455214442175,0.43,4,0,False,No Significativo
1784,1.8212480992640556,0.001,1,1,True,HH (Hot Spot)
1785,1.9479238897194202,0.001,3,3,True,LH (Low surrounded by High)
1786,2.8821590909953363,0.002,3,3,True,LH (Low surrounded by High)
1787,1.9082758653108882,0.004,3,3,True,LH (Low surrounded by High)
1788,0.1661187903089555,0.229,1,0,False,No Significativo
1789,2.58892967314361,0.001,3,3,True,LH (Low surrounded by High)
1790,0.5648395652467562,0.034,1,1,True,HH (Hot Spot)
1791,1.1062936526611955,0.018,3,3,True,LH (Low surrounded by High)
1792,-0.006738780786996512,0.378,4,0,False,No Significativo
1793,0.008749927975603016,0.483,1,0,False,No Significativo
1794,0.009145621135570377,0.368,1,0,False,No Significativo
1795,0.3099815026913671,0.063,1,0,False,No Significativo
1796,0.5570353088646373,0.033,3,3,True,LH (Low surrounded by High)
1797,-0.06697795960929713,0.387,2,0,False,No Significativo
1798,1.1495338558514552,0.009,1,1,True,HH (Hot Spot)
1799,0.6821262897939266,0.036,1,1,True,HH (Hot Spot)
1800,0.34709847150651135,0.034,1,1,True,HH (Hot Spot)
1801,0.004872861562502937,0.247,3,0,False,No Significativo
1802,0.5624780556906263,0.024,1,1,True,HH (Hot Spot)
1803,1.0384870616063193,0.002,1,1,True,HH (Hot Spot)
1804,0.6951262546210004,0.053,3,0,False,No Significativo
1805,0.3828632110233709,0.168,3,0,False,No Significativo
1806,0.3811884543603162,0.013,3,3,True,LH (Low surrounded by High)
1807,0.7304637159565457,0.023,1,1,True,HH (Hot Spot)
1808,0.1161227542326485,0.108,3,0,False,No Significativo
1809,0.07094939404820318,0.133,1,0,False,No Significativo
1810,0.24908452824534516,0.318,3,0,False,No Significativo
1811,2.1575140984390906,0.001,1,1,True,HH (Hot Spot)
1812,1.5888891593765482,0.007,3,3,True,LH (Low surrounded by High)
1813,0.25362808416496135,0.32,1,0,False,No Significativo
1814,-0.1368094090871687,0.258,2,0,False,No Significativo
1815,1.9143598218619131,0.001,3,3,True,LH (Low surrounded by High)
1816,0.7836919229821848,0.001,3,3,True,LH (Low surrounded by High)
1817,0.9118831414988647,0.012,1,1,True,HH (Hot Spot)
1818,0.2945242041504407,0.152,1,0,False,No Significativo
1819,-0.016233805648499248,0.462,2,0,False,No Significativo
1820,0.27558477583530744,0.188,3,0,False,No Significativo
1821,1.1535688473346122,0.003,1,1,True,HH (Hot Spot)
1822,2.052106403366061,0.004,3,3,True,LH (Low surrounded by High)
1823,-0.03664723476339722,0.368,4,0,False,No Significativo
1824,1.2414318808526708,0.015,1,1,True,HH (Hot Spot)
1825,0.06496259450882423,0.283,1,0,False,No Significativo
1826,0.4419748413398331,0.017,3,3,True,LH (Low surrounded by High)
1827,0.19222782404937844,0.032,3,3,True,LH (Low surrounded by High)
1828,-0.004070570201721366,0.46,4,0,False,No Significativo
1829,3.9280622496724678,0.001,3,3,True,LH (Low surrounded by High)
1831,1.143290574085716,0.009,1,1,True,HH (Hot Spot)
1832,0.22325822198008477,0.112,1,0,False,No Significativo
1833,0.05532508287277574,0.067,1,0,False,No Significativo
1834,1.3882081299031233,0.001,1,1,True,HH (Hot Spot)
1835,0.7993291702626918,0.054,3,0,False,No Significativo
1836,0.5128459989350659,0.012,1,1,True,HH (Hot Spot)
1837,0.7902096270751325,0.047,1,1,True,HH (Hot Spot)
1838,0.5498960703126837,0.011,1,1,True,HH (Hot Spot)
1839,-0.7342685976898292,0.006,4,4,True,HL (High surrounded by Low)
1840,0.8261426067034752,0.035,1,1,True,HH (Hot Spot)
1841,-0.06654775797056992,0.328,2,0,False,No Significativo
1842,0.7235020568012792,0.032,3,3,True,LH (Low surrounded by High)
1843,1.0364569679224178,0.013,1,1,True,HH (Hot Spot)
1844,1.6855534941860235,0.002,1,1,True,HH (Hot Spot)
1845,0.57032680925112,0.008,3,3,True,LH (Low surrounded by High)
1846,0.3900684748227601,0.057,1,0,False,No Significativo
1847,0.07766248675124997,0.264,1,0,False,No Significativo
1848,0.05412009551923486,0.14,3,0,False,No Significativo
1849,0.6600198032344596,0.015,1,1,True,HH (Hot Spot)
1850,2.5533032046890063,0.001,3,3,True,LH (Low surrounded by High)
1852,-1.0820635540358789e-05,0.48,2,0,False,No Significativo
1853,1.9896779121827521,0.001,1,1,True,HH (Hot Spot)
1854,0.08677147765386312,0.327,3,0,False,No Significativo
1855,-0.00020732472579464484,0.48,2,0,False,No Significativo
1856,1.390556233887898,0.003,3,3,True,LH (Low surrounded by High)
1857,3.159528141424143,0.001,3,3,True,LH (Low surrounded by High)
1858,0.1258622248255043,0.338,1,0,False,No Significativo
1859,0.12409532890076323,0.298,1,0,False,No Significativo
1860,0.08719289810006159,0.143,3,0,False,No Significativo
1861,0.5712317034279616,0.005,3,3,True,LH (Low surrounded by High)
1862,0.3162336015035692,0.176,3,0,False,No Significativo
1863,0.7356056152224627,0.002,1,1,True,HH (Hot Spot)
1864,0.0695212573752121,0.187,3,0,False,No Significativo
1865,0.25846032388767287,0.066,1,0,False,No Significativo
1866,0.479846490356333,0.04,1,1,True,HH (Hot Spot)
1867,1.2400041064331333,0.004,1,1,True,HH (Hot Spot)
1868,0.02590231332312168,0.417,3,0,False,No Significativo
1869,0.6217789880129898,0.024,1,1,True,HH (Hot Spot)
1870,0.11521957147766203,0.336,1,0,False,No Significativo
1871,3.0552766928872543,0.001,1,1,True,HH (Hot Spot)
1872,1.753867730399392,0.001,1,1,True,HH (Hot Spot)
1873,1.1271748554086582,0.058,3,0,False,No Significativo
1874,0.04980444875985846,0.422,3,0,False,No Significativo
1875,1.2138399740481385,0.002,1,1,True,HH (Hot Spot)
1876,0.1977046811093231,0.224,1,0,False,No Significativo
1877,2.3738295045623645,0.002,3,3,True,LH (Low surrounded by High)
1878,-0.03225327097897835,0.1,2,0,False,No Significativo
1879,3.0194397446646697,0.001,3,3,True,LH (Low surrounded by High)
1880,0.038539980900933545,0.391,1,0,False,No Significativo
1881,0.2986188748239338,0.067,3,0,False,No Significativo
1882,-0.06290316890401802,0.264,4,0,False,No Significativo
1883,0.524418307724254,0.024,1,1,True,HH (Hot Spot)
1884,1.5772748951825442,0.007,3,3,True,LH (Low surrounded by High)
1885,0.30166893507877435,0.095,3,0,False,No Significativo
1886,0.6520503649727081,0.016,1,1,True,HH (Hot Spot)
1887,1.987818802081172,0.001,3,3,True,LH (Low surrounded by High)
1888,1.4710281913923295,0.008,3,3,True,LH (Low surrounded by High)
1889,0.1760806302786936,0.038,3,3,True,LH (Low surrounded by High)
1890,1.0109448871397833,0.026,1,1,True,HH (Hot Spot)
1891,2.50725475348512,0.003,3,3,True,LH (Low surrounded by High)
1892,-0.02025280059414306,0.492,2,0,False,No Significativo
1893,1.249930983599007,0.003,1,1,True,HH (Hot Spot)
1894,0.5270940119486549,0.028,1,1,True,HH (Hot Spot)
1895,0.08076853656615171,0.181,3,0,False,No Significativo
1896,-0.01017504793261072,0.371,4,0,False,No Significativo
1897,0.011071912539105307,0.455,1,0,False,No Significativo
1898,0.4606112005696413,0.022,1,1,True,HH (Hot Spot)
1899,0.03699593682412584,0.194,1,0,False,No Significativo
1900,0.11130713148700166,0.371,3,0,False,No Significativo
1901,0.48130218347871334,0.058,1,0,False,No Significativo
1902,0.35938786345017815,0.135,3,0,False,No Significativo
1903,0.41943805957198615,0.135,3,0,False,No Significativo
1904,0.6212683965587043,0.002,1,1,True,HH (Hot Spot)
1905,0.9981930834121161,0.017,3,3,True,LH (Low surrounded by High)
1906,3.0809387084404305,0.001,1,1,True,HH (Hot Spot)
1907,0.33227694608921665,0.147,1,0,False,No Significativo
1908,0.8948587107168898,0.02,1,1,True,HH (Hot Spot)
1909,0.025415886911395912,0.253,3,0,False,No Significativo
1910,-0.015532892232323247,0.406,4,0,False,No Significativo
1911,0.37468506366379534,0.042,3,3,True,LH (Low surrounded by High)
1912,0.7224782445911178,0.005,1,1,True,HH (Hot Spot)
1913,0.6081261694366294,0.052,3,0,False,No Significativo
1914,0.9362696374498395,0.003,3,3,True,LH (Low surrounded by High)
1915,1.030746020092324,0.008,3,3,True,LH (Low surrounded by High)
1916,0.18770417766320688,0.202,1,0,False,No Significativo
1917,3.2875594704298594,0.001,3,3,True,LH (Low surrounded by High)
1918,0.05719487997942998,0.271,1,0,False,No Significativo
1919,2.2776389509623685,0.001,1,1,True,HH (Hot Spot)
1920,1.7391170918559904,0.001,1,1,True,HH (Hot Spot)
1921,0.0004027191779833537,0.475,3,0,False,No Significativo
1922,1.4516194720892965,0.007,3,3,True,LH (Low surrounded by High)
1923,0.7355224570563029,0.054,3,0,False,No Significativo
1924,-0.023222479733002826,0.408,4,0,False,No Significativo
1925,0.3006184784433672,0.041,1,1,True,HH (Hot Spot)
1926,0.3642219560082417,0.078,3,0,False,No Significativo
1927,2.625390043178174,0.001,1,1,True,HH (Hot Spot)
1928,0.0008691648002542166,0.485,3,0,False,No Significativo
1929,0.17475532200467056,0.037,3,3,True,LH (Low surrounded by High)
1930,0.3873749830192815,0.047,3,3,True,LH (Low surrounded by High)
1931,0.4357800876857548,0.134,3,0,False,No Significativo
1932,2.8169497867207727,0.001,1,1,True,HH (Hot Spot)
1933,0.1939055040193827,0.036,1,1,True,HH (Hot Spot)
1934,0.9734647685621196,0.006,1,1,True,HH (Hot Spot)
1935,0.18555363923741497,0.29,3,0,False,No Significativo
1936,0.34291113874926554,0.142,3,0,False,No Significativo
1937,0.8549340791950227,0.017,1,1,True,HH (Hot Spot)
1938,-0.0021865988467284353,0.481,4,0,False,No Significativo
1939,2.501138697137885,0.001,3,3,True,LH (Low surrounded by High)
1940,0.09564970328089228,0.151,3,0,False,No Significativo
1941,0.801728379431573,0.036,1,1,True,HH (Hot Spot)
1942,0.2707128790279716,0.082,3,0,False,No Significativo
1943,1.3918398458230783,0.004,1,1,True,HH (Hot Spot)
1944,0.7100802820305614,0.004,3,3,True,LH (Low surrounded by High)
1945,2.045084954326848,0.003,3,3,True,LH (Low surrounded by High)
1946,0.0003072205157859318,0.365,1,0,False,No Significativo
1947,-0.08652621402239288,0.243,4,0,False,No Significativo
1948,0.6657997681546473,0.056,1,0,False,No Significativo
1949,1.2065945728625422,0.006,1,1,True,HH (Hot Spot)
1950,2.031995787963525,0.001,1,1,True,HH (Hot Spot)
1951,0.9921874713706731,0.001,1,1,True,HH (Hot Spot)
1952,0.08627069632655991,0.032,3,3,True,LH (Low surrounded by High)
1953,1.6490592705114828,0.003,3,3,True,LH (Low surrounded by High)
1954,0.7287080716384072,0.054,1,0,False,No Significativo
1955,-0.030812586038857958,0.187,2,0,False,No Significativo
1956,0.26343251931594935,0.046,1,1,True,HH (Hot Spot)
1957,0.5031363836046275,0.021,3,3,True,LH (Low surrounded by High)
1958,0.364410289476325,0.116,3,0,False,No Significativo
1959,0.23632217637330938,0.077,1,0,False,No Significativo
1960,0.14578155665811643,0.095,1,0,False,No Significativo
1961,1.328626025843441,0.002,1,1,True,HH (Hot Spot)
1962,0.39224206373864007,0.114,1,0,False,No Significativo
1963,2.1482732715015356,0.001,1,1,True,HH (Hot Spot)
1964,-0.019933579022491082,0.361,4,0,False,No Significativo
1965,0.09435352355258529,0.225,3,0,False,No Significativo
1966,1.237544616073173,0.007,3,3,True,LH (Low surrounded by High)
1967,-0.036869137003828684,0.401,2,0,False,No Significativo
1968,1.0954097159563059,0.002,1,1,True,HH (Hot Spot)
1969,0.353967197628793,0.079,3,0,False,No Significativo
1970,-0.46562662323491455,0.418,2,0,False,No Significativo
1971,-0.011113464714506235,0.391,4,0,False,No Significativo
1972,-0.008417610093113826,0.473,4,0,False,No Significativo
1973,0.17296744574711173,0.006,1,1,True,HH (Hot Spot)
1974,1.2133200860635895,0.02,3,3,True,LH (Low surrounded by High)
1975,0.11368764267784051,0.291,1,0,False,No Significativo
1976,0.27276561877625083,0.003,1,1,True,HH (Hot Spot)
1977,0.2600441972767248,0.041,1,1,True,HH (Hot Spot)
1978,2.490421754280894,0.001,1,1,True,HH (Hot Spot)
1979,-0.023114333960949338,0.342,2,0,False,No Significativo
1980,0.43587580029745215,0.08,1,0,False,No Significativo
1981,1.6664920245070243,0.003,3,3,True,LH (Low surrounded by High)
1982,0.02038034994295378,0.392,3,0,False,No Significativo
1983,0.021195108291752782,0.391,1,0,False,No Significativo
1984,0.803760905288371,0.002,1,1,True,HH (Hot Spot)
1985,0.3021664386695836,0.085,3,0,False,No Significativo
1986,-0.0030665772374123194,0.499,2,0,False,No Significativo
1987,0.24628464439195485,0.189,3,0,False,No Significativo
1988,3.8258771788008716,0.001,3,3,True,LH (Low surrounded by High)
1989,1.043167955202982,0.013,3,3,True,LH (Low surrounded by High)
1990,0.1579494285857877,0.033,1,1,True,HH (Hot Spot)
1991,1.5071893838576722,0.001,1,1,True,HH (Hot Spot)
1992,-0.33553968795198524,0.133,2,0,False,No Significativo
1993,0.3260729953171963,0.139,3,0,False,No Significativo
1994,0.2787085873875424,0.084,3,0,False,No Significativo
1995,0.3278932445899616,0.202,3,0,False,No Significativo
1996,0.0816542155373198,0.303,3,0,False,No Significativo
1997,-0.09776025677957959,0.32,4,0,False,No Significativo
1998,0.00023998601730395628,0.354,1,0,False,No Significativo
1999,1.2833139787915295,0.012,3,3,True,LH (Low surrounded by High)
2000,3.648025317630944,0.001,3,3,True,LH (Low surrounded by High)
2001,1.5008439850372368,0.003,3,3,True,LH (Low surrounded by High)
2002,4.164724554577071,0.001,3,3,True,LH (Low surrounded by High)
2003,0.07165214525120722,0.125,1,0,False,No Significativo
2004,-0.07185371727372146,0.5,2,0,False,No Significativo
2005,0.2133707275705687,0.142,3,0,False,No Significativo
2006,1.1210814355451837,0.007,3,3,True,LH (Low surrounded by High)
2007,0.5326361693184849,0.063,1,0,False,No Significativo
2008,0.5647799763259943,0.069,3,0,False,No Significativo
2009,-0.26055463871698387,0.056,4,0,False,No Significativo
2010,2.286517939330246,0.001,1,1,True,HH (Hot Spot)
2011,2.714428854898606,0.001,3,3,True,LH (Low surrounded by High)
2012,0.5461742966569957,0.006,1,1,True,HH (Hot Spot)
2013,0.31835725412857296,0.135,3,0,False,No Significativo
2014,1.1788757623901442,0.004,1,1,True,HH (Hot Spot)
2015,1.0406426268853424,0.01,1,1,True,HH (Hot Spot)
2016,1.4302319576315448,0.003,3,3,True,LH (Low surrounded by High)
2017,3.6390180910518932,0.014,3,3,True,LH (Low surrounded by High)
2018,3.9890359192166973,0.001,3,3,True,LH (Low surrounded by High)
2019,2.487440344794285,0.001,3,3,True,LH (Low surrounded by High)
2020,-0.013643981925396488,0.496,2,0,False,No Significativo
2021,3.1418938483004393,0.001,3,3,True,LH (Low surrounded by High)
2022,1.6225153892472326,0.003,3,3,True,LH (Low surrounded by High)
2023,0.21560080287361735,0.048,3,3,True,LH (Low surrounded by High)
2024,0.5770171697982858,0.069,3,0,False,No Significativo
2025,0.07119374879420609,0.42,1,0,False,No Significativo
2026,0.8017227769799548,0.009,3,3,True,LH (Low surrounded by High)
2027,0.2873107585560404,0.058,1,0,False,No Significativo
2028,0.5272628381495917,0.009,3,3,True,LH (Low surrounded by High)
2029,1.3212046472837813,0.008,3,3,True,LH (Low surrounded by High)
2030,0.6846087365035607,0.017,1,1,True,HH (Hot Spot)
2031,1.275770389175439,0.006,1,1,True,HH (Hot Spot)
2032,0.5662924226725172,0.036,1,1,True,HH (Hot Spot)
2033,0.07407984675676632,0.336,3,0,False,No Significativo
2034,0.02873117996456687,0.344,1,0,False,No Significativo
2035,1.2794574706183668,0.002,1,1,True,HH (Hot Spot)
2036,3.326771625074285,0.001,3,3,True,LH (Low surrounded by High)
2037,0.004147144054876048,0.304,3,0,False,No Significativo
2038,0.27557922457767803,0.022,1,1,True,HH (Hot Spot)
2039,0.4659016000343559,0.073,1,0,False,No Significativo
2040,1.1984882712746976,0.03,3,3,True,LH (Low surrounded by High)
2041,0.44955908826597185,0.108,1,0,False,No Significativo
2042,3.4823740791601443,0.003,3,3,True,LH (Low surrounded by High)
2043,0.8413476235200391,0.028,1,1,True,HH (Hot Spot)
2044,1.0751810098562722,0.024,3,3,True,LH (Low surrounded by High)
2045,0.19181124366631144,0.168,1,0,False,No Significativo
2046,0.05091904384664142,0.348,3,0,False,No Significativo
2047,1.9147473380614064,0.001,3,3,True,LH (Low surrounded by High)
2048,1.186277588563567,0.004,1,1,True,HH (Hot Spot)
2049,0.6600578221611908,0.046,3,3,True,LH (Low surrounded by High)
2050,0.0544875840632472,0.224,3,0,False,No Significativo
2051,-0.5254232146625057,0.004,4,4,True,HL (High surrounded by Low)
2052,0.0002955989080542367,0.448,1,0,False,No Significativo
2053,0.1782301479790706,0.321,3,0,False,No Significativo
2054,0.17063130915017577,0.02,1,1,True,HH (Hot Spot)
2055,0.32657767369454505,0.096,3,0,False,No Significativo
2056,0.23713025593411424,0.11,1,0,False,No Significativo
2057,0.7495676906798259,0.021,3,3,True,LH (Low surrounded by High)
2058,0.851134489863307,0.081,1,0,False,No Significativo
2059,0.02402739738248557,0.266,1,0,False,No Significativo
2060,2.6838627344732955,0.008,3,3,True,LH (Low surrounded by High)
2062,0.31101815344538664,0.053,1,0,False,No Significativo
2063,-0.05065264807069806,0.222,2,0,False,No Significativo
2064,0.3905948481251468,0.066,1,0,False,No Significativo
2065,0.7916898698577657,0.018,3,3,True,LH (Low surrounded by High)
2066,1.3122770980410836,0.002,1,1,True,HH (Hot Spot)
2067,1.0281553776384842,0.005,1,1,True,HH (Hot Spot)
2068,0.766338741293989,0.002,1,1,True,HH (Hot Spot)
2069,1.396425415852841,0.004,3,3,True,LH (Low surrounded by High)
2070,0.10410024879015269,0.275,1,0,False,No Significativo
2071,-0.021410576081016233,0.182,2,0,False,No Significativo
2072,0.537019278577192,0.029,3,3,True,LH (Low surrounded by High)
2073,1.577706719162803,0.002,1,1,True,HH (Hot Spot)
2074,0.33862561558743837,0.187,3,0,False,No Significativo
2075,0.2988791494790566,0.037,3,3,True,LH (Low surrounded by High)
2076,0.11483927078473379,0.349,3,0,False,No Significativo
2077,0.19974078686965058,0.065,1,0,False,No Significativo
2078,0.021494932200027492,0.371,1,0,False,No Significativo
2079,2.386580157547035,0.007,3,3,True,LH (Low surrounded by High)
2080,1.9995322276677687,0.006,3,3,True,LH (Low surrounded by High)
2081,0.025826355107945804,0.349,1,0,False,No Significativo
2082,3.176865378698406,0.001,1,1,True,HH (Hot Spot)
2083,-0.0627612704485979,0.328,2,0,False,No Significativo
2084,1.5464491430981122,0.007,3,3,True,LH (Low surrounded by High)
2085,-0.0020046303920337777,0.162,4,0,False,No Significativo
2086,1.3267105617285604,0.026,3,3,True,LH (Low surrounded by High)
2087,0.1316763971551657,0.308,3,0,False,No Significativo
2088,0.7916647353429934,0.011,1,1,True,HH (Hot Spot)
2089,4.7781305731786885,0.001,3,3,True,LH (Low surrounded by High)
2090,0.3870235021575738,0.047,3,3,True,LH (Low surrounded by High)
2091,-0.07924706960082874,0.464,2,0,False,No Significativo
2092,1.3092060097250608,0.011,1,1,True,HH (Hot Spot)
2093,-0.005099018148099275,0.464,4,0,False,No Significativo
2094,3.6533688517678415,0.001,3,3,True,LH (Low surrounded by High)
2095,0.016346172003265637,0.241,1,0,False,No Significativo
2096,0.0024066692228439357,0.35,3,0,False,No Significativo
2097,0.6122500391203909,0.044,3,3,True,LH (Low surrounded by High)
2098,2.2495547766851955,0.001,3,3,True,LH (Low surrounded by High)
2099,0.04562420722422268,0.187,1,0,False,No Significativo
2100,-0.09200653321060655,0.169,2,0,False,No Significativo
2101,0.6195590473035306,0.01,1,1,True,HH (Hot Spot)
2102,2.231553252997015,0.035,3,3,True,LH (Low surrounded by High)
2103,-0.046808441524424656,0.419,4,0,False,No Significativo
2104,0.9896278822955019,0.004,1,1,True,HH (Hot Spot)
2105,0.8485032917106067,0.011,1,1,True,HH (Hot Spot)
2106,0.03462131751735421,0.276,3,0,False,No Significativo
2107,2.723362497423915,0.001,3,3,True,LH (Low surrounded by High)
2108,0.01968112245908841,0.446,1,0,False,No Significativo
2109,0.014520115585527843,0.286,3,0,False,No Significativo
2110,0.2152450677304546,0.209,3,0,False,No Significativo
2111,0.07199037693256058,0.302,1,0,False,No Significativo
2112,0.2805768831475802,0.143,1,0,False,No Significativo
2113,0.809510760245996,0.018,3,3,True,LH (Low surrounded by High)
2114,0.7124674852538271,0.038,3,3,True,LH (Low surrounded by High)
2115,0.06179998598298214,0.064,1,0,False,No Significativo
2116,2.092281017407526,0.001,3,3,True,LH (Low surrounded by High)
2117,1.6946181185229034,0.014,3,3,True,LH (Low surrounded by High)
2118,1.2226086753920782,0.004,3,3,True,LH (Low surrounded by High)
2119,-0.08589084037618881,0.017,2,2,True,LL (Cold Spot)
2120,0.7037833426254091,0.003,3,3,True,LH (Low surrounded by High)
2121,-0.014372477295508172,0.391,2,0,False,No Significativo
2122,1.777718218581407,0.002,1,1,True,HH (Hot Spot)
2123,1.1958503945808205,0.012,1,1,True,HH (Hot Spot)
2124,4.168368356618413,0.001,3,3,True,LH (Low surrounded by High)
2125,0.0010604570894592804,0.479,3,0,False,No Significativo
2126,0.017520722393035364,0.315,1,0,False,No Significativo
2127,0.9044027623663121,0.006,1,1,True,HH (Hot Spot)
2128,-0.00017439230318985912,0.467,4,0,False,No Significativo
2129,0.3105568171558833,0.054,1,0,False,No Significativo
2130,0.11775576470260626,0.052,1,0,False,No Significativo
2131,0.18519405270493886,0.279,1,0,False,No Significativo
2132,0.5671559378355355,0.08,3,0,False,No Significativo
2133,0.07289780264993176,0.269,1,0,False,No Significativo
2134,0.7966813347989764,0.002,1,1,True,HH (Hot Spot)
2135,0.7805256059424306,0.04,1,1,True,HH (Hot Spot)
2136,4.571249738268706,0.001,1,1,True,HH (Hot Spot)
2137,1.1787015703340045,0.007,3,3,True,LH (Low surrounded by High)
2138,0.10253112875274503,0.232,1,0,False,No Significativo
2139,0.4002350233981016,0.055,1,0,False,No Significativo
2140,1.6436937252335826,0.002,1,1,True,HH (Hot Spot)
2141,-0.04312905464325066,0.287,4,0,False,No Significativo
2142,0.07679582994951711,0.44,3,0,False,No Significativo
2143,0.7215173663702863,0.004,1,1,True,HH (Hot Spot)
2144,-0.02969278050433577,0.192,4,0,False,No Significativo
2145,1.6574784151784827,0.003,3,3,True,LH (Low surrounded by High)
2146,0.007539942775524491,0.494,1,0,False,No Significativo
2147,0.08806097755991137,0.225,1,0,False,No Significativo
2148,-0.010632437826422796,0.478,2,0,False,No Significativo
2149,2.7402505105523853,0.001,3,3,True,LH (Low surrounded by High)
2150,0.00636977099387943,0.496,1,0,False,No Significativo
2151,0.6830656489997459,0.053,1,0,False,No Significativo
2152,0.8632297050856682,0.002,1,1,True,HH (Hot Spot)
2153,0.0030611693371424696,0.491,1,0,False,No Significativo
2154,0.3688039109783377,0.121,3,0,False,No Significativo
2155,0.19741964836147852,0.18,3,0,False,No Significativo
2156,0.019301062232760097,0.07,1,0,False,No Significativo
2157,0.2537417890515877,0.147,3,0,False,No Significativo
2158,0.40615093405111496,0.014,1,1,True,HH (Hot Spot)
2159,-0.014168533282514177,0.374,4,0,False,No Significativo
2160,0.8401558188450701,0.019,3,3,True,LH (Low surrounded by High)
2161,0.4367452027101845,0.085,3,0,False,No Significativo
2162,3.0650883321694273,0.001,1,1,True,HH (Hot Spot)
2163,0.3024234889966773,0.103,1,0,False,No Significativo
2164,0.7577167305745262,0.005,1,1,True,HH (Hot Spot)
2165,0.05278805145866283,0.356,1,0,False,No Significativo
2166,-0.031723702530448455,0.251,4,0,False,No Significativo
2167,0.5892971788335567,0.056,3,0,False,No Significativo
2168,0.2337670112147683,0.012,1,1,True,HH (Hot Spot)
2169,0.0524878411162719,0.241,1,0,False,No Significativo
2170,-0.01628137469522991,0.451,2,0,False,No Significativo
2171,0.4150847368017905,0.066,1,0,False,No Significativo
2172,4.578789615453743,0.001,3,3,True,LH (Low surrounded by High)
2173,0.8810879507690935,0.014,1,1,True,HH (Hot Spot)
2174,1.0715276761494577,0.002,1,1,True,HH (Hot Spot)
2175,2.0463217947845163,0.003,3,3,True,LH (Low surrounded by High)
2176,-0.025268264742580687,0.461,2,0,False,No Significativo
2177,-0.0068302966380721,0.398,4,0,False,No Significativo
2178,0.08885386193986257,0.327,1,0,False,No Significativo
2179,2.764693993376895,0.001,1,1,True,HH (Hot Spot)
2180,3.5583028236187912,0.001,1,1,True,HH (Hot Spot)
2181,2.7450646597971873,0.001,1,1,True,HH (Hot Spot)
2182,1.951567926537316,0.003,3,3,True,LH (Low surrounded by High)
2183,0.01583947762764633,0.464,1,0,False,No Significativo
2184,0.8731149600473698,0.005,1,1,True,HH (Hot Spot)
2185,3.487415462769176,0.001,3,3,True,LH (Low surrounded by High)
2186,0.07604647002704683,0.248,3,0,False,No Significativo
2187,0.010575039274144927,0.079,1,0,False,No Significativo
2188,1.337729443572683,0.008,1,1,True,HH (Hot Spot)
2189,0.026264071488699515,0.28,3,0,False,No Significativo
2190,2.3129640722132665,0.001,1,1,True,HH (Hot Spot)
2191,0.35738479152911085,0.067,1,0,False,No Significativo
2192,-0.000762565880791703,0.479,4,0,False,No Significativo
2193,2.184660957162649,0.001,1,1,True,HH (Hot Spot)
2194,0.29011497210399334,0.185,3,0,False,No Significativo
2195,0.02965896514944684,0.227,3,0,False,No Significativo
2196,0.9206949710163103,0.007,3,3,True,LH (Low surrounded by High)
2197,-0.06442939490731962,0.385,2,0,False,No Significativo
2198,0.05846656543128796,0.34,1,0,False,No Significativo
2199,0.7689090345660424,0.008,1,1,True,HH (Hot Spot)
2200,1.5115902979915885,0.001,3,3,True,LH (Low surrounded by High)
2201,-0.025402165210874853,0.355,4,0,False,No Significativo
2202,1.6596516430328367,0.002,1,1,True,HH (Hot Spot)
2203,0.3087723941242973,0.047,3,3,True,LH (Low surrounded by High)
2204,0.02071223818458247,0.448,3,0,False,No Significativo
2205,0.0905029270900533,0.319,1,0,False,No Significativo
2206,0.060523209169852175,0.01,1,1,True,HH (Hot Spot)
2207,0.008784043179732833,0.009,1,1,True,HH (Hot Spot)
2208,0.3430326165633569,0.053,3,0,False,No Significativo
2209,2.274089304320304,0.001,1,1,True,HH (Hot Spot)
2210,0.5596344286677047,0.079,1,0,False,No Significativo
2211,0.20061541787240664,0.035,1,1,True,HH (Hot Spot)
2212,0.2004589773050407,0.089,1,0,False,No Significativo
2213,-0.03275457408440263,0.388,2,0,False,No Significativo
2214,-0.008144288439219466,0.29,4,0,False,No Significativo
2215,1.492653514288101,0.007,1,1,True,HH (Hot Spot)
2216,4.901129706343205,0.001,3,3,True,LH (Low surrounded by High)
2217,0.42589712101279925,0.057,3,0,False,No Significativo
2218,1.6734353238497517,0.001,1,1,True,HH (Hot Spot)
2219,0.06851758440109047,0.181,3,0,False,No Significativo
2220,3.396924101076945,0.003,3,3,True,LH (Low surrounded by High)
2221,0.5167121198401816,0.01,3,3,True,LH (Low surrounded by High)
2222,0.025214055815832175,0.298,1,0,False,No Significativo
2223,3.416984317645791,0.001,1,1,True,HH (Hot Spot)
2224,0.07073642403970876,0.07,1,0,False,No Significativo
2225,0.4726659839689002,0.046,3,3,True,LH (Low surrounded by High)
2226,0.023377147902106488,0.452,1,0,False,No Significativo
2227,0.04933265886019606,0.355,3,0,False,No Significativo
2228,0.07087569662197972,0.175,3,0,False,No Significativo
2229,0.16125330301933724,0.032,3,3,True,LH (Low surrounded by High)
2230,3.2662450602367095,0.001,3,3,True,LH (Low surrounded by High)
2231,1.3473569683201734,0.004,3,3,True,LH (Low surrounded by High)
2232,4.845029371761827,0.001,3,3,True,LH (Low surrounded by High)
2233,0.6685143280652734,0.092,3,0,False,No Significativo
2234,0.0608938568940493,0.12,1,0,False,No Significativo
2235,0.056895684648128435,0.14,3,0,False,No Significativo
2236,0.0008134413528540755,0.472,3,0,False,No Significativo
2237,2.035349488897627,0.001,3,3,True,LH (Low surrounded by High)
2238,0.14916750022042014,0.394,3,0,False,No Significativo
2239,3.0277066445670306,0.001,3,3,True,LH (Low surrounded by High)
2240,0.5656320086150464,0.013,1,1,True,HH (Hot Spot)
2241,1.5709109631761942,0.001,1,1,True,HH (Hot Spot)
2242,0.8452481963142425,0.023,1,1,True,HH (Hot Spot)
2243,4.21711531745938,0.001,3,3,True,LH (Low surrounded by High)
2244,2.5030445072579512,0.001,3,3,True,LH (Low surrounded by High)
2245,-0.004930527851317197,0.439,2,0,False,No Significativo
2246,1.2647752423207215,0.003,3,3,True,LH (Low surrounded by High)
2247,-0.02266119769876597,0.429,4,0,False,No Significativo
2248,-0.049345501651487024,0.403,4,0,False,No Significativo
2249,1.4835863713966295,0.007,3,3,True,LH (Low surrounded by High)
2250,0.001890252846346367,0.127,1,0,False,No Significativo
2251,0.004846138283071686,0.424,3,0,False,No Significativo
2252,-0.015054115319225632,0.437,4,0,False,No Significativo
2253,-0.007579030244402975,0.25,2,0,False,No Significativo
2254,1.3613521222164315,0.003,3,3,True,LH (Low surrounded by High)
2255,0.22040966410741397,0.062,1,0,False,No Significativo
2256,1.3028200428215775,0.008,1,1,True,HH (Hot Spot)
2257,0.44775648241806715,0.037,1,1,True,HH (Hot Spot)
2258,0.033411695480963795,0.394,3,0,False,No Significativo
2259,3.4832538572962153,0.001,1,1,True,HH (Hot Spot)
2260,3.3439164146755087,0.001,3,3,True,LH (Low surrounded by High)
2261,-0.01368634556290148,0.338,4,0,False,No Significativo
2262,0.32932051310567967,0.059,1,0,False,No Significativo
2263,0.6459637693324246,0.029,3,3,True,LH (Low surrounded by High)
2264,0.05326640936331755,0.371,3,0,False,No Significativo
2265,0.9302582701823571,0.018,1,1,True,HH (Hot Spot)
2266,1.867952500608753,0.002,1,1,True,HH (Hot Spot)
2268,0.19645454302562373,0.24,1,0,False,No Significativo
2269,0.6962716167312829,0.013,1,1,True,HH (Hot Spot)
2270,0.946411251538208,0.029,3,3,True,LH (Low surrounded by High)
2271,0.09456587322925747,0.244,1,0,False,No Significativo
2272,0.040661142408155604,0.246,1,0,False,No Significativo
2273,2.6154271360157324,0.001,3,3,True,LH (Low surrounded by High)
2274,0.6571924645548318,0.012,1,1,True,HH (Hot Spot)
2275,0.00258852173946681,0.454,1,0,False,No Significativo
2276,0.015320816774394144,0.453,1,0,False,No Significativo
2277,0.1703160122689695,0.065,1,0,False,No Significativo
2278,0.6938233324747827,0.001,3,3,True,LH (Low surrounded by High)
2279,0.23786175869925935,0.149,1,0,False,No Significativo
2280,0.02427287051841492,0.427,3,0,False,No Significativo
2281,0.2562462176517805,0.316,1,0,False,No Significativo
2282,0.026506918769163723,0.198,3,0,False,No Significativo
2283,-2.378250909383868e-05,0.303,2,0,False,No Significativo
2284,1.169719436994683,0.003,3,3,True,LH (Low surrounded by High)
2285,0.011513124199844661,0.497,1,0,False,No Significativo
2286,0.6525866623543549,0.02,1,1,True,HH (Hot Spot)
2287,0.057175549316742014,0.236,1,0,False,No Significativo
2288,0.6053242049207225,0.009,1,1,True,HH (Hot Spot)
2289,0.01620612428182795,0.132,3,0,False,No Significativo
2290,1.0851125385539413,0.026,3,3,True,LH (Low surrounded by High)
2291,0.649883340556944,0.068,1,0,False,No Significativo
2292,0.8142929325752677,0.064,1,0,False,No Significativo
2293,1.220581998299541,0.002,1,1,True,HH (Hot Spot)
2294,0.7581446775999657,0.021,1,1,True,HH (Hot Spot)
2295,0.004197650152880271,0.487,1,0,False,No Significativo
2296,0.3142865586992187,0.157,3,0,False,No Significativo
2297,0.5170585577833192,0.059,3,0,False,No Significativo
2298,1.2590228898640892,0.003,1,1,True,HH (Hot Spot)
2299,-0.004628108243855863,0.371,4,0,False,No Significativo
2300,-0.014532357703704141,0.326,4,0,False,No Significativo
2301,0.02039058891039378,0.436,1,0,False,No Significativo
2302,0.8580891731616145,0.009,1,1,True,HH (Hot Spot)
2303,2.64799419317184,0.004,3,3,True,LH (Low surrounded by High)
2304,0.6365837074032343,0.058,3,0,False,No Significativo
2305,1.917511471854588,0.001,1,1,True,HH (Hot Spot)
2306,0.07593043799108756,0.35,3,0,False,No Significativo
2307,0.1919874403303314,0.057,1,0,False,No Significativo
2308,1.2798748806594475,0.003,3,3,True,LH (Low surrounded by High)
2309,0.6461524172547343,0.065,3,0,False,No Significativo
2310,1.2417132225876315,0.01,3,3,True,LH (Low surrounded by High)
2311,0.1321697691831324,0.233,3,0,False,No Significativo
2312,0.11425103920405824,0.285,1,0,False,No Significativo
2313,0.9877196770384741,0.03,3,3,True,LH (Low surrounded by High)
2314,0.6612184095844016,0.012,1,1,True,HH (Hot Spot)
2315,3.34421494623628,0.001,3,3,True,LH (Low surrounded by High)
2316,1.541546484773889,0.003,3,3,True,LH (Low surrounded by High)
2317,0.2282785303087702,0.034,3,3,True,LH (Low surrounded by High)
2318,1.667932576823563,0.008,3,3,True,LH (Low surrounded by High)
2319,0.0971576272458295,0.126,3,0,False,No Significativo
2320,3.807287782615966,0.001,3,3,True,LH (Low surrounded by High)
2321,0.019512705594726152,0.462,1,0,False,No Significativo
2322,0.12042423302565768,0.301,3,0,False,No Significativo
2323,0.9337237866811662,0.024,1,1,True,HH (Hot Spot)
2324,0.5050198221123658,0.074,3,0,False,No Significativo
2325,1.1059691230701225,0.003,3,3,True,LH (Low surrounded by High)
2326,-0.389448537820407,0.263,2,0,False,No Significativo
2327,0.01774086172731056,0.46,1,0,False,No Significativo
2328,0.6257200698799655,0.008,1,1,True,HH (Hot Spot)
2329,0.5624612061531257,0.033,3,3,True,LH (Low surrounded by High)
2330,-0.06924674815067561,0.364,4,0,False,No Significativo
2331,0.9894003756666844,0.011,1,1,True,HH (Hot Spot)
2332,0.19701918184531148,0.086,1,0,False,No Significativo
2333,0.15329485421508796,0.311,3,0,False,No Significativo
2334,0.6371542913318647,0.012,1,1,True,HH (Hot Spot)
2335,0.13205800399141066,0.216,1,0,False,No Significativo
2336,0.10158068162381997,0.344,3,0,False,No Significativo
2337,0.08435683110621604,0.304,3,0,False,No Significativo
2338,-0.030713150097769704,0.1,2,0,False,No Significativo
2339,1.568764784994264,0.003,3,3,True,LH (Low surrounded by High)
2340,0.15831988694362922,0.134,3,0,False,No Significativo
2341,0.1718632373758688,0.042,1,1,True,HH (Hot Spot)
2342,1.4011482283926153,0.005,3,3,True,LH (Low surrounded by High)
2343,1.8466904205638905,0.001,1,1,True,HH (Hot Spot)
2344,1.9215958645850062,0.001,3,3,True,LH (Low surrounded by High)
2345,0.5028382515534362,0.069,3,0,False,No Significativo
2346,0.8674425406731922,0.004,1,1,True,HH (Hot Spot)
2347,0.3154183414723696,0.232,1,0,False,No Significativo
2348,3.713861958224237,0.001,3,3,True,LH (Low surrounded by High)
2349,0.06510001810725541,0.119,1,0,False,No Significativo
2350,0.30911251524655786,0.15,1,0,False,No Significativo
2351,1.059495962656187,0.009,1,1,True,HH (Hot Spot)
2352,0.0032314638061218042,0.158,1,0,False,No Significativo
2353,-0.04196771311794421,0.398,4,0,False,No Significativo
2354,1.7787943155970027,0.025,3,3,True,LH (Low surrounded by High)
2355,1.0890645981603413,0.035,1,1,True,HH (Hot Spot)
2356,0.11287273189734091,0.355,1,0,False,No Significativo
2357,0.009591435117107023,0.438,3,0,False,No Significativo
2358,0.21601824946630505,0.265,1,0,False,No Significativo
2359,0.41961229167101116,0.008,1,1,True,HH (Hot Spot)
2360,-0.07470558289678036,0.099,4,0,False,No Significativo
2361,0.4491422161904546,0.012,3,3,True,LH (Low surrounded by High)
2362,0.4767432898839964,0.031,1,1,True,HH (Hot Spot)
2363,1.138268394551114,0.004,1,1,True,HH (Hot Spot)
2364,0.42926297192929797,0.113,3,0,False,No Significativo
2365,0.1604167718523168,0.15,3,0,False,No Significativo
2366,0.07256867373336942,0.393,1,0,False,No Significativo
2367,0.7698835459690989,0.013,1,1,True,HH (Hot Spot)
2368,-0.043290820973433494,0.308,2,0,False,No Significativo
2369,0.9485721558785,0.007,3,3,True,LH (Low surrounded by High)
2370,0.4496808768441609,0.055,3,0,False,No Significativo
2371,0.05946059089523702,0.326,3,0,False,No Significativo
2372,0.07695683228346481,0.102,1,0,False,No Significativo
2373,-0.04035078957726322,0.291,2,0,False,No Significativo
2374,-0.001352158944989696,0.484,2,0,False,No Significativo
2375,2.7326336644179854,0.001,3,3,True,LH (Low surrounded by High)
2376,-0.002255023039109425,0.5,2,0,False,No Significativo
2377,0.6129593468020222,0.009,1,1,True,HH (Hot Spot)
2378,1.8722933964250494,0.001,1,1,True,HH (Hot Spot)
2379,0.085232820553411,0.401,1,0,False,No Significativo
2380,-0.05779322375819196,0.374,2,0,False,No Significativo
2381,1.0470582882396524,0.019,3,3,True,LH (Low surrounded by High)
2382,0.23058009439618526,0.144,1,0,False,No Significativo
2383,0.6308837636500615,0.027,1,1,True,HH (Hot Spot)
2384,-0.03352070690379511,0.416,4,0,False,No Significativo
2385,0.09042777955940469,0.171,1,0,False,No Significativo
2386,-0.11426103988471366,0.378,2,0,False,No Significativo
2387,-0.07702818062210977,0.043,4,4,True,HL (High surrounded by Low)
2388,0.45542760880352556,0.103,3,0,False,No Significativo
2389,0.9376544159002782,0.029,3,3,True,LH (Low surrounded by High)
2390,2.9290339137416646,0.001,1,1,True,HH (Hot Spot)
2391,-0.0027838536556638468,0.397,4,0,False,No Significativo
2392,1.1177809613913234,0.003,1,1,True,HH (Hot Spot)
2393,0.05707444403532525,0.325,3,0,False,No Significativo
2394,0.1802421057252549,0.057,3,0,False,No Significativo
2395,0.437891713069956,0.073,1,0,False,No Significativo
2396,-0.01707033247933532,0.48,2,0,False,No Significativo
2397,1.5837843295879621,0.001,3,3,True,LH (Low surrounded by High)
2398,0.15803849894258962,0.041,1,1,True,HH (Hot Spot)
2399,0.30460805032129507,0.053,3,0,False,No Significativo
2400,-0.32274377719689096,0.001,2,2,True,LL (Cold Spot)
2401,2.0428406148153906,0.003,3,3,True,LH (Low surrounded by High)
2402,1.1991518736422107,0.024,1,1,True,HH (Hot Spot)
2403,0.010819573434752781,0.268,3,0,False,No Significativo
2404,-0.012958254670428966,0.482,2,0,False,No Significativo
2405,2.648487386711003,0.001,1,1,True,HH (Hot Spot)
2406,1.9903598322120593,0.001,1,1,True,HH (Hot Spot)
2407,3.4003010516958643,0.001,1,1,True,HH (Hot Spot)
2408,0.9154055079927789,0.049,3,3,True,LH (Low surrounded by High)
2409,0.3739816804114623,0.168,1,0,False,No Significativo
2410,0.023752642655475317,0.4,3,0,False,No Significativo
2411,0.49582221131277493,0.066,1,0,False,No Significativo
2412,3.6697851864133537,0.001,3,3,True,LH (Low surrounded by High)
2413,0.22368519031334072,0.141,3,0,False,No Significativo
2414,1.212787942352869,0.017,1,1,True,HH (Hot Spot)
2415,0.6766977065820617,0.024,1,1,True,HH (Hot Spot)
2416,-0.05377209133958119,0.289,2,0,False,No Significativo
2417,0.3030367065438938,0.025,1,1,True,HH (Hot Spot)
2418,0.4512257178405526,0.188,1,0,False,No Significativo
2419,0.0867665604307369,0.299,3,0,False,No Significativo
2420,2.896401695204925,0.001,1,1,True,HH (Hot Spot)
2421,0.8661740325895572,0.044,3,3,True,LH (Low surrounded by High)
2422,-0.10787178534003403,0.193,4,0,False,No Significativo
2423,1.9319667430360996,0.004,3,3,True,LH (Low surrounded by High)
2424,0.048702679567354246,0.418,1,0,False,No Significativo
2425,1.8921265257623896,0.001,1,1,True,HH (Hot Spot)
2426,0.08159605421117112,0.204,3,0,False,No Significativo
2427,2.1467518956269287,0.007,3,3,True,LH (Low surrounded by High)
2428,0.2673875283045109,0.19,3,0,False,No Significativo
2429,0.06429937258648907,0.395,3,0,False,No Significativo
2430,0.9336076264611812,0.005,1,1,True,HH (Hot Spot)
2431,0.6076196202646691,0.027,3,3,True,LH (Low surrounded by High)
2432,0.11687761942265947,0.328,1,0,False,No Significativo
2433,-0.01546603950993449,0.374,4,0,False,No Significativo
2434,0.015192306265347115,0.405,1,0,False,No Significativo
2435,0.7793861708775057,0.028,1,1,True,HH (Hot Spot)
2436,0.8690310898773738,0.049,3,3,True,LH (Low surrounded by High)
2437,1.6058558287855327,0.007,3,3,True,LH (Low surrounded by High)
2438,-0.018117090034644127,0.064,2,0,False,No Significativo
2439,0.6985163296832347,0.191,3,0,False,No Significativo
2440,-0.00013282759214187348,0.285,2,0,False,No Significativo
2441,1.7998841067266367,0.004,3,3,True,LH (Low surrounded by High)
2442,0.0031139850260394454,0.458,1,0,False,No Significativo
2443,0.7835184373288239,0.01,1,1,True,HH (Hot Spot)
2444,3.3939877542699075,0.001,3,3,True,LH (Low surrounded by High)
2445,-0.0276085247185028,0.379,4,0,False,No Significativo
2446,1.4065669843725659,0.001,1,1,True,HH (Hot Spot)
2447,0.39490663694734995,0.044,1,1,True,HH (Hot Spot)
2448,0.0047954661669042855,0.423,1,0,False,No Significativo
2449,0.7436126997398588,0.032,1,1,True,HH (Hot Spot)
2450,0.6303720138511976,0.041,3,3,True,LH (Low surrounded by High)
2451,0.3621954127167806,0.049,1,1,True,HH (Hot Spot)
2452,1.4819710200543619,0.005,1,1,True,HH (Hot Spot)
2453,1.4148269146182209,0.015,3,3,True,LH (Low surrounded by High)
2454,0.015161430051818017,0.191,3,0,False,No Significativo
2455,0.08653706390530967,0.262,3,0,False,No Significativo
2456,0.3809140303608092,0.125,1,0,False,No Significativo
2457,0.5681838773653712,0.082,3,0,False,No Significativo
2458,0.09431973189401997,0.3,3,0,False,No Significativo
2459,1.556712930529107,0.004,1,1,True,HH (Hot Spot)
2460,0.12339198713342614,0.242,3,0,False,No Significativo
2461,2.9948308104944408,0.001,3,3,True,LH (Low surrounded by High)
2462,0.5307122778732334,0.005,3,3,True,LH (Low surrounded by High)
2463,4.565216319841463,0.001,3,3,True,LH (Low surrounded by High)
2464,0.024229685096106613,0.451,3,0,False,No Significativo
2465,2.1166162492242946,0.003,1,1,True,HH (Hot Spot)
2466,0.2295668707694032,0.179,1,0,False,No Significativo
2467,0.31393204040625916,0.189,3,0,False,No Significativo
2468,0.9711648307090498,0.026,1,1,True,HH (Hot Spot)
2469,1.707277545719334,0.003,3,3,True,LH (Low surrounded by High)
2470,-0.04230803311279337,0.443,2,0,False,No Significativo
2471,2.0075429912552427,0.001,3,3,True,LH (Low surrounded by High)
2472,0.7760574429525617,0.009,1,1,True,HH (Hot Spot)
2473,0.0026870385607229157,0.425,3,0,False,No Significativo
2474,0.7770340688094867,0.023,1,1,True,HH (Hot Spot)
2475,3.039086580181193,0.001,3,3,True,LH (Low surrounded by High)
2476,0.4837357290173477,0.008,3,3,True,LH (Low surrounded by High)
2477,0.09014897388457113,0.363,1,0,False,No Significativo
2478,3.975141793533396,0.001,3,3,True,LH (Low surrounded by High)
2479,0.6581869668544428,0.021,1,1,True,HH (Hot Spot)
2480,1.8871764518352245,0.001,3,3,True,LH (Low surrounded by High)
2481,0.2519076133076576,0.095,3,0,False,No Significativo
2482,1.1869407749457384,0.008,3,3,True,LH (Low surrounded by High)
2483,0.028305873860686476,0.456,1,0,False,No Significativo
2484,1.3358765473693621,0.008,3,3,True,LH (Low surrounded by High)
2485,0.21369822570096147,0.239,3,0,False,No Significativo
2486,0.7009163485064293,0.027,1,1,True,HH (Hot Spot)
2487,-0.24478948731804226,0.153,4,0,False,No Significativo
2488,0.041388434560060874,0.35,1,0,False,No Significativo
2489,1.0605604293088022,0.008,3,3,True,LH (Low surrounded by High)
2490,0.3995824140449491,0.009,1,1,True,HH (Hot Spot)
2491,-0.09306624992141942,0.068,2,0,False,No Significativo
2492,0.7347077620168746,0.011,1,1,True,HH (Hot Spot)
2493,0.214108394701139,0.088,3,0,False,No Significativo
2494,1.133456379764481,0.001,1,1,True,HH (Hot Spot)
2495,2.447935302245929,0.001,1,1,True,HH (Hot Spot)
2496,3.3789415329843027,0.001,3,3,True,LH (Low surrounded by High)
2497,0.013123307113411382,0.36,3,0,False,No Significativo
2498,-0.12631970713828283,0.37,2,0,False,No Significativo
2499,0.3939573354446669,0.062,1,0,False,No Significativo
2500,0.3213490551992941,0.045,3,3,True,LH (Low surrounded by High)
2501,0.47121788486812394,0.181,3,0,False,No Significativo
2502,0.23196011811506184,0.063,1,0,False,No Significativo
2503,0.9284621301333909,0.005,1,1,True,HH (Hot Spot)
2504,0.014552441481360695,0.461,3,0,False,No Significativo
2505,0.6127823707615768,0.055,1,0,False,No Significativo
2506,1.622874832569209,0.014,3,3,True,LH (Low surrounded by High)
2507,0.6970025914529187,0.009,1,1,True,HH (Hot Spot)
2508,1.0775109186904381,0.015,3,3,True,LH (Low surrounded by High)
2509,1.1827506200350986,0.025,1,1,True,HH (Hot Spot)
2510,0.06410369728819901,0.33,3,0,False,No Significativo
2511,3.8875043864142467,0.001,3,3,True,LH (Low surrounded by High)
2512,1.957289960805589,0.005,3,3,True,LH (Low surrounded by High)
2513,-0.010262306357139843,0.406,2,0,False,No Significativo
2514,-0.14587890509429763,0.243,4,0,False,No Significativo
2515,-0.02781472621911862,0.156,2,0,False,No Significativo
2516,0.17457845259661875,0.152,1,0,False,No Significativo
2517,0.019567447606271358,0.29,3,0,False,No Significativo
2518,-0.02410118023736348,0.41,2,0,False,No Significativo
2519,0.6529281590802058,0.037,3,3,True,LH (Low surrounded by High)
2520,1.276293210272794,0.008,3,3,True,LH (Low surrounded by High)
2521,0.011192681554076498,0.472,1,0,False,No Significativo
2522,0.1937156590207307,0.151,1,0,False,No Significativo
2523,2.797284622099873,0.001,3,3,True,LH (Low surrounded by High)
2524,0.3832828202572179,0.247,3,0,False,No Significativo
2525,0.0816023540748865,0.203,1,0,False,No Significativo
2526,-0.03304651563370253,0.413,4,0,False,No Significativo
2527,0.4056870529734774,0.019,3,3,True,LH (Low surrounded by High)
2528,1.719013400299465,0.002,1,1,True,HH (Hot Spot)
2529,1.221654168963979,0.005,1,1,True,HH (Hot Spot)
2530,1.687273478113318,0.001,1,1,True,HH (Hot Spot)
2531,-0.001022510547692942,0.491,2,0,False,No Significativo
2532,0.11304192350341741,0.064,1,0,False,No Significativo
2533,0.35010345806163534,0.088,3,0,False,No Significativo
2534,1.6468011025735454,0.019,3,3,True,LH (Low surrounded by High)
2535,0.18788321106781383,0.267,3,0,False,No Significativo
2536,0.8919404916091405,0.043,3,3,True,LH (Low surrounded by High)
2537,0.05432529545864626,0.181,3,0,False,No Significativo
2538,0.052251541460373974,0.388,3,0,False,No Significativo
2539,0.6295948823584926,0.004,3,3,True,LH (Low surrounded by High)
2540,0.3268448563071571,0.079,3,0,False,No Significativo
2541,1.7927885612674022,0.001,1,1,True,HH (Hot Spot)
2542,0.9394492472241316,0.032,1,1,True,HH (Hot Spot)
2543,0.10192891256554672,0.242,1,0,False,No Significativo
2544,1.8273893151971103,0.001,3,3,True,LH (Low surrounded by High)
2545,0.5752985925223262,0.019,3,3,True,LH (Low surrounded by High)
2546,0.8259896323467573,0.008,3,3,True,LH (Low surrounded by High)
2547,-0.08220337652347501,0.167,4,0,False,No Significativo
2548,-0.006802490403996301,0.37,4,0,False,No Significativo
2549,0.5852796356038614,0.008,3,3,True,LH (Low surrounded by High)
2550,0.2313133813142992,0.054,1,0,False,No Significativo
2551,3.24670330107535,0.001,3,3,True,LH (Low surrounded by High)
2552,1.3951182389177044,0.003,3,3,True,LH (Low surrounded by High)
2553,0.004041610208735275,0.192,3,0,False,No Significativo
2555,0.05156147072601701,0.293,1,0,False,No Significativo
2556,1.5199932730753474,0.006,3,3,True,LH (Low surrounded by High)
2557,1.8570352254310536,0.002,1,1,True,HH (Hot Spot)
2558,3.195162575674862,0.001,3,3,True,LH (Low surrounded by High)
2559,0.00019207442554263244,0.498,1,0,False,No Significativo
2560,0.15038446270536784,0.279,1,0,False,No Significativo
2561,0.09760340089541845,0.187,1,0,False,No Significativo
2562,0.39320690078328896,0.087,3,0,False,No Significativo
2563,1.7746593623190299,0.003,3,3,True,LH (Low surrounded by High)
2564,0.8234287356161063,0.013,1,1,True,HH (Hot Spot)
2565,0.24266659471684862,0.068,1,0,False,No Significativo
2566,3.5149061340282004,0.001,1,1,True,HH (Hot Spot)
2567,0.9256457167903329,0.008,1,1,True,HH (Hot Spot)
2568,-0.028380352464297806,0.321,4,0,False,No Significativo
2569,1.4071410383481253,0.002,1,1,True,HH (Hot Spot)
2570,1.4515908317611323,0.002,1,1,True,HH (Hot Spot)
2571,0.035585837017553044,0.38,3,0,False,No Significativo
2572,0.27577123304543505,0.145,1,0,False,No Significativo
2573,2.9214845614742457,0.004,3,3,True,LH (Low surrounded by High)
2574,0.1407817560353296,0.275,3,0,False,No Significativo
2575,0.14750466620763555,0.214,3,0,False,No Significativo
2576,0.4157979441411094,0.093,1,0,False,No Significativo
2577,0.646683079726525,0.128,1,0,False,No Significativo
2578,0.6812790275148046,0.029,1,1,True,HH (Hot Spot)
2579,0.819975744135664,0.111,3,0,False,No Significativo
2580,0.25706120228042023,0.261,1,0,False,No Significativo
2581,1.582019643260048,0.001,1,1,True,HH (Hot Spot)
2582,1.1477823251348975,0.03,3,3,True,LH (Low surrounded by High)
2583,0.16056081118763607,0.084,3,0,False,No Significativo
2584,1.223869259577093,0.014,1,1,True,HH (Hot Spot)
2585,0.4669529638824185,0.073,1,0,False,No Significativo
2586,3.7159736128888894,0.001,3,3,True,LH (Low surrounded by High)
2587,0.5196372858731146,0.069,1,0,False,No Significativo
2588,0.7460002146603442,0.046,3,3,True,LH (Low surrounded by High)
2589,0.7272245724118334,0.026,1,1,True,HH (Hot Spot)
2590,0.050613420618109015,0.227,1,0,False,No Significativo
2591,0.8620406777339947,0.036,1,1,True,HH (Hot Spot)
2592,2.0267504868057866,0.022,3,3,True,LH (Low surrounded by High)
2593,0.07503264471727149,0.05,3,0,False,No Significativo
2594,0.2909400346015689,0.026,1,1,True,HH (Hot Spot)
2595,0.3245815440874587,0.164,3,0,False,No Significativo
2596,0.21485685485124287,0.219,1,0,False,No Significativo
2597,0.7136529059635738,0.048,1,1,True,HH (Hot Spot)
2598,3.521874035306076,0.001,1,1,True,HH (Hot Spot)
2599,1.3232009106778713,0.011,3,3,True,LH (Low surrounded by High)
2600,0.16648570498122536,0.122,1,0,False,No Significativo
2601,1.2764559653807286,0.001,1,1,True,HH (Hot Spot)
2602,0.32094939261111044,0.049,3,3,True,LH (Low surrounded by High)
2603,0.9517094785875136,0.029,3,3,True,LH (Low surrounded by High)
2604,-0.07056843308442988,0.389,4,0,False,No Significativo
2605,0.4818746022813486,0.014,1,1,True,HH (Hot Spot)
2606,0.3923334864644774,0.155,1,0,False,No Significativo
2607,0.8331777685435188,0.019,3,3,True,LH (Low surrounded by High)
2608,1.2956827399903326,0.013,3,3,True,LH (Low surrounded by High)
2609,0.231845461672686,0.106,1,0,False,No Significativo
2610,0.08002409527800516,0.405,1,0,False,No Significativo
2611,0.0009412305025763584,0.483,1,0,False,No Significativo
2612,0.13355665624898402,0.245,1,0,False,No Significativo
2613,2.1976611073651435,0.001,3,3,True,LH (Low surrounded by High)
2614,3.1899825571067706,0.001,3,3,True,LH (Low surrounded by High)
2615,-0.011777364203949082,0.405,2,0,False,No Significativo
2616,-0.012788665359422677,0.033,2,2,True,LL (Cold Spot)
2617,0.1258246454681332,0.014,1,1,True,HH (Hot Spot)
2618,-0.02879308671317365,0.129,2,0,False,No Significativo
2619,-0.05605243773197755,0.161,2,0,False,No Significativo
2620,2.114270932468238,0.001,3,3,True,LH (Low surrounded by High)
2621,1.1873066274249615,0.003,3,3,True,LH (Low surrounded by High)
2622,0.5318525060418907,0.079,3,0,False,No Significativo
2623,0.377165289644948,0.151,3,0,False,No Significativo
2624,0.8452485844534472,0.006,1,1,True,HH (Hot Spot)
2625,-0.06857917066546551,0.411,2,0,False,No Significativo
2626,0.04344182004192148,0.25,1,0,False,No Significativo
2627,0.36217423219639366,0.012,1,1,True,HH (Hot Spot)
2628,0.22371193475628864,0.242,3,0,False,No Significativo
2629,-0.0724120908062735,0.313,4,0,False,No Significativo
2630,2.4335217835852063,0.001,1,1,True,HH (Hot Spot)
2631,4.452737831654435,0.001,1,1,True,HH (Hot Spot)
2632,0.33565731802734605,0.087,1,0,False,No Significativo
2633,-0.047322223620472746,0.153,2,0,False,No Significativo
2634,0.0867421078044629,0.146,3,0,False,No Significativo
2635,0.43992634539312514,0.087,3,0,False,No Significativo
2636,0.505732652177402,0.022,1,1,True,HH (Hot Spot)
2637,2.8197667893599863,0.001,3,3,True,LH (Low surrounded by High)
2638,0.06442415503903981,0.168,3,0,False,No Significativo
2639,0.3335482345676982,0.07,1,0,False,No Significativo
2640,0.35718315628827324,0.058,3,0,False,No Significativo
2641,0.35709828576327496,0.133,3,0,False,No Significativo
2642,0.6732008616477796,0.001,1,1,True,HH (Hot Spot)
2643,0.5439166010930616,0.001,1,1,True,HH (Hot Spot)
2644,0.754942639689514,0.048,1,1,True,HH (Hot Spot)
2645,1.7769017288173288,0.001,3,3,True,LH (Low surrounded by High)
2646,0.056560393150399645,0.166,3,0,False,No Significativo
2647,1.502562580715105,0.001,1,1,True,HH (Hot Spot)
2648,0.7632396943253466,0.014,1,1,True,HH (Hot Spot)
2649,2.1517993954471506,0.001,1,1,True,HH (Hot Spot)
2650,1.798050421803256,0.002,1,1,True,HH (Hot Spot)
2651,4.124901784857927,0.001,1,1,True,HH (Hot Spot)
2652,0.4674202744246089,0.031,3,3,True,LH (Low surrounded by High)
2653,0.014045702323504801,0.396,3,0,False,No Significativo
2654,0.08800665426314686,0.27,1,0,False,No Significativo
2655,0.12008903153982095,0.006,1,1,True,HH (Hot Spot)
2656,2.63882505511198,0.001,3,3,True,LH (Low surrounded by High)
2657,0.28657749607895006,0.132,3,0,False,No Significativo
2658,0.20471732278052238,0.036,1,1,True,HH (Hot Spot)
2659,0.5080398989390414,0.013,1,1,True,HH (Hot Spot)
2660,0.20675289542458752,0.177,3,0,False,No Significativo
2661,0.0761345971580578,0.051,1,0,False,No Significativo
2662,1.6310734265681195,0.006,1,1,True,HH (Hot Spot)
2663,0.026127573294143273,0.385,1,0,False,No Significativo
2664,0.24070592845058364,0.143,3,0,False,No Significativo
2665,-0.0018421888268431318,0.356,4,0,False,No Significativo
2666,0.8706401277870928,0.003,3,3,True,LH (Low surrounded by High)
2667,1.1647285987239389,0.012,3,3,True,LH (Low surrounded by High)
2668,0.17124262260648468,0.193,1,0,False,No Significativo
2669,0.748946098816532,0.004,1,1,True,HH (Hot Spot)
2670,0.060856699421021426,0.3,1,0,False,No Significativo
2671,5.453861853569011,0.001,3,3,True,LH (Low surrounded by High)
2672,-0.0706269560418497,0.221,4,0,False,No Significativo
2673,-0.020441762037526973,0.408,2,0,False,No Significativo
2674,1.6479282328160647,0.002,1,1,True,HH (Hot Spot)
2675,0.5683728610052706,0.014,3,3,True,LH (Low surrounded by High)
2676,-0.029871583792795347,0.374,2,0,False,No Significativo
2677,-0.031187277771586027,0.399,4,0,False,No Significativo
2678,0.8538331484510013,0.011,1,1,True,HH (Hot Spot)
2679,0.6189555704775771,0.014,1,1,True,HH (Hot Spot)
2680,0.9754299846407462,0.018,3,3,True,LH (Low surrounded by High)
2681,0.34843543284111184,0.082,3,0,False,No Significativo
2682,0.03445204380083222,0.191,1,0,False,No Significativo
2683,-0.0013488034879427207,0.465,2,0,False,No Significativo
2684,-0.02160493918513266,0.32,4,0,False,No Significativo
2685,0.06688597734538025,0.392,1,0,False,No Significativo
2686,1.0077431017430125,0.038,3,3,True,LH (Low surrounded by High)
2687,0.2520848298080781,0.175,3,0,False,No Significativo
2688,0.19291354582785192,0.147,3,0,False,No Significativo
2689,0.873991057793148,0.004,1,1,True,HH (Hot Spot)
2690,3.5170395706559536,0.001,3,3,True,LH (Low surrounded by High)
2691,0.091106662592551,0.084,3,0,False,No Significativo
2692,0.02611618131417057,0.31,3,0,False,No Significativo
2693,1.6437897709970641,0.001,1,1,True,HH (Hot Spot)
2694,-0.02098270199436837,0.245,4,0,False,No Significativo
2695,-0.054227456859830304,0.143,2,0,False,No Significativo
2696,1.6983984945580048,0.001,3,3,True,LH (Low surrounded by High)
2697,0.7415581311640912,0.008,1,1,True,HH (Hot Spot)
2698,0.0022300570835864933,0.486,1,0,False,No Significativo
2699,1.941350965751488,0.001,1,1,True,HH (Hot Spot)
2700,0.04284594969094759,0.182,3,0,False,No Significativo
2701,0.005325521366940121,0.363,3,0,False,No Significativo
2702,0.03714664626096291,0.372,3,0,False,No Significativo
2703,0.6098230246104083,0.087,3,0,False,No Significativo
2704,0.03225311199989575,0.243,3,0,False,No Significativo
2705,0.3787113228327956,0.054,3,0,False,No Significativo
2706,0.32087406254271184,0.15,1,0,False,No Significativo
2707,2.3550743135288825,0.008,3,3,True,LH (Low surrounded by High)
2708,1.6490993922676218,0.018,3,3,True,LH (Low surrounded by High)
2709,0.0076814896819950565,0.207,3,0,False,No Significativo
2710,0.2156472006772864,0.152,3,0,False,No Significativo
2711,0.09000887623302799,0.3,1,0,False,No Significativo
2712,0.6075664727981741,0.041,3,3,True,LH (Low surrounded by High)
2713,2.7228872925005154,0.001,1,1,True,HH (Hot Spot)
2714,0.8672569526142974,0.005,1,1,True,HH (Hot Spot)
2715,2.164502059445956,0.001,3,3,True,LH (Low surrounded by High)
2716,1.254386075371292,0.01,1,1,True,HH (Hot Spot)
2717,0.2086398570892385,0.124,3,0,False,No Significativo
2718,0.8854192033002908,0.006,1,1,True,HH (Hot Spot)
2719,1.2728785213407048,0.004,1,1,True,HH (Hot Spot)
2720,3.892706407684595,0.001,3,3,True,LH (Low surrounded by High)
2721,1.2961727329770014,0.003,3,3,True,LH (Low surrounded by High)
2722,-0.05042821413642114,0.333,4,0,False,No Significativo
2723,0.1570471552634999,0.045,3,3,True,LH (Low surrounded by High)
2724,1.317803802541396,0.008,1,1,True,HH (Hot Spot)
2725,2.30878173389526,0.001,3,3,True,LH (Low surrounded by High)
2726,0.4468743646420993,0.003,3,3,True,LH (Low surrounded by High)
2727,0.4590131829274743,0.089,3,0,False,No Significativo
2728,3.4550355394124663,0.001,3,3,True,LH (Low surrounded by High)
2729,0.04759027107014366,0.461,1,0,False,No Significativo
2730,0.01883544341408961,0.324,1,0,False,No Significativo
2731,0.045759831870069864,0.361,1,0,False,No Significativo
2732,1.546305722553631,0.03,3,3,True,LH (Low surrounded by High)
2733,0.12510260704382128,0.261,1,0,False,No Significativo
2734,0.753437172866859,0.018,3,3,True,LH (Low surrounded by High)
2735,0.5525710738122812,0.15,1,0,False,No Significativo
2736,0.30426508870351615,0.032,1,1,True,HH (Hot Spot)
2737,0.4194269565905632,0.071,3,0,False,No Significativo
2738,2.0388712528078643,0.001,1,1,True,HH (Hot Spot)
2739,2.538876280498492,0.001,1,1,True,HH (Hot Spot)
2740,4.025553135113332,0.001,3,3,True,LH (Low surrounded by High)
2741,0.3836183844135019,0.03,3,3,True,LH (Low surrounded by High)
2742,-0.040417049874498706,0.292,2,0,False,No Significativo
2743,0.1921768401500174,0.216,1,0,False,No Significativo
2744,0.9116070590245395,0.021,3,3,True,LH (Low surrounded by High)
2745,-0.12620175041770074,0.284,2,0,False,No Significativo
2746,0.4081789358557246,0.003,1,1,True,HH (Hot Spot)
2747,1.214248245049157,0.004,1,1,True,HH (Hot Spot)
2748,0.10269516979041661,0.305,3,0,False,No Significativo
2749,0.0038160752012940465,0.413,3,0,False,No Significativo
2750,-0.05695868369041968,0.409,2,0,False,No Significativo
2751,0.8909932518122987,0.009,1,1,True,HH (Hot Spot)
2752,0.6909990289629968,0.018,3,3,True,LH (Low surrounded by High)
2753,0.6446559596023796,0.042,1,1,True,HH (Hot Spot)
2754,0.15993371792847882,0.014,1,1,True,HH (Hot Spot)
2755,2.5392014337811406,0.001,3,3,True,LH (Low surrounded by High)
2757,0.02833481882015887,0.413,3,0,False,No Significativo
2758,0.14794141676931735,0.092,1,0,False,No Significativo
2759,0.14838721506525082,0.285,1,0,False,No Significativo
2760,0.3680719642809868,0.023,1,1,True,HH (Hot Spot)
2761,0.5529818900862756,0.02,1,1,True,HH (Hot Spot)
2762,1.0522935489034466,0.014,1,1,True,HH (Hot Spot)
2763,0.38341172625769643,0.054,3,0,False,No Significativo
2764,-0.01629511503119228,0.298,2,0,False,No Significativo
2765,1.7779968168730478,0.008,3,3,True,LH (Low surrounded by High)
2766,0.3608433939317068,0.039,1,1,True,HH (Hot Spot)
2767,-0.007723164613051438,0.449,4,0,False,No Significativo
2768,3.319314790230751,0.001,3,3,True,LH (Low surrounded by High)
2769,0.6205595770195391,0.049,3,3,True,LH (Low surrounded by High)
2770,0.155208710188991,0.254,1,0,False,No Significativo
2771,0.40987422399411166,0.034,1,1,True,HH (Hot Spot)
2772,2.7619885228325844,0.004,3,3,True,LH (Low surrounded by High)
2773,0.8432561598901814,0.027,3,3,True,LH (Low surrounded by High)
2774,1.3927926970481168,0.001,1,1,True,HH (Hot Spot)
2775,1.137399165015294,0.008,1,1,True,HH (Hot Spot)
2776,0.08834015023565481,0.386,1,0,False,No Significativo
2777,0.33613320120825463,0.074,3,0,False,No Significativo
2778,0.21477809197695721,0.183,3,0,False,No Significativo
2779,0.7526185315249517,0.053,1,0,False,No Significativo
2780,0.47130351313303387,0.084,3,0,False,No Significativo
2781,-0.013025063858899079,0.499,2,0,False,No Significativo
2782,0.28251788473406225,0.05,1,0,False,No Significativo
2783,0.08852982404100562,0.209,1,0,False,No Significativo
2784,1.3414305236341906,0.007,3,3,True,LH (Low surrounded by High)
2785,0.1695600883285403,0.077,1,0,False,No Significativo
2786,1.2531752050870508,0.001,1,1,True,HH (Hot Spot)
2787,0.32668585655426396,0.15,1,0,False,No Significativo
2788,0.343275826553256,0.057,1,0,False,No Significativo
2789,1.8603437536356013,0.001,3,3,True,LH (Low surrounded by High)
2790,1.5229518568840137,0.005,3,3,True,LH (Low surrounded by High)
2791,0.12642947553376208,0.169,3,0,False,No Significativo
2792,0.2931329428999327,0.155,1,0,False,No Significativo
2793,1.370565857153486,0.005,3,3,True,LH (Low surrounded by High)
2794,0.6912601504640123,0.053,1,0,False,No Significativo
2795,0.0929609600971023,0.262,3,0,False,No Significativo
2796,2.9162733140273716,0.001,3,3,True,LH (Low surrounded by High)
2797,0.17972639850431213,0.189,1,0,False,No Significativo
2798,2.6621780281852074,0.001,3,3,True,LH (Low surrounded by High)
2799,0.9404470772547987,0.001,1,1,True,HH (Hot Spot)
2800,4.147872825939238,0.001,3,3,True,LH (Low surrounded by High)
2801,-0.04251099116129659,0.415,2,0,False,No Significativo
2802,-0.0028785452997635826,0.409,2,0,False,No Significativo
2803,1.1443645199067405,0.001,1,1,True,HH (Hot Spot)
2804,0.8241916003964191,0.05,3,0,False,No Significativo
2805,0.7123678868738711,0.028,1,1,True,HH (Hot Spot)
2806,0.02110166797538861,0.449,3,0,False,No Significativo
2807,1.3027438331300631,0.007,3,3,True,LH (Low surrounded by High)
2808,2.471141357831769,0.001,1,1,True,HH (Hot Spot)
2809,0.3488721194122809,0.179,1,0,False,No Significativo
2810,-0.0845338913447448,0.375,4,0,False,No Significativo
2811,0.8269237653880429,0.012,1,1,True,HH (Hot Spot)
2812,0.15432631009914283,0.195,3,0,False,No Significativo
2813,0.9064660197853067,0.045,1,1,True,HH (Hot Spot)
2814,3.7072946636511563,0.002,3,3,True,LH (Low surrounded by High)
2815,-0.0008444342838281981,0.401,2,0,False,No Significativo
2816,0.007433100540034968,0.435,3,0,False,No Significativo
2817,0.3298008241091175,0.066,1,0,False,No Significativo
2818,0.9729902154469666,0.009,1,1,True,HH (Hot Spot)
2819,1.2150923007730623,0.011,3,3,True,LH (Low surrounded by High)
2820,1.0402074904035727,0.004,3,3,True,LH (Low surrounded by High)
2821,1.524351996165753,0.007,3,3,True,LH (Low surrounded by High)
2822,0.11301914190043022,0.135,1,0,False,No Significativo
2823,1.8254161274235583,0.001,1,1,True,HH (Hot Spot)
2824,1.51007326520046,0.001,3,3,True,LH (Low surrounded by High)
2825,-0.11250039434764414,0.049,4,4,True,HL (High surrounded by Low)
2826,1.5189037349349541,0.001,1,1,True,HH (Hot Spot)
2827,-0.029653402992837842,0.263,2,0,False,No Significativo
2828,0.09359161216445158,0.219,1,0,False,No Significativo
2829,0.604583098152756,0.099,3,0,False,No Significativo
2830,0.10553028500836827,0.15,1,0,False,No Significativo
2831,0.34539428990235593,0.106,1,0,False,No Significativo
2832,0.8210795189154242,0.027,3,3,True,LH (Low surrounded by High)
2833,1.0026328728526137,0.011,1,1,True,HH (Hot Spot)
2834,0.09449221132178745,0.249,3,0,False,No Significativo
2835,0.24855705325558186,0.028,1,1,True,HH (Hot Spot)
2836,0.06749597085636869,0.19,1,0,False,No Significativo
2837,0.9694386138314497,0.001,1,1,True,HH (Hot Spot)
2838,1.6737549972933148,0.007,3,3,True,LH (Low surrounded by High)
2839,0.029497678316781552,0.423,1,0,False,No Significativo
2840,1.036421183687469,0.001,1,1,True,HH (Hot Spot)
2841,-0.05449317464133836,0.191,4,0,False,No Significativo
2842,0.3531970715936227,0.057,3,0,False,No Significativo
2843,-0.008584232094160635,0.291,4,0,False,No Significativo
2844,-0.05488862318955948,0.214,4,0,False,No Significativo
2845,1.13743072425594,0.015,1,1,True,HH (Hot Spot)
2846,0.32865822554988167,0.009,3,3,True,LH (Low surrounded by High)
2847,1.15326036386203,0.003,3,3,True,LH (Low surrounded by High)
2848,-0.044866891115871825,0.338,2,0,False,No Significativo
2849,0.5835284734979791,0.182,1,0,False,No Significativo
2850,0.3510398941927458,0.09,1,0,False,No Significativo
2851,0.3727465907068829,0.138,1,0,False,No Significativo
2852,2.915036862412871,0.001,3,3,True,LH (Low surrounded by High)
2854,0.26866457153734785,0.15,1,0,False,No Significativo
2855,0.20765066583010383,0.098,1,0,False,No Significativo
2856,1.4387188626070826,0.008,1,1,True,HH (Hot Spot)
2857,0.6041946789068817,0.017,1,1,True,HH (Hot Spot)
2858,0.0015022736825428,0.456,3,0,False,No Significativo
2859,3.2798250831571267,0.001,3,3,True,LH (Low surrounded by High)
2860,1.2584727284526571,0.005,3,3,True,LH (Low surrounded by High)
2861,0.17724579929264128,0.181,3,0,False,No Significativo
2862,-0.0020936468727135817,0.485,4,0,False,No Significativo
2863,0.030405191678836093,0.195,3,0,False,No Significativo
2864,0.8632831453946598,0.012,1,1,True,HH (Hot Spot)
2865,-0.20019228681191054,0.31,2,0,False,No Significativo
2866,0.22719077772106894,0.209,1,0,False,No Significativo
2867,0.6623152517482344,0.043,1,1,True,HH (Hot Spot)
2868,0.0078045753060378515,0.449,3,0,False,No Significativo
2869,0.528631488689847,0.05,3,0,False,No Significativo
2870,0.7341649556059279,0.002,1,1,True,HH (Hot Spot)
2871,3.9838514278760213,0.001,1,1,True,HH (Hot Spot)
2872,1.0743153891105504,0.005,1,1,True,HH (Hot Spot)
2873,-0.00031818029511024537,0.495,2,0,False,No Significativo
2874,0.8038075152599882,0.011,1,1,True,HH (Hot Spot)
2875,0.6500264540841942,0.05,3,0,False,No Significativo
2876,1.123512955840459,0.022,1,1,True,HH (Hot Spot)
2877,3.664676189857538,0.001,3,3,True,LH (Low surrounded by High)
2878,0.1556116351026517,0.162,3,0,False,No Significativo
2879,0.48179984707631135,0.027,1,1,True,HH (Hot Spot)
2880,0.18825316000574424,0.145,1,0,False,No Significativo
2881,1.4331124166266145,0.004,3,3,True,LH (Low surrounded by High)
2882,0.21631451727908016,0.124,3,0,False,No Significativo
2883,1.1195676465701043,0.019,1,1,True,HH (Hot Spot)
2884,1.1064734770769713,0.024,1,1,True,HH (Hot Spot)
2885,1.9376690922646802,0.005,3,3,True,LH (Low surrounded by High)
2886,0.42911745177736266,0.073,1,0,False,No Significativo
2887,1.9480614452824456,0.003,3,3,True,LH (Low surrounded by High)
2888,1.1079899773444857,0.008,1,1,True,HH (Hot Spot)
2889,0.9661332087552924,0.001,1,1,True,HH (Hot Spot)
2890,2.473178884868642,0.001,1,1,True,HH (Hot Spot)
2891,5.507799325032301,0.001,1,1,True,HH (Hot Spot)
2892,0.6082511585421916,0.013,3,3,True,LH (Low surrounded by High)
2893,0.08788045375712275,0.129,1,0,False,No Significativo
2894,0.09832081927310435,0.351,3,0,False,No Significativo
2895,0.12911679330125506,0.183,1,0,False,No Significativo
2896,0.4426217749653627,0.041,3,3,True,LH (Low surrounded by High)
2897,0.8063720523013389,0.006,1,1,True,HH (Hot Spot)
2898,-0.0047037975417659915,0.193,4,0,False,No Significativo
2899,1.1324992317344802,0.005,1,1,True,HH (Hot Spot)
2900,0.0831666523869801,0.288,3,0,False,No Significativo
2901,-0.0012968828142752875,0.364,4,0,False,No Significativo
2902,0.0541220638794604,0.334,3,0,False,No Significativo
2903,1.366167941796553,0.003,3,3,True,LH (Low surrounded by High)
2904,0.41148628147944644,0.131,3,0,False,No Significativo
2905,0.47918507776238717,0.071,1,0,False,No Significativo
2906,-0.05958341606308936,0.439,2,0,False,No Significativo
2907,2.198230815918265,0.001,1,1,True,HH (Hot Spot)
2908,0.19204359599809023,0.198,3,0,False,No Significativo
2909,3.4770107018733123,0.001,3,3,True,LH (Low surrounded by High)
2910,0.24967929650295673,0.151,3,0,False,No Significativo
2911,0.009768840387889001,0.214,3,0,False,No Significativo
2912,2.354372134618815,0.003,3,3,True,LH (Low surrounded by High)
2913,0.4637605081988618,0.113,1,0,False,No Significativo
2914,0.12382591519004338,0.073,1,0,False,No Significativo
2915,0.19625263248624256,0.133,1,0,False,No Significativo
2916,0.6182354277763628,0.016,1,1,True,HH (Hot Spot)
2917,0.15564000130090322,0.228,3,0,False,No Significativo
2918,0.5083511143579883,0.046,3,3,True,LH (Low surrounded by High)
2919,0.16260269315192136,0.345,1,0,False,No Significativo
2920,-0.0003414591446520755,0.234,4,0,False,No Significativo
2921,0.886939165371023,0.057,1,0,False,No Significativo
2922,3.0351311721773744,0.001,3,3,True,LH (Low surrounded by High)
2923,0.18933049726515458,0.07,3,0,False,No Significativo
2924,0.15546654619474146,0.28,1,0,False,No Significativo
2925,1.269624481329597,0.003,1,1,True,HH (Hot Spot)
2926,0.512269682966379,0.042,1,1,True,HH (Hot Spot)
2927,3.436292078369591,0.001,3,3,True,LH (Low surrounded by High)
2928,-0.1634432958387575,0.242,4,0,False,No Significativo
2929,0.008508129198015742,0.345,3,0,False,No Significativo
2930,1.5142076840350418,0.001,1,1,True,HH (Hot Spot)
2931,0.3711570233043332,0.024,1,1,True,HH (Hot Spot)
2932,3.0276770668163007,0.001,3,3,True,LH (Low surrounded by High)
2933,0.46056089532207806,0.083,1,0,False,No Significativo
2934,-0.0008235378775000245,0.49,4,0,False,No Significativo
2935,0.6891414556295985,0.042,1,1,True,HH (Hot Spot)
2936,0.6470240623704396,0.061,3,0,False,No Significativo
2937,0.6370343861345751,0.044,1,1,True,HH (Hot Spot)
2938,0.24319455616201327,0.219,3,0,False,No Significativo
2939,0.18950743637815065,0.073,3,0,False,No Significativo
2940,0.14002541979618122,0.339,3,0,False,No Significativo
2941,-0.05313095988688344,0.239,4,0,False,No Significativo
2942,0.07556507515139232,0.053,1,0,False,No Significativo
2943,1.3056374219333786,0.079,3,0,False,No Significativo
2944,1.342817493975179,0.02,3,3,True,LH (Low surrounded by High)
2945,4.304151131539608,0.001,3,3,True,LH (Low surrounded by High)
2946,1.3028489986317726,0.021,3,3,True,LH (Low surrounded by High)
2947,0.26209845742537136,0.04,3,3,True,LH (Low surrounded by High)
2948,0.2940488528801998,0.1,3,0,False,No Significativo
2949,1.4918456118499945,0.001,1,1,True,HH (Hot Spot)
2950,-0.043019334140563414,0.07,2,0,False,No Significativo
2951,1.9178752958056016,0.001,3,3,True,LH (Low surrounded by High)
2952,0.4702998497137825,0.002,1,1,True,HH (Hot Spot)
2953,0.03014529041535837,0.307,3,0,False,No Significativo
2954,0.9473581814622748,0.008,1,1,True,HH (Hot Spot)
2955,0.1851676526378612,0.025,1,1,True,HH (Hot Spot)
2956,1.2633086200459833,0.001,3,3,True,LH (Low surrounded by High)
2957,0.5818775183721323,0.047,1,1,True,HH (Hot Spot)
2958,0.5067098544670602,0.045,3,3,True,LH (Low surrounded by High)
2959,-0.011237775911200312,0.25,2,0,False,No Significativo
2960,2.321067688654314,0.001,3,3,True,LH (Low surrounded by High)
2961,1.0204477005665797,0.007,3,3,True,LH (Low surrounded by High)
2962,3.409278757234112,0.001,1,1,True,HH (Hot Spot)
2963,1.5923821228513666,0.007,3,3,True,LH (Low surrounded by High)
2964,-0.00636376207752884,0.494,2,0,False,No Significativo
2965,0.4414094206008099,0.102,3,0,False,No Significativo
2966,0.45858366716716475,0.082,1,0,False,No Significativo
2967,3.0269357093838987,0.005,3,3,True,LH (Low surrounded by High)
2968,0.17096051707791848,0.199,1,0,False,No Significativo
2969,1.3056641857188822,0.007,3,3,True,LH (Low surrounded by High)
2970,0.6502945830998822,0.071,1,0,False,No Significativo
2971,0.0038548787550526467,0.158,1,0,False,No Significativo
2972,0.3833564215528873,0.132,1,0,False,No Significativo
2973,-0.08115250649920558,0.197,4,0,False,No Significativo
2974,0.5397584269869801,0.044,1,1,True,HH (Hot Spot)
2975,2.9726069230772225,0.001,3,3,True,LH (Low surrounded by High)
2976,0.18558696616440304,0.227,3,0,False,No Significativo
2977,-0.008252733776403147,0.411,4,0,False,No Significativo
2978,0.45579336560188227,0.005,1,1,True,HH (Hot Spot)
2979,0.27968885184226194,0.116,3,0,False,No Significativo
2980,0.5294030974479423,0.181,3,0,False,No Significativo
2981,0.0011948257856257295,0.247,1,0,False,No Significativo
2982,0.9314422030543158,0.028,1,1,True,HH (Hot Spot)
2983,0.030072587554617773,0.388,1,0,False,No Significativo
2984,-0.0030889451751882914,0.38,2,0,False,No Significativo
2985,4.333390616417028,0.001,3,3,True,LH (Low surrounded by High)
2986,0.3329886838709937,0.052,1,0,False,No Significativo
2987,0.40631821155250664,0.041,3,3,True,LH (Low surrounded by High)
2988,0.8144313120100566,0.048,1,1,True,HH (Hot Spot)
2989,0.40879942861416474,0.013,1,1,True,HH (Hot Spot)
2990,0.1963873460698985,0.172,1,0,False,No Significativo
2991,3.0788689210002893,0.001,3,3,True,LH (Low surrounded by High)
2992,0.3190014128507956,0.105,3,0,False,No Significativo
2993,0.30817532952215,0.155,1,0,False,No Significativo
2994,0.8089315566448633,0.132,1,0,False,No Significativo
2995,0.27798864063150025,0.212,3,0,False,No Significativo
2996,0.0009329493856185674,0.089,1,0,False,No Significativo
2997,0.5746217549982641,0.093,3,0,False,No Significativo
2998,-0.0032319228747260433,0.448,2,0,False,No Significativo
2999,0.18011001789268133,0.039,1,1,True,HH (Hot Spot)
3000,0.01228983105360434,0.433,1,0,False,No Significativo
3001,3.861993957787501,0.002,3,3,True,LH (Low surrounded by High)
3002,-0.11936962688860998,0.153,4,0,False,No Significativo
3003,0.2881761249309541,0.155,1,0,False,No Significativo
3004,0.16063622579878242,0.21,1,0,False,No Significativo
3005,1.143908475614953,0.019,3,3,True,LH (Low surrounded by High)
3006,1.852843182495233,0.001,1,1,True,HH (Hot Spot)
3007,-0.058196032250043064,0.247,4,0,False,No Significativo
3008,1.9798518387926796,0.001,1,1,True,HH (Hot Spot)
3009,1.5104421566657238,0.02,3,3,True,LH (Low surrounded by High)
3010,0.2480315342664588,0.183,1,0,False,No Significativo
3011,1.04427380328646,0.008,3,3,True,LH (Low surrounded by High)
3012,0.34154313637457484,0.073,1,0,False,No Significativo
3013,0.528994830597079,0.069,1,0,False,No Significativo
3014,1.5676246113241754,0.016,3,3,True,LH (Low surrounded by High)
3015,0.029983876762354734,0.389,3,0,False,No Significativo
3016,0.36949554662691975,0.048,1,1,True,HH (Hot Spot)
3017,0.3224004989878922,0.207,1,0,False,No Significativo
3018,1.111614855909822,0.007,3,3,True,LH (Low surrounded by High)
3019,0.6094722360609701,0.064,1,0,False,No Significativo
3020,0.41764777519689245,0.072,1,0,False,No Significativo
3021,0.10282203937694324,0.269,1,0,False,No Significativo
3022,1.5695544369767362,0.004,3,3,True,LH (Low surrounded by High)
3023,0.16935554036406913,0.068,3,0,False,No Significativo
3024,-0.12503358817734778,0.182,4,0,False,No Significativo
3025,0.006633827966895126,0.49,1,0,False,No Significativo
3026,1.771915079964118,0.004,3,3,True,LH (Low surrounded by High)
3027,0.9498957823159478,0.002,1,1,True,HH (Hot Spot)
3028,0.07292460914414613,0.125,3,0,False,No Significativo
3029,1.6440265346484753,0.001,3,3,True,LH (Low surrounded by High)
3030,-0.13105660965720173,0.199,4,0,False,No Significativo
3031,0.009653678914011511,0.363,3,0,False,No Significativo
3032,4.162893027442504,0.001,3,3,True,LH (Low surrounded by High)
3033,0.8186438601981373,0.001,1,1,True,HH (Hot Spot)
3034,3.3486911489730207,0.001,3,3,True,LH (Low surrounded by High)
3035,-0.012905041886111272,0.4,4,0,False,No Significativo
3036,-0.07438040595225355,0.331,2,0,False,No Significativo
3037,0.40356662383252045,0.164,1,0,False,No Significativo
3038,0.0572806349135915,0.299,3,0,False,No Significativo
3039,1.7473571176125946,0.001,1,1,True,HH (Hot Spot)
3040,0.03427153945949064,0.484,1,0,False,No Significativo
3041,0.5629956842217223,0.09,3,0,False,No Significativo
3042,1.7665744886683419,0.001,1,1,True,HH (Hot Spot)
3043,1.917457925937835,0.001,1,1,True,HH (Hot Spot)
3044,0.046050830723791784,0.287,3,0,False,No Significativo
3045,1.1151548759774959,0.007,1,1,True,HH (Hot Spot)
3046,0.8265759316013512,0.013,1,1,True,HH (Hot Spot)
3047,0.08861311866719063,0.23,3,0,False,No Significativo
3048,-0.03681629104613967,0.238,2,0,False,No Significativo
3049,0.6152765736490098,0.039,1,1,True,HH (Hot Spot)
3050,0.22647143481240378,0.074,3,0,False,No Significativo
3051,0.06216155269032417,0.321,1,0,False,No Significativo
3052,0.7405009900411754,0.059,3,0,False,No Significativo
3053,1.1968554344068232,0.021,3,3,True,LH (Low surrounded by High)
3054,1.0934401061545527,0.009,1,1,True,HH (Hot Spot)
3055,-0.08286578384349001,0.218,4,0,False,No Significativo
3056,-0.014814964798741554,0.411,2,0,False,No Significativo
3057,0.4442463386349563,0.059,3,0,False,No Significativo
3058,1.2140477940903602,0.002,1,1,True,HH (Hot Spot)
3059,0.5545993666172064,0.058,1,0,False,No Significativo
3060,3.9491201590632428,0.001,3,3,True,LH (Low surrounded by High)
3061,0.24261768719377347,0.196,3,0,False,No Significativo
3062,1.192001248257579,0.023,1,1,True,HH (Hot Spot)
3063,0.4768040941813124,0.065,1,0,False,No Significativo
3064,1.3802398659004294,0.004,3,3,True,LH (Low surrounded by High)
3065,0.10580629630858647,0.394,3,0,False,No Significativo
3066,0.26183640985315065,0.085,3,0,False,No Significativo
3067,0.07915698461619476,0.342,3,0,False,No Significativo
3068,0.6748617394961651,0.052,1,0,False,No Significativo
3069,2.2609591546119296,0.001,1,1,True,HH (Hot Spot)
3070,1.3204087683992023,0.002,1,1,True,HH (Hot Spot)
3071,1.3434105811992103,0.026,3,3,True,LH (Low surrounded by High)
3072,0.16095224138264472,0.136,1,0,False,No Significativo
3073,2.426249006577176,0.001,1,1,True,HH (Hot Spot)
3074,1.0412925261565376,0.007,3,3,True,LH (Low surrounded by High)
3075,0.09650971156073107,0.104,3,0,False,No Significativo
3076,0.6542730381076038,0.023,1,1,True,HH (Hot Spot)
3077,0.09153095042851721,0.191,1,0,False,No Significativo
3078,4.420350015288114,0.001,3,3,True,LH (Low surrounded by High)
3079,1.7322330523434462,0.011,3,3,True,LH (Low surrounded by High)
3080,0.006902126824298238,0.41,1,0,False,No Significativo
3081,0.029588909202131964,0.148,1,0,False,No Significativo
3082,0.2514043275167133,0.099,1,0,False,No Significativo
3083,0.06303964275717458,0.378,3,0,False,No Significativo
3084,3.2466768874668563,0.001,3,3,True,LH (Low surrounded by High)
3085,3.049181304928684,0.001,3,3,True,LH (Low surrounded by High)
3086,0.15323651808519717,0.285,1,0,False,No Significativo
3087,0.3746740849017395,0.011,1,1,True,HH (Hot Spot)
3088,0.6205911174253628,0.062,1,0,False,No Significativo
3089,0.37951137808562224,0.06,1,0,False,No Significativo
3090,-0.003563180576778592,0.488,2,0,False,No Significativo
3091,0.4990622160607679,0.03,3,3,True,LH (Low surrounded by High)
3092,1.5521543757191232,0.003,3,3,True,LH (Low surrounded by High)
3093,0.5363952665599081,0.033,3,3,True,LH (Low surrounded by High)
3094,-0.00481882113976406,0.133,2,0,False,No Significativo
3095,-0.05495139357192542,0.223,4,0,False,No Significativo
3096,0.5424181229452729,0.023,1,1,True,HH (Hot Spot)
3097,0.23722900281340403,0.232,3,0,False,No Significativo
3098,1.150519550439214,0.011,1,1,True,HH (Hot Spot)
3099,0.31751564624774026,0.195,1,0,False,No Significativo
3100,0.12873510213872177,0.214,3,0,False,No Significativo
3101,-0.04460246503863223,0.372,4,0,False,No Significativo
3102,0.4992975692050033,0.035,3,3,True,LH (Low surrounded by High)
3103,0.32115446726895824,0.148,3,0,False,No Significativo
3104,1.2582743826700795,0.002,1,1,True,HH (Hot Spot)
3105,3.4311357808150134,0.001,1,1,True,HH (Hot Spot)
3106,1.0561006208823087,0.006,1,1,True,HH (Hot Spot)
3107,-0.01036207523939636,0.082,2,0,False,No Significativo
3108,0.8060051744176718,0.027,3,3,True,LH (Low surrounded by High)
3109,-0.09771081740844068,0.076,4,0,False,No Significativo
3110,0.5470883588110288,0.01,1,1,True,HH (Hot Spot)
3111,0.6792901636994862,0.104,1,0,False,No Significativo
3112,3.471424607749784,0.001,3,3,True,LH (Low surrounded by High)
3113,0.07111483282064102,0.164,3,0,False,No Significativo
3114,0.4446146531467758,0.035,1,1,True,HH (Hot Spot)
3115,0.27227145032674377,0.255,1,0,False,No Significativo
3116,0.3585530445978569,0.059,3,0,False,No Significativo
3117,0.4647104428899707,0.113,3,0,False,No Significativo
3118,1.7259191474583102,0.004,1,1,True,HH (Hot Spot)
3119,1.9345243260121312,0.005,1,1,True,HH (Hot Spot)
3120,1.8033535554538163,0.005,3,3,True,LH (Low surrounded by High)
3121,2.5043257600116844,0.003,3,3,True,LH (Low surrounded by High)
3122,0.018070061869507086,0.41,1,0,False,No Significativo
3123,1.3255631401599945,0.001,1,1,True,HH (Hot Spot)
3124,0.4015065446940174,0.051,1,0,False,No Significativo
3125,1.5887456071786645,0.001,1,1,True,HH (Hot Spot)
3126,4.753702768848092,0.001,1,1,True,HH (Hot Spot)
3127,0.032604727025309865,0.431,3,0,False,No Significativo
3128,-0.01688892662343479,0.368,4,0,False,No Significativo
3129,0.8337187745243241,0.041,1,1,True,HH (Hot Spot)
3130,3.1892944736133577,0.001,1,1,True,HH (Hot Spot)
3131,0.05488567156616493,0.342,3,0,False,No Significativo
3132,0.2377915896474633,0.049,1,1,True,HH (Hot Spot)
3133,0.06744783663224037,0.328,3,0,False,No Significativo
3134,-0.08079750673737407,0.285,2,0,False,No Significativo
3135,0.1511483651770977,0.314,1,0,False,No Significativo
3136,0.0740208547133504,0.386,3,0,False,No Significativo
3137,1.2487558390477893,0.004,3,3,True,LH (Low surrounded by High)
3138,0.8486001437904978,0.035,3,3,True,LH (Low surrounded by High)
3139,0.2256415039470352,0.023,1,1,True,HH (Hot Spot)
3140,1.4734690243616884,0.006,1,1,True,HH (Hot Spot)
3141,0.14561803106472274,0.307,1,0,False,No Significativo
3142,3.2333229267160917,0.001,3,3,True,LH (Low surrounded by High)
3143,-0.0040647822163196595,0.411,4,0,False,No Significativo
3144,0.5896555263410691,0.107,3,0,False,No Significativo
3145,0.3879502732006671,0.029,3,3,True,LH (Low surrounded by High)
3146,0.3219896257734097,0.143,3,0,False,No Significativo
3147,0.4857565625138556,0.092,1,0,False,No Significativo
3148,0.49903515943722015,0.023,1,1,True,HH (Hot Spot)
3149,0.2960586223043433,0.048,1,1,True,HH (Hot Spot)
3150,-0.0808112527158745,0.042,4,4,True,HL (High surrounded by Low)
3151,-0.27387992694531954,0.012,4,4,True,HL (High surrounded by Low)
3152,0.16525087689372214,0.343,1,0,False,No Significativo
3153,0.10552229303329842,0.204,1,0,False,No Significativo
3154,0.37999377838117065,0.009,1,1,True,HH (Hot Spot)
3155,2.075955572425792,0.001,3,3,True,LH (Low surrounded by High)
3156,0.08026828188227512,0.194,3,0,False,No Significativo
3157,1.1248995553029226,0.002,1,1,True,HH (Hot Spot)
3158,0.5466846868301684,0.01,1,1,True,HH (Hot Spot)
3159,4.410616497283568,0.001,3,3,True,LH (Low surrounded by High)
3160,0.1631637925239609,0.158,3,0,False,No Significativo
3161,0.03857510272075936,0.241,3,0,False,No Significativo
3162,2.308638450552745,0.001,1,1,True,HH (Hot Spot)
3163,0.2251034056966504,0.077,1,0,False,No Significativo
3164,0.35454034757799957,0.131,1,0,False,No Significativo
3165,1.445528926925906,0.001,3,3,True,LH (Low surrounded by High)
3166,-0.09241655046537199,0.044,2,2,True,LL (Cold Spot)
3167,0.2376936962255858,0.144,3,0,False,No Significativo
3168,0.03127366085596129,0.313,3,0,False,No Significativo
3169,1.9118100056511291,0.001,1,1,True,HH (Hot Spot)
3170,0.10515423074122207,0.019,3,3,True,LH (Low surrounded by High)
3171,0.025130372381805145,0.428,1,0,False,No Significativo
3172,0.061447037685394355,0.303,1,0,False,No Significativo
3173,-0.03016647169949258,0.41,4,0,False,No Significativo
3174,0.4500390127022362,0.046,3,3,True,LH (Low surrounded by High)
3175,0.14405799920030912,0.297,3,0,False,No Significativo
3176,0.05736364996723179,0.322,1,0,False,No Significativo
3177,0.09804594533812555,0.421,3,0,False,No Significativo
3178,2.1919202043099046,0.001,3,3,True,LH (Low surrounded by High)
3179,0.16884200679898176,0.069,3,0,False,No Significativo
3180,4.014651286612906,0.001,3,3,True,LH (Low surrounded by High)
3181,0.4809330571938893,0.037,1,1,True,HH (Hot Spot)
3182,1.6623901445549283,0.001,1,1,True,HH (Hot Spot)
3183,0.34757887093034756,0.061,3,0,False,No Significativo
3184,0.9955960179220247,0.007,3,3,True,LH (Low surrounded by High)
3185,3.26871960104937,0.001,1,1,True,HH (Hot Spot)
3186,0.0989299557185365,0.352,3,0,False,No Significativo
3187,0.06783591666493302,0.313,1,0,False,No Significativo
3188,0.7691158129551486,0.019,1,1,True,HH (Hot Spot)
3189,0.24131922494489655,0.07,3,0,False,No Significativo
3190,0.8579827818927597,0.006,1,1,True,HH (Hot Spot)
3191,0.5794294426056933,0.033,1,1,True,HH (Hot Spot)
3192,-0.19114272227265525,0.107,2,0,False,No Significativo
3193,0.7301775038631427,0.043,3,3,True,LH (Low surrounded by High)
3194,2.1181060471040363,0.001,1,1,True,HH (Hot Spot)
3195,2.4917022386422145,0.001,3,3,True,LH (Low surrounded by High)
3196,0.6070949681046024,0.008,3,3,True,LH (Low surrounded by High)
3197,3.477258412663876,0.001,1,1,True,HH (Hot Spot)
3198,0.2020825382024026,0.017,3,3,True,LH (Low surrounded by High)
3199,0.10006184488904656,0.302,1,0,False,No Significativo
3200,0.01297589594984294,0.411,1,0,False,No Significativo
3201,0.024605923394848985,0.377,1,0,False,No Significativo
3202,0.054100173982474194,0.376,3,0,False,No Significativo
3203,0.0034646291445286437,0.486,3,0,False,No Significativo
3204,0.948237365814785,0.004,3,3,True,LH (Low surrounded by High)
3205,0.22149793370705617,0.075,1,0,False,No Significativo
3206,0.28856240478791045,0.155,1,0,False,No Significativo
3207,0.7552464478500954,0.007,1,1,True,HH (Hot Spot)
3208,0.07240522763106927,0.139,3,0,False,No Significativo
3209,3.3402812721907558,0.001,3,3,True,LH (Low surrounded by High)
3210,0.22885930463769327,0.167,1,0,False,No Significativo
3211,-0.012927938975706299,0.312,4,0,False,No Significativo
3212,0.7331113612778601,0.039,1,1,True,HH (Hot Spot)
3213,0.8389039801878214,0.02,3,3,True,LH (Low surrounded by High)
3214,0.4528797101341527,0.054,1,0,False,No Significativo
3215,0.8414384994608529,0.047,1,1,True,HH (Hot Spot)
3216,1.7673407975911886,0.001,1,1,True,HH (Hot Spot)
3217,-0.12355184400003545,0.366,4,0,False,No Significativo
3218,0.0004876801730253002,0.35,1,0,False,No Significativo
3219,0.5395983342713738,0.043,1,1,True,HH (Hot Spot)
3220,0.4552338723619115,0.071,3,0,False,No Significativo
3221,-0.12793062887190482,0.131,2,0,False,No Significativo
3222,1.0119325843804976,0.01,1,1,True,HH (Hot Spot)
3223,2.6564913334375944,0.001,3,3,True,LH (Low surrounded by High)
3224,0.04096683001944327,0.331,3,0,False,No Significativo
3225,0.0014736767532749849,0.493,3,0,False,No Significativo
3226,0.6561496996690073,0.027,1,1,True,HH (Hot Spot)
3227,0.031424918719976415,0.461,1,0,False,No Significativo
3228,0.04824664677100507,0.378,3,0,False,No Significativo
3229,0.4955350468890447,0.185,1,0,False,No Significativo
3230,0.037520742668038225,0.35,3,0,False,No Significativo
3231,-0.2657600663947593,0.078,4,0,False,No Significativo
3232,0.0036925824168860762,0.37,1,0,False,No Significativo
3233,0.12402728204528059,0.06,3,0,False,No Significativo
3234,0.3814752566478933,0.042,1,1,True,HH (Hot Spot)
3235,0.48767988509544097,0.065,1,0,False,No Significativo
3236,0.5455840118373766,0.041,1,1,True,HH (Hot Spot)
3237,0.5064687014968706,0.042,3,3,True,LH (Low surrounded by High)
3238,-0.005698662659999514,0.366,2,0,False,No Significativo
3239,0.07803428874899397,0.149,1,0,False,No Significativo
3240,0.0952729803592549,0.378,3,0,False,No Significativo
3241,0.5914130710804212,0.043,3,3,True,LH (Low surrounded by High)
3242,2.1093770369473384,0.001,1,1,True,HH (Hot Spot)
3243,1.5892194799677577,0.001,1,1,True,HH (Hot Spot)
3244,0.5361382121177308,0.075,3,0,False,No Significativo
3245,2.1965974310526426,0.001,3,3,True,LH (Low surrounded by High)
3246,-0.028189676952520244,0.355,4,0,False,No Significativo
3247,0.5500459071136031,0.004,1,1,True,HH (Hot Spot)
3248,0.050597439242152785,0.082,1,0,False,No Significativo
3249,0.18832044446328,0.155,3,0,False,No Significativo
3250,0.08517168645003415,0.333,3,0,False,No Significativo
3251,0.5206625293822962,0.018,1,1,True,HH (Hot Spot)
3252,0.11979365339840818,0.181,1,0,False,No Significativo
3253,0.00023340983079394705,0.499,1,0,False,No Significativo
3254,2.642769572524618,0.001,1,1,True,HH (Hot Spot)
3255,0.4594043038056987,0.069,1,0,False,No Significativo
3256,0.0371622486915731,0.123,1,0,False,No Significativo
3257,1.3001303986491253,0.001,3,3,True,LH (Low surrounded by High)
3258,0.44844415571792756,0.11,3,0,False,No Significativo
3259,0.6324301718446942,0.05,3,0,False,No Significativo
3260,0.15057420739948918,0.102,1,0,False,No Significativo
3261,0.08056391239713992,0.036,3,3,True,LH (Low surrounded by High)
3262,1.3199412259976822,0.009,1,1,True,HH (Hot Spot)
3263,0.7158883712153521,0.028,3,3,True,LH (Low surrounded by High)
3264,-0.0004824830061111721,0.483,2,0,False,No Significativo
3265,-0.043703332813455086,0.4,4,0,False,No Significativo
3266,1.0706057562268956,0.007,1,1,True,HH (Hot Spot)
3267,2.80808971513013,0.001,3,3,True,LH (Low surrounded by High)
3268,0.004998336018915846,0.249,1,0,False,No Significativo
3269,0.17615666960117313,0.286,3,0,False,No Significativo
3270,0.3265375243206962,0.009,1,1,True,HH (Hot Spot)
3271,0.03362300828634949,0.365,3,0,False,No Significativo
3272,1.7804864410174566,0.005,3,3,True,LH (Low surrounded by High)
3273,1.100218770416492,0.005,1,1,True,HH (Hot Spot)
3274,-0.20165069110665335,0.311,2,0,False,No Significativo
3275,1.685256194812648,0.007,3,3,True,LH (Low surrounded by High)
3276,0.21597409800098596,0.014,1,1,True,HH (Hot Spot)
3277,0.6534556816856595,0.048,1,1,True,HH (Hot Spot)
3278,0.10019160773940454,0.012,1,1,True,HH (Hot Spot)
3279,0.07549545294767578,0.337,3,0,False,No Significativo
3280,0.1950803755190826,0.14,3,0,False,No Significativo
3281,2.0424375592516935,0.004,3,3,True,LH (Low surrounded by High)
3282,-0.11086472692984743,0.432,2,0,False,No Significativo
3283,0.33651668327741946,0.062,1,0,False,No Significativo
3284,1.4611988358684591,0.004,3,3,True,LH (Low surrounded by High)
3285,-0.012588787631051972,0.38,2,0,False,No Significativo
3286,0.6454195547740399,0.038,3,3,True,LH (Low surrounded by High)
3287,0.15207907845884713,0.201,3,0,False,No Significativo
3288,-0.1564548051390461,0.225,2,0,False,No Significativo
3289,1.4467243044099398,0.007,3,3,True,LH (Low surrounded by High)
3290,0.39368518190778706,0.048,1,1,True,HH (Hot Spot)
3291,0.9907237178496886,0.021,3,3,True,LH (Low surrounded by High)
3292,0.2914931402980113,0.236,1,0,False,No Significativo
3293,-0.08386352522122585,0.312,4,0,False,No Significativo
3294,0.17800691945263145,0.291,1,0,False,No Significativo
3295,2.2577226149899525,0.001,3,3,True,LH (Low surrounded by High)
3296,0.7730917096921378,0.029,1,1,True,HH (Hot Spot)
3297,1.6489435811593351,0.001,1,1,True,HH (Hot Spot)
3298,0.6349675807037818,0.009,1,1,True,HH (Hot Spot)
3299,0.5662697728817794,0.04,1,1,True,HH (Hot Spot)
3300,-0.011115687813961585,0.193,2,0,False,No Significativo
3301,1.7436087328403034,0.004,3,3,True,LH (Low surrounded by High)
3302,0.3278635123289061,0.062,1,0,False,No Significativo
3303,-0.02309097452524643,0.333,4,0,False,No Significativo
3304,-0.0007506974861354184,0.459,4,0,False,No Significativo
3305,0.09594533698459846,0.264,1,0,False,No Significativo
3306,1.2242130689904218,0.002,1,1,True,HH (Hot Spot)
3307,0.48982965127806133,0.001,1,1,True,HH (Hot Spot)
3308,0.48115836536501627,0.005,3,3,True,LH (Low surrounded by High)
3309,0.10793968390835687,0.198,1,0,False,No Significativo
3310,0.08414638697553643,0.385,3,0,False,No Significativo
3311,1.1444336200313232,0.001,1,1,True,HH (Hot Spot)
3312,2.6911689661426346,0.001,3,3,True,LH (Low surrounded by High)
3313,0.05306539391521711,0.374,1,0,False,No Significativo
3314,-0.002716374523828604,0.491,2,0,False,No Significativo
3315,-0.034365367347368406,0.39,4,0,False,No Significativo
3316,1.4469848813529067,0.011,3,3,True,LH (Low surrounded by High)
3317,3.281079749882884,0.001,3,3,True,LH (Low surrounded by High)
3318,1.2463332175090893,0.015,3,3,True,LH (Low surrounded by High)
3319,0.058820571802503364,0.273,3,0,False,No Significativo
3320,0.04579811751057854,0.256,1,0,False,No Significativo
3321,0.26430942687001036,0.061,1,0,False,No Significativo
3322,0.02464752620747332,0.3,3,0,False,No Significativo
3323,5.130187815799757,0.001,3,3,True,LH (Low surrounded by High)
3324,-0.01852974813760026,0.121,2,0,False,No Significativo
3325,1.6888797416614496,0.004,1,1,True,HH (Hot Spot)
3326,-0.013888304819518183,0.389,4,0,False,No Significativo
3327,-0.023646720847731697,0.391,4,0,False,No Significativo
3328,1.1654323837064333,0.007,3,3,True,LH (Low surrounded by High)
3329,0.2670142019142985,0.005,3,3,True,LH (Low surrounded by High)
3330,0.5301129444244485,0.078,3,0,False,No Significativo
3331,0.13391788896476525,0.212,1,0,False,No Significativo
3332,0.012286932279441953,0.139,3,0,False,No Significativo
3333,0.37978945348472676,0.064,1,0,False,No Significativo
3334,0.2755930723634691,0.024,1,1,True,HH (Hot Spot)
3335,0.06722939770201034,0.122,1,0,False,No Significativo
3336,-0.005711275926762071,0.487,4,0,False,No Significativo
3337,0.36445422996053434,0.128,3,0,False,No Significativo
3338,0.6273420203543689,0.099,3,0,False,No Significativo
3339,-0.17418410469710996,0.07,4,0,False,No Significativo
3340,0.324077142727554,0.062,3,0,False,No Significativo
3341,2.902842005814088,0.001,1,1,True,HH (Hot Spot)
3342,1.2651251310016471,0.008,1,1,True,HH (Hot Spot)
3343,-0.050234216106774664,0.385,4,0,False,No Significativo
3344,0.03056658594245179,0.391,1,0,False,No Significativo
3345,0.4464552835096091,0.12,3,0,False,No Significativo
3346,1.1086653598746246,0.017,1,1,True,HH (Hot Spot)
3347,0.46940228692371777,0.152,1,0,False,No Significativo
3348,3.0398888639367048,0.001,3,3,True,LH (Low surrounded by High)
3349,0.09785874112119158,0.32,3,0,False,No Significativo
3350,0.217502118905217,0.14,1,0,False,No Significativo
3351,1.0951799876606545,0.019,3,3,True,LH (Low surrounded by High)
3352,0.23215370555190837,0.066,3,0,False,No Significativo
3353,1.7417244774387624,0.002,1,1,True,HH (Hot Spot)
3354,1.7632758666339527,0.004,1,1,True,HH (Hot Spot)
3355,1.0730932661205916,0.008,3,3,True,LH (Low surrounded by High)
3356,0.015258359522868062,0.237,1,0,False,No Significativo
3357,1.257674322670261,0.006,3,3,True,LH (Low surrounded by High)
3358,-0.003881121177500646,0.464,2,0,False,No Significativo
3359,0.877898305031696,0.009,1,1,True,HH (Hot Spot)
3360,0.47265881546567495,0.026,1,1,True,HH (Hot Spot)
3361,-0.3415954421690876,0.176,2,0,False,No Significativo
3362,2.211237900054905,0.001,1,1,True,HH (Hot Spot)
3363,3.6417810575005545,0.001,1,1,True,HH (Hot Spot)
3364,0.01089644892574434,0.403,3,0,False,No Significativo
3365,0.12293535724472485,0.227,3,0,False,No Significativo
3366,0.11885628587514378,0.247,1,0,False,No Significativo
3367,1.3454438417977315,0.001,1,1,True,HH (Hot Spot)
3368,0.7319773006347464,0.02,1,1,True,HH (Hot Spot)
3369,0.15006800242188464,0.04,1,1,True,HH (Hot Spot)
3370,-0.011851269956602151,0.464,4,0,False,No Significativo
3371,0.09959416215291343,0.233,1,0,False,No Significativo
3372,0.7221597593748738,0.065,1,0,False,No Significativo
3373,-0.027020183034859622,0.199,2,0,False,No Significativo
3374,-0.04157695044718089,0.463,2,0,False,No Significativo
3375,1.4301635190377764,0.005,3,3,True,LH (Low surrounded by High)
3376,0.08368764921679177,0.008,3,3,True,LH (Low surrounded by High)
3377,0.7261146292280827,0.033,1,1,True,HH (Hot Spot)
3378,0.007863384819908222,0.498,1,0,False,No Significativo
3379,1.651418711818275,0.001,1,1,True,HH (Hot Spot)
3380,0.25203606453289684,0.187,3,0,False,No Significativo
3381,1.9650657999952195,0.001,3,3,True,LH (Low surrounded by High)
3382,1.5665045287158164,0.005,3,3,True,LH (Low surrounded by High)
3383,0.07780320877323735,0.305,3,0,False,No Significativo
3384,-0.05338714915411791,0.451,2,0,False,No Significativo
3385,-0.08862649169528197,0.408,4,0,False,No Significativo
3386,0.5642693260075673,0.049,3,3,True,LH (Low surrounded by High)
3387,1.2131392953874682,0.019,3,3,True,LH (Low surrounded by High)
3388,-0.012046324429867614,0.172,2,0,False,No Significativo
3389,0.072057341988455,0.364,1,0,False,No Significativo
3390,0.24042151219032318,0.06,1,0,False,No Significativo
3391,0.7379417402189178,0.005,3,3,True,LH (Low surrounded by High)
3392,0.21321982689581404,0.079,3,0,False,No Significativo
3393,0.003029830647198245,0.123,1,0,False,No Significativo
3394,3.790214931327044,0.001,3,3,True,LH (Low surrounded by High)
3395,0.0027297280091384568,0.482,3,0,False,No Significativo
3396,0.008514666486826446,0.263,3,0,False,No Significativo
3397,2.0613708460286744,0.001,1,1,True,HH (Hot Spot)
3398,0.9635367357486097,0.023,1,1,True,HH (Hot Spot)
3399,0.23419092999352614,0.006,1,1,True,HH (Hot Spot)
3400,2.8837566139176145,0.001,3,3,True,LH (Low surrounded by High)
3401,0.4971297837486058,0.006,1,1,True,HH (Hot Spot)
3402,0.2782144095917738,0.152,1,0,False,No Significativo
3403,-0.016564951924143125,0.396,4,0,False,No Significativo
3404,0.4436752381961621,0.012,1,1,True,HH (Hot Spot)
3405,0.9838809553686036,0.036,3,3,True,LH (Low surrounded by High)
3406,0.3936603791379432,0.143,1,0,False,No Significativo
3407,2.6543845977602736,0.001,1,1,True,HH (Hot Spot)
3408,0.006356437499600186,0.474,3,0,False,No Significativo
3409,0.30124128368754266,0.082,3,0,False,No Significativo
3410,0.45249971606736145,0.058,3,0,False,No Significativo
3411,1.6793157195631871,0.004,3,3,True,LH (Low surrounded by High)
3412,2.0883788821110416,0.001,1,1,True,HH (Hot Spot)
3413,-0.25538759507671777,0.199,4,0,False,No Significativo
3414,2.027790810937061,0.001,3,3,True,LH (Low surrounded by High)
3415,0.04402472751888066,0.424,3,0,False,No Significativo
3416,3.77428410033921,0.001,3,3,True,LH (Low surrounded by High)
3417,0.478230193869666,0.076,1,0,False,No Significativo
3418,1.2100383379715254,0.008,1,1,True,HH (Hot Spot)
3419,1.6841463232832212,0.001,1,1,True,HH (Hot Spot)
3420,0.5867060317567264,0.043,3,3,True,LH (Low surrounded by High)
3421,2.068303157482694,0.001,1,1,True,HH (Hot Spot)
3422,0.22929270259150425,0.357,1,0,False,No Significativo
3423,0.9448422775927041,0.018,1,1,True,HH (Hot Spot)
3424,0.6984429471316469,0.027,3,3,True,LH (Low surrounded by High)
3425,0.008818947341250903,0.458,3,0,False,No Significativo
3426,0.9753503656000239,0.002,1,1,True,HH (Hot Spot)
3427,0.5735151057656499,0.051,1,0,False,No Significativo
3428,-0.032829087674228485,0.327,2,0,False,No Significativo
3429,2.960353358017276,0.001,1,1,True,HH (Hot Spot)
3430,0.7811660095658313,0.01,1,1,True,HH (Hot Spot)
3431,2.715346130179681,0.003,3,3,True,LH (Low surrounded by High)
3432,4.920219726574152,0.001,1,1,True,HH (Hot Spot)
3433,0.4372001113381232,0.056,1,0,False,No Significativo
3434,0.4001621151144245,0.048,3,3,True,LH (Low surrounded by High)
3435,-0.026037952286493166,0.355,2,0,False,No Significativo
3436,0.21439346800183892,0.148,1,0,False,No Significativo
3437,0.06775795541921388,0.343,1,0,False,No Significativo
3438,-0.004124733696405432,0.485,4,0,False,No Significativo
3439,1.3008187168856342,0.015,3,3,True,LH (Low surrounded by High)
3440,0.47088533667314014,0.046,1,1,True,HH (Hot Spot)
3441,-0.0021711725961998532,0.474,4,0,False,No Significativo
3442,0.8362502871131433,0.039,1,1,True,HH (Hot Spot)
3443,2.6520395518916073,0.001,1,1,True,HH (Hot Spot)
3444,1.632100452390663,0.02,3,3,True,LH (Low surrounded by High)
3445,1.6764631770228513,0.003,3,3,True,LH (Low surrounded by High)
3446,0.0024858649954596895,0.427,1,0,False,No Significativo
3447,0.017264389980029132,0.327,3,0,False,No Significativo
3448,0.9282578100547311,0.025,1,1,True,HH (Hot Spot)
3449,0.6527507159074037,0.062,3,0,False,No Significativo
3450,-0.05476802828466612,0.39,4,0,False,No Significativo
3451,0.015251489135324191,0.229,1,0,False,No Significativo
3452,1.466541590399446,0.001,1,1,True,HH (Hot Spot)
3453,-0.01129334880200865,0.273,4,0,False,No Significativo
3454,0.4867724663929901,0.012,1,1,True,HH (Hot Spot)
3455,1.4522261147918463,0.003,3,3,True,LH (Low surrounded by High)
3456,0.05750546531565872,0.116,1,0,False,No Significativo
3457,1.3600106677957298,0.001,1,1,True,HH (Hot Spot)
3458,0.23494237553238767,0.119,1,0,False,No Significativo
3459,3.883766543571573,0.001,3,3,True,LH (Low surrounded by High)
3460,1.5233244749567028,0.001,3,3,True,LH (Low surrounded by High)
3461,0.6303006992141685,0.025,3,3,True,LH (Low surrounded by High)
3462,0.15165094731455267,0.266,3,0,False,No Significativo
3463,-0.025393466687976828,0.205,2,0,False,No Significativo
3464,0.006974330141556096,0.49,1,0,False,No Significativo
3465,0.00496580297173683,0.374,3,0,False,No Significativo
3466,0.08547341446797337,0.231,1,0,False,No Significativo
3467,0.0005057376456773229,0.46,3,0,False,No Significativo
3468,0.7402851364529943,0.031,3,3,True,LH (Low surrounded by High)
3469,-0.041602220740429255,0.407,4,0,False,No Significativo
3470,0.2616960783902672,0.062,3,0,False,No Significativo
3471,0.43126503355933293,0.046,1,1,True,HH (Hot Spot)
3472,-0.14964219536830128,0.282,4,0,False,No Significativo
3473,-0.1830581311826121,0.196,4,0,False,No Significativo
3474,-0.0033388148623195095,0.106,2,0,False,No Significativo
3475,0.20145274673867034,0.102,1,0,False,No Significativo
3476,0.29155542966833414,0.093,1,0,False,No Significativo
3477,0.5385028292544601,0.043,3,3,True,LH (Low surrounded by High)
3478,0.10250194545698602,0.182,3,0,False,No Significativo
3479,1.0429067637549074,0.012,1,1,True,HH (Hot Spot)
3480,0.39033555557752997,0.001,1,1,True,HH (Hot Spot)
3481,1.1778900132265069,0.02,3,3,True,LH (Low surrounded by High)
3482,1.4748916996780739,0.001,1,1,True,HH (Hot Spot)
3483,1.7376764812094483,0.02,3,3,True,LH (Low surrounded by High)
3484,1.1124989635088098,0.027,3,3,True,LH (Low surrounded by High)
3485,0.19250171171318975,0.032,1,1,True,HH (Hot Spot)
3486,1.7550697575909007,0.001,1,1,True,HH (Hot Spot)
3487,0.5115341703853962,0.018,3,3,True,LH (Low surrounded by High)
3488,0.16834133118194183,0.161,3,0,False,No Significativo
3489,0.6710651620333947,0.062,1,0,False,No Significativo
3490,1.2907032636536286,0.027,3,3,True,LH (Low surrounded by High)
3491,1.766445043276816,0.001,1,1,True,HH (Hot Spot)
3492,0.2114973319929856,0.064,3,0,False,No Significativo
3493,0.17343054939886574,0.211,1,0,False,No Significativo
3494,-0.22415005123015688,0.214,2,0,False,No Significativo
3495,0.49010009174212704,0.048,3,3,True,LH (Low surrounded by High)
3496,-0.015535439404624086,0.08,4,0,False,No Significativo
3497,0.47703338348766405,0.05,3,0,False,No Significativo
3498,0.4353627416233635,0.024,1,1,True,HH (Hot Spot)
3499,0.12516919673490082,0.341,1,0,False,No Significativo
3500,0.06723761647551559,0.396,1,0,False,No Significativo
3501,0.5020853095325845,0.031,3,3,True,LH (Low surrounded by High)
3502,0.1305416391046043,0.175,1,0,False,No Significativo
3503,0.7232018331836689,0.07,3,0,False,No Significativo
3504,0.006071631517163068,0.436,3,0,False,No Significativo
3505,1.453016592009365,0.001,1,1,True,HH (Hot Spot)
3506,3.279792067656809,0.001,3,3,True,LH (Low surrounded by High)
3507,0.04506628020589705,0.267,1,0,False,No Significativo
3508,0.09999014383693003,0.224,1,0,False,No Significativo
3509,0.24911951743558988,0.112,1,0,False,No Significativo
3510,-0.05390674698952464,0.337,4,0,False,No Significativo
3511,2.7872782126631246,0.003,3,3,True,LH (Low surrounded by High)
3512,0.42853217082006995,0.051,1,0,False,No Significativo
3513,0.09312901670888514,0.433,1,0,False,No Significativo
3514,0.6805097312081005,0.038,3,3,True,LH (Low surrounded by High)
3515,0.4797413079439346,0.04,1,1,True,HH (Hot Spot)
3516,0.0849643133374426,0.203,3,0,False,No Significativo
3517,0.7505253218759937,0.009,1,1,True,HH (Hot Spot)
3518,-0.13969377861868232,0.24,4,0,False,No Significativo
3519,0.16934023611850132,0.066,3,0,False,No Significativo
3520,0.5914137810884182,0.004,3,3,True,LH (Low surrounded by High)
3521,-0.019693866184329518,0.362,4,0,False,No Significativo
3522,0.3205168594969014,0.145,1,0,False,No Significativo
3523,2.097763090852581,0.004,3,3,True,LH (Low surrounded by High)
3524,-0.0585545556548809,0.141,2,0,False,No Significativo
3525,0.2507613219333495,0.025,3,3,True,LH (Low surrounded by High)
3526,0.2957335572172963,0.163,3,0,False,No Significativo
3527,1.2778056407314855,0.031,3,3,True,LH (Low surrounded by High)
3528,1.272790415264477,0.001,1,1,True,HH (Hot Spot)
3529,0.563045481219553,0.027,3,3,True,LH (Low surrounded by High)
3530,0.08133087068473971,0.046,1,1,True,HH (Hot Spot)
3531,1.9646565519377404,0.003,3,3,True,LH (Low surrounded by High)
3532,0.04087116881785211,0.325,3,0,False,No Significativo
3533,2.442490322194691,0.001,3,3,True,LH (Low surrounded by High)
3534,1.41568590708599,0.027,3,3,True,LH (Low surrounded by High)
3535,0.8224516655595253,0.005,1,1,True,HH (Hot Spot)
3536,1.5273772175853366,0.005,1,1,True,HH (Hot Spot)
3537,0.012620612983577377,0.487,1,0,False,No Significativo
3538,0.38233306401941847,0.008,1,1,True,HH (Hot Spot)
3539,0.8241128305358582,0.021,1,1,True,HH (Hot Spot)
3540,0.3602812304720983,0.02,1,1,True,HH (Hot Spot)
3541,1.2172782437324332,0.027,3,3,True,LH (Low surrounded by High)
3542,0.23610170853534948,0.103,1,0,False,No Significativo
3543,0.18612583234864558,0.213,3,0,False,No Significativo
3544,-0.022698810237798368,0.319,4,0,False,No Significativo
3545,0.5514778577552847,0.019,1,1,True,HH (Hot Spot)
3546,1.4016528818614638,0.001,1,1,True,HH (Hot Spot)
3547,4.673596113335485,0.001,1,1,True,HH (Hot Spot)
3548,1.335528273351866,0.012,1,1,True,HH (Hot Spot)
3549,0.7945402768370841,0.027,3,3,True,LH (Low surrounded by High)
3550,0.3476555797620272,0.102,1,0,False,No Significativo
3551,1.3498611680115506,0.001,1,1,True,HH (Hot Spot)
3552,2.7087225874332597,0.001,3,3,True,LH (Low surrounded by High)
3553,0.07351427958845329,0.214,3,0,False,No Significativo
3554,-0.0633478538033596,0.068,2,0,False,No Significativo
3555,4.300651550749374,0.001,3,3,True,LH (Low surrounded by High)
3556,0.19603540055799487,0.119,1,0,False,No Significativo
3557,0.021521210304369116,0.319,1,0,False,No Significativo
3558,0.07164992561519991,0.106,3,0,False,No Significativo
3559,-0.01567400096920651,0.453,2,0,False,No Significativo
3560,2.5602439762649984,0.001,3,3,True,LH (Low surrounded by High)
3561,2.0101718675720788,0.001,3,3,True,LH (Low surrounded by High)
3562,0.498986127929365,0.024,1,1,True,HH (Hot Spot)
3563,0.5768260894783536,0.042,1,1,True,HH (Hot Spot)
3564,0.13157763938629527,0.281,3,0,False,No Significativo
3565,3.2257155848993135,0.001,3,3,True,LH (Low surrounded by High)
3566,0.8855063920106007,0.041,3,3,True,LH (Low surrounded by High)
3567,0.28163147073454553,0.091,3,0,False,No Significativo
3568,0.0573970112450065,0.279,1,0,False,No Significativo
3569,0.7106873711038529,0.03,3,3,True,LH (Low surrounded by High)
3570,0.8838270470313718,0.008,1,1,True,HH (Hot Spot)
3571,0.17658149973024184,0.217,1,0,False,No Significativo
3572,1.6086637359649112,0.001,1,1,True,HH (Hot Spot)
3573,-0.03262806541540832,0.306,2,0,False,No Significativo
3574,-0.01718863352378784,0.417,2,0,False,No Significativo
3575,0.5074386759478161,0.268,3,0,False,No Significativo
3576,0.02881140578823331,0.405,3,0,False,No Significativo
3577,0.2575016014891884,0.185,3,0,False,No Significativo
3578,0.46065825864097676,0.048,3,3,True,LH (Low surrounded by High)
3579,5.056977638775024,0.001,1,1,True,HH (Hot Spot)
3580,0.5836543567644419,0.031,1,1,True,HH (Hot Spot)
3581,0.7547814690952682,0.032,1,1,True,HH (Hot Spot)
3582,0.7577276700635723,0.027,3,3,True,LH (Low surrounded by High)
3583,0.5880422896986757,0.038,3,3,True,LH (Low surrounded by High)
3584,1.2560140856480504,0.005,1,1,True,HH (Hot Spot)
3585,3.476705214075168,0.001,3,3,True,LH (Low surrounded by High)
3586,-0.05334776491877701,0.368,2,0,False,No Significativo
3587,0.11098633258937121,0.192,1,0,False,No Significativo
3588,-0.08049897500831991,0.126,4,0,False,No Significativo
3589,0.5722875681951388,0.105,3,0,False,No Significativo
3590,1.0675031954161263,0.003,1,1,True,HH (Hot Spot)
3591,1.52100251786989,0.009,1,1,True,HH (Hot Spot)
3592,1.347221931090961,0.006,3,3,True,LH (Low surrounded by High)
3593,0.026341014492966167,0.41,1,0,False,No Significativo
3594,2.172476937432894,0.01,3,3,True,LH (Low surrounded by High)
3595,-0.1448649821475786,0.277,2,0,False,No Significativo
3596,1.1804887811079765,0.001,1,1,True,HH (Hot Spot)
3597,1.2454962906435096,0.009,1,1,True,HH (Hot Spot)
3598,0.3978606433788862,0.19,1,0,False,No Significativo
3599,-0.03040330811470107,0.288,4,0,False,No Significativo
3600,1.0137200290384727,0.001,1,1,True,HH (Hot Spot)
3601,1.233804521769394,0.001,1,1,True,HH (Hot Spot)
3602,-0.284760804864166,0.268,4,0,False,No Significativo
3603,0.5521001927814003,0.02,1,1,True,HH (Hot Spot)
3604,0.11263464798032242,0.234,1,0,False,No Significativo
3605,1.5637511459967481,0.009,1,1,True,HH (Hot Spot)
3606,0.1502253193998072,0.085,1,0,False,No Significativo
3607,0.33634925792139486,0.06,1,0,False,No Significativo
3608,0.20129404400989317,0.223,3,0,False,No Significativo
3609,0.006447255228751873,0.295,1,0,False,No Significativo
3610,0.21698991412017088,0.019,1,1,True,HH (Hot Spot)
3611,0.06923840895428603,0.218,1,0,False,No Significativo
3612,0.14148491970631594,0.288,3,0,False,No Significativo
3613,1.6918647934614495,0.006,3,3,True,LH (Low surrounded by High)
3614,0.5452791938099114,0.033,1,1,True,HH (Hot Spot)
3615,0.5756781000508541,0.023,1,1,True,HH (Hot Spot)
3616,1.407144121269231,0.005,1,1,True,HH (Hot Spot)
3617,0.00978372382906915,0.295,1,0,False,No Significativo
3618,0.08635421984354093,0.124,3,0,False,No Significativo
3619,0.7956437173391153,0.1,1,0,False,No Significativo
3620,0.06711578859338468,0.366,3,0,False,No Significativo
3621,1.2183344960752402,0.066,1,0,False,No Significativo
3622,0.8998555768900475,0.018,1,1,True,HH (Hot Spot)
3623,0.972080603044787,0.016,3,3,True,LH (Low surrounded by High)
3624,0.035825304717884414,0.362,3,0,False,No Significativo
3625,0.0524577390368524,0.417,1,0,False,No Significativo
3626,2.853257153744892,0.001,1,1,True,HH (Hot Spot)
3627,-0.10662731871748299,0.333,2,0,False,No Significativo
3628,-0.029050009093366642,0.045,4,4,True,HL (High surrounded by Low)
3629,0.1483421845081539,0.108,3,0,False,No Significativo
3630,0.9740032494990764,0.035,1,1,True,HH (Hot Spot)
3631,4.586495663372945,0.001,3,3,True,LH (Low surrounded by High)
3632,0.1905464798243923,0.151,3,0,False,No Significativo
3633,0.12681341529291285,0.094,3,0,False,No Significativo
3634,1.5953956208667872,0.001,1,1,True,HH (Hot Spot)
3635,0.4629271481531776,0.1,1,0,False,No Significativo
3636,-0.06535584453149006,0.116,2,0,False,No Significativo
3637,3.3448701386461526,0.001,3,3,True,LH (Low surrounded by High)
3638,1.6701284983407205,0.001,1,1,True,HH (Hot Spot)
3639,-0.021095065007900145,0.322,4,0,False,No Significativo
3640,0.0015968797956226331,0.441,3,0,False,No Significativo
3641,0.5438628244866953,0.05,3,0,False,No Significativo
3642,0.1480225873229417,0.144,3,0,False,No Significativo
3643,-0.014669488758971536,0.472,2,0,False,No Significativo
3644,1.135243704049501,0.032,1,1,True,HH (Hot Spot)
3645,0.015693493737655696,0.483,1,0,False,No Significativo
3646,0.28286618363734267,0.05,3,0,False,No Significativo
3647,0.09435487311084226,0.303,3,0,False,No Significativo
3648,2.208113660241005,0.003,3,3,True,LH (Low surrounded by High)
3649,1.9915290589826329,0.004,1,1,True,HH (Hot Spot)
3650,0.3373293398480625,0.001,3,3,True,LH (Low surrounded by High)
3651,2.951389119571009,0.001,3,3,True,LH (Low surrounded by High)
3652,0.43374521158868296,0.049,3,3,True,LH (Low surrounded by High)
3653,4.269061430314865,0.001,3,3,True,LH (Low surrounded by High)
3654,-0.027859288229780833,0.301,2,0,False,No Significativo
3655,1.6708964494340228,0.001,1,1,True,HH (Hot Spot)
3656,0.5422889898917836,0.009,1,1,True,HH (Hot Spot)
3657,0.6027077067815032,0.028,3,3,True,LH (Low surrounded by High)
3658,0.00924724164238665,0.471,1,0,False,No Significativo
3659,1.956213161087756,0.002,1,1,True,HH (Hot Spot)
3660,0.43712545418134136,0.146,3,0,False,No Significativo
3661,0.5716665260969684,0.08,1,0,False,No Significativo
3662,0.43796767888762483,0.063,3,0,False,No Significativo
3663,0.02609581888581836,0.215,1,0,False,No Significativo
3664,-0.04174415107916724,0.2,4,0,False,No Significativo
3665,1.2819666603784265,0.006,1,1,True,HH (Hot Spot)
3666,0.08425929572916384,0.244,1,0,False,No Significativo
3667,0.21332519209211026,0.087,1,0,False,No Significativo
3668,1.8875848723939,0.001,1,1,True,HH (Hot Spot)
3669,0.23174906565126563,0.11,1,0,False,No Significativo
3670,2.7386537536833577,0.001,3,3,True,LH (Low surrounded by High)
3671,1.2780155053758702,0.037,3,3,True,LH (Low surrounded by High)
3672,5.435020788091213,0.001,1,1,True,HH (Hot Spot)
3673,0.5860211165446071,0.031,1,1,True,HH (Hot Spot)
3674,0.03310529243922672,0.303,1,0,False,No Significativo
3675,-0.010185216117578139,0.44,4,0,False,No Significativo
3676,0.018414997500958156,0.374,3,0,False,No Significativo
3677,-0.04761778107011022,0.374,2,0,False,No Significativo
3678,-0.012763345860153399,0.457,4,0,False,No Significativo
3679,0.7056908622750463,0.03,1,1,True,HH (Hot Spot)
3680,0.07037645052843065,0.308,3,0,False,No Significativo
3681,-0.16940476526294487,0.171,2,0,False,No Significativo
3682,0.9843753842369249,0.004,1,1,True,HH (Hot Spot)
3683,2.179828672015286,0.001,1,1,True,HH (Hot Spot)
3684,0.08336817203443585,0.269,3,0,False,No Significativo
3685,0.026460225155120882,0.417,3,0,False,No Significativo
3686,-0.09441958131212652,0.255,4,0,False,No Significativo
3687,1.0389445352695923,0.007,3,3,True,LH (Low surrounded by High)
3688,0.7266108731040666,0.065,1,0,False,No Significativo
3689,2.010025187176723,0.001,1,1,True,HH (Hot Spot)
3690,0.15025330761749128,0.184,3,0,False,No Significativo
3691,0.6125257100658773,0.009,1,1,True,HH (Hot Spot)
3692,2.178668799901295,0.002,3,3,True,LH (Low surrounded by High)
3693,0.3435835823565954,0.007,1,1,True,HH (Hot Spot)
3694,0.44168843284286896,0.001,1,1,True,HH (Hot Spot)
3695,-0.2566417087127955,0.375,2,0,False,No Significativo
3696,0.4633842520763733,0.028,1,1,True,HH (Hot Spot)
3697,1.4448227012944241,0.001,3,3,True,LH (Low surrounded by High)
3698,2.8053045688679967,0.001,3,3,True,LH (Low surrounded by High)
3699,0.21179308380610312,0.057,1,0,False,No Significativo
3700,0.11301410099575615,0.179,1,0,False,No Significativo
3701,1.2786293464400926,0.001,1,1,True,HH (Hot Spot)
3702,0.0536025595254498,0.375,1,0,False,No Significativo
3703,0.340418943236935,0.061,1,0,False,No Significativo
3704,-0.04432767349880296,0.282,2,0,False,No Significativo
3705,0.1311246053609912,0.121,1,0,False,No Significativo
3706,1.1990589817977206,0.025,3,3,True,LH (Low surrounded by High)
3707,1.1891702137018443,0.011,1,1,True,HH (Hot Spot)
3708,0.0431920978821842,0.444,1,0,False,No Significativo
3709,-0.3030966155600681,0.278,2,0,False,No Significativo
3710,1.314184522427295,0.005,1,1,True,HH (Hot Spot)
3711,0.16781958464491953,0.136,3,0,False,No Significativo
3712,0.008511357669482147,0.15,1,0,False,No Significativo
3713,0.0008435192071956029,0.498,1,0,False,No Significativo
3714,0.2741559838709737,0.077,3,0,False,No Significativo
3715,0.4244871548197516,0.02,3,3,True,LH (Low surrounded by High)
3716,1.037511626580489,0.045,3,3,True,LH (Low surrounded by High)
3717,2.911283476578506,0.001,1,1,True,HH (Hot Spot)
3718,1.6755337833187194,0.001,1,1,True,HH (Hot Spot)
3719,0.16884954362837795,0.165,3,0,False,No Significativo
3720,1.7478214061586215,0.001,1,1,True,HH (Hot Spot)
3721,2.675062322758071,0.001,3,3,True,LH (Low surrounded by High)
3722,0.18515073984132951,0.201,1,0,False,No Significativo
3723,0.6019447175614749,0.005,1,1,True,HH (Hot Spot)
3724,1.7746000390385177,0.001,1,1,True,HH (Hot Spot)
3725,0.04405185346125198,0.315,1,0,False,No Significativo
3726,0.0576637273011365,0.156,3,0,False,No Significativo
3727,0.31649761447574903,0.181,1,0,False,No Significativo
3728,0.5218726060511801,0.042,3,3,True,LH (Low surrounded by High)
3729,0.19983449617875534,0.028,1,1,True,HH (Hot Spot)
3730,3.2289099335108884,0.001,1,1,True,HH (Hot Spot)
3731,0.518591237813761,0.09,3,0,False,No Significativo
3732,0.5365232985873957,0.068,1,0,False,No Significativo
3733,0.40217990209816884,0.079,1,0,False,No Significativo
3734,2.7664382513825507,0.001,3,3,True,LH (Low surrounded by High)
3735,0.9785263212114046,0.021,3,3,True,LH (Low surrounded by High)
3736,0.5141897178620263,0.108,3,0,False,No Significativo
3737,0.8964036241576997,0.022,1,1,True,HH (Hot Spot)
3738,-0.00657862102469658,0.311,2,0,False,No Significativo
3739,1.5884652179337244,0.006,3,3,True,LH (Low surrounded by High)
3740,0.39072137610985846,0.116,1,0,False,No Significativo
3741,0.8863616560743801,0.048,3,3,True,LH (Low surrounded by High)
3742,2.031654248194427,0.001,1,1,True,HH (Hot Spot)
3743,0.0006202726007256058,0.496,1,0,False,No Significativo
3744,1.4792843143832657,0.006,1,1,True,HH (Hot Spot)
3745,0.0358971065772986,0.375,3,0,False,No Significativo
3746,-0.060095676190281846,0.075,2,0,False,No Significativo
3747,-0.3578120728441876,0.012,4,4,True,HL (High surrounded by Low)
3748,1.5795970790255658,0.004,3,3,True,LH (Low surrounded by High)
3749,-0.08105187115992565,0.008,2,2,True,LL (Cold Spot)
3750,0.22855801087716404,0.114,1,0,False,No Significativo
3751,0.5890802964048287,0.103,3,0,False,No Significativo
3752,0.3029458397628608,0.075,1,0,False,No Significativo
3753,0.856663463189001,0.022,1,1,True,HH (Hot Spot)
3754,0.03353421806844378,0.145,3,0,False,No Significativo
3755,0.2556324255634519,0.1,3,0,False,No Significativo
3756,1.6472749320295486,0.021,3,3,True,LH (Low surrounded by High)
3757,0.15055733834098847,0.341,1,0,False,No Significativo
3758,0.175240771218285,0.071,1,0,False,No Significativo
3759,2.2434819294113844,0.003,3,3,True,LH (Low surrounded by High)
3760,0.4241342601257771,0.074,3,0,False,No Significativo
3761,0.09693355247542236,0.22,3,0,False,No Significativo
3762,0.7267353218578976,0.043,3,3,True,LH (Low surrounded by High)
3763,0.7644693453305239,0.008,1,1,True,HH (Hot Spot)
3764,0.14603078904170533,0.019,3,3,True,LH (Low surrounded by High)
3765,0.1463150012434435,0.248,1,0,False,No Significativo
3766,1.7646125708307832,0.013,3,3,True,LH (Low surrounded by High)
3767,-0.0737250244037667,0.238,2,0,False,No Significativo
3768,1.8725209952309374,0.003,3,3,True,LH (Low surrounded by High)
3769,0.2458215179448047,0.065,1,0,False,No Significativo
3770,0.9009960102076131,0.072,3,0,False,No Significativo
3771,0.2836210720150714,0.041,1,1,True,HH (Hot Spot)
3772,1.282525518142608,0.002,1,1,True,HH (Hot Spot)
3773,1.9835516726600027,0.002,1,1,True,HH (Hot Spot)
3774,1.3300893291004843,0.006,1,1,True,HH (Hot Spot)
3775,0.06865935327798749,0.118,1,0,False,No Significativo
3776,1.2288855662553804,0.011,3,3,True,LH (Low surrounded by High)
3777,0.4713986781321052,0.066,1,0,False,No Significativo
3778,0.6562938121813029,0.095,1,0,False,No Significativo
3779,0.003439636353355274,0.462,1,0,False,No Significativo
3780,1.606296867599517,0.001,1,1,True,HH (Hot Spot)
3781,3.761854826296176,0.001,1,1,True,HH (Hot Spot)
3782,0.7081814917115261,0.049,1,1,True,HH (Hot Spot)
3783,0.12637088233654603,0.257,1,0,False,No Significativo
3784,0.22342931894245371,0.171,1,0,False,No Significativo
3785,1.0467972942735004,0.019,3,3,True,LH (Low surrounded by High)
3786,0.0029214005193007814,0.439,3,0,False,No Significativo
3787,0.3426612314645492,0.017,1,1,True,HH (Hot Spot)
3788,0.15057886673003665,0.193,3,0,False,No Significativo
3789,1.5718353303838712,0.014,3,3,True,LH (Low surrounded by High)
3790,4.8895349412414175,0.001,3,3,True,LH (Low surrounded by High)
3791,0.16779799302153206,0.052,1,0,False,No Significativo
3792,0.30745742696440603,0.18,1,0,False,No Significativo
3793,0.034950764359007354,0.246,1,0,False,No Significativo
3794,2.5482549336869993,0.001,3,3,True,LH (Low surrounded by High)
3795,2.8827714683257875,0.003,3,3,True,LH (Low surrounded by High)
3796,-0.00014205809388742374,0.498,2,0,False,No Significativo
3797,0.4313473846304362,0.104,1,0,False,No Significativo
3798,-0.11235949115778515,0.082,2,0,False,No Significativo
3799,0.031492062180130245,0.344,1,0,False,No Significativo
3800,3.9622583657790926,0.001,3,3,True,LH (Low surrounded by High)
3801,0.7490981984114209,0.029,3,3,True,LH (Low surrounded by High)
3802,0.2165966738490026,0.175,3,0,False,No Significativo
3803,-0.08055091160564985,0.348,2,0,False,No Significativo
3804,0.537330516573135,0.108,3,0,False,No Significativo
3805,0.4563982118831852,0.167,1,0,False,No Significativo
3806,1.1619592264981422,0.013,1,1,True,HH (Hot Spot)
3807,0.005536703565175218,0.315,1,0,False,No Significativo
3808,0.2713365279992209,0.107,3,0,False,No Significativo
3809,0.7578552068392007,0.007,3,3,True,LH (Low surrounded by High)
3810,0.6556093650014276,0.137,3,0,False,No Significativo
3811,2.459781844089528,0.001,1,1,True,HH (Hot Spot)
3812,6.749594009841911,0.001,1,1,True,HH (Hot Spot)
3813,0.19085472854829957,0.266,3,0,False,No Significativo
3814,0.1010043550144032,0.245,1,0,False,No Significativo
3815,0.507051239501168,0.04,3,3,True,LH (Low surrounded by High)
3816,0.3075170927354072,0.051,3,0,False,No Significativo
3817,0.9555123227906291,0.049,1,1,True,HH (Hot Spot)
3818,0.09348682575374975,0.038,1,1,True,HH (Hot Spot)
3819,2.850293971422363,0.001,3,3,True,LH (Low surrounded by High)
3820,-0.07529681665890023,0.286,2,0,False,No Significativo
3821,0.03162237278207439,0.296,1,0,False,No Significativo
3822,1.2759953038003167,0.014,3,3,True,LH (Low surrounded by High)
3823,0.13346469881110212,0.227,3,0,False,No Significativo
3824,0.5893072160008287,0.011,1,1,True,HH (Hot Spot)
3825,1.0532562620016146,0.002,3,3,True,LH (Low surrounded by High)
3826,0.025180515944408233,0.417,1,0,False,No Significativo
3827,2.2833345046666453,0.003,3,3,True,LH (Low surrounded by High)
3828,-0.030976428446908722,0.199,2,0,False,No Significativo
3829,0.8453619744297014,0.013,1,1,True,HH (Hot Spot)
3830,0.6466502667751495,0.001,1,1,True,HH (Hot Spot)
3831,1.691611565666573,0.005,1,1,True,HH (Hot Spot)
3832,0.13701515924533722,0.061,3,0,False,No Significativo
3833,1.9662713895647974,0.001,1,1,True,HH (Hot Spot)
3834,4.491679631662153,0.001,1,1,True,HH (Hot Spot)
3835,-0.004830009319203189,0.047,4,4,True,HL (High surrounded by Low)
3836,0.22049820624461958,0.032,1,1,True,HH (Hot Spot)
3837,0.16977532872995063,0.078,3,0,False,No Significativo
3838,0.0068914828624414256,0.482,1,0,False,No Significativo
3839,0.6957477586829515,0.008,1,1,True,HH (Hot Spot)
3840,0.543987620155485,0.018,1,1,True,HH (Hot Spot)
3841,0.6564168289311182,0.051,1,0,False,No Significativo
3842,0.2599761954210597,0.169,1,0,False,No Significativo
3843,0.15824314853078353,0.013,1,1,True,HH (Hot Spot)
3844,0.6861828435056564,0.067,3,0,False,No Significativo
3845,0.013172576626465215,0.357,3,0,False,No Significativo
3846,0.7904747105575736,0.021,3,3,True,LH (Low surrounded by High)
3847,0.9889684923429553,0.025,3,3,True,LH (Low surrounded by High)
3848,0.2701149538156868,0.201,1,0,False,No Significativo
3849,2.3437013251750876,0.005,3,3,True,LH (Low surrounded by High)
3850,2.340164873181686,0.001,1,1,True,HH (Hot Spot)
3851,-0.008527071423633667,0.452,2,0,False,No Significativo
3852,-0.11858332651715114,0.274,4,0,False,No Significativo
3853,-0.03573570787501149,0.349,2,0,False,No Significativo
3854,2.3250999631073817,0.001,3,3,True,LH (Low surrounded by High)
3855,1.264845500424092,0.004,3,3,True,LH (Low surrounded by High)
3856,0.6792790716770044,0.008,1,1,True,HH (Hot Spot)
3857,0.5912003811357364,0.06,3,0,False,No Significativo
3858,0.03544783759547221,0.195,1,0,False,No Significativo
3859,2.6887008691023926,0.001,1,1,True,HH (Hot Spot)
3860,0.3131835569348837,0.003,1,1,True,HH (Hot Spot)
3861,0.040134534149167726,0.401,1,0,False,No Significativo
3862,2.2277595571279587,0.003,3,3,True,LH (Low surrounded by High)
3863,0.2603313814318029,0.142,3,0,False,No Significativo
3864,0.5968809885997883,0.058,1,0,False,No Significativo
3865,-0.02141032271063663,0.187,2,0,False,No Significativo
3866,0.17494260787242008,0.2,3,0,False,No Significativo
3867,0.759671402609897,0.019,1,1,True,HH (Hot Spot)
3868,0.5752529870084325,0.15,1,0,False,No Significativo
3869,2.573986191237041,0.001,3,3,True,LH (Low surrounded by High)
3870,0.5320907116868359,0.041,1,1,True,HH (Hot Spot)
3871,-0.0004492612253924779,0.484,2,0,False,No Significativo
3872,0.016447459291087256,0.454,3,0,False,No Significativo
3873,3.241443472783344,0.001,1,1,True,HH (Hot Spot)
3874,0.9831665302764305,0.029,3,3,True,LH (Low surrounded by High)
3875,0.2887772836966559,0.157,3,0,False,No Significativo
3876,1.0089555812048545,0.007,1,1,True,HH (Hot Spot)
3877,1.6099019561089278,0.004,1,1,True,HH (Hot Spot)
3878,0.006150005018547591,0.446,3,0,False,No Significativo
3879,0.26093653645274933,0.227,3,0,False,No Significativo
3880,0.3746895631874902,0.096,3,0,False,No Significativo
3881,1.6577379911099932,0.004,3,3,True,LH (Low surrounded by High)
3882,1.8687909134640346,0.007,1,1,True,HH (Hot Spot)
3883,1.2448650841773106,0.009,3,3,True,LH (Low surrounded by High)
3884,0.18758902429938043,0.106,3,0,False,No Significativo
3885,4.592434222482629,0.001,3,3,True,LH (Low surrounded by High)
3886,-0.3389594909085409,0.055,2,0,False,No Significativo
3887,0.7198471157805182,0.008,1,1,True,HH (Hot Spot)
3888,1.6571840244299785,0.002,1,1,True,HH (Hot Spot)
3889,0.0544929291940729,0.165,3,0,False,No Significativo
3890,-0.001147855991509578,0.489,2,0,False,No Significativo
3891,1.264042765826629,0.003,1,1,True,HH (Hot Spot)
3892,0.25804176035625576,0.307,3,0,False,No Significativo
3893,-0.03109540492411222,0.249,2,0,False,No Significativo
3894,0.5464738733931289,0.046,3,3,True,LH (Low surrounded by High)
3895,0.11310088642394998,0.345,1,0,False,No Significativo
3896,-0.13521013288515663,0.321,4,0,False,No Significativo
3897,0.9715256114862603,0.008,1,1,True,HH (Hot Spot)
3898,0.025451781755038892,0.143,1,0,False,No Significativo
3899,-0.0038305121654152075,0.111,2,0,False,No Significativo
3900,0.6108143358413465,0.046,1,1,True,HH (Hot Spot)
3901,3.330092628693824,0.001,1,1,True,HH (Hot Spot)
3902,0.4479044760087322,0.02,1,1,True,HH (Hot Spot)
3903,3.103212117598802,0.001,3,3,True,LH (Low surrounded by High)
3904,0.5450106563936618,0.041,3,3,True,LH (Low surrounded by High)
3905,0.30547205947758665,0.084,1,0,False,No Significativo
3906,0.3029965319523528,0.073,1,0,False,No Significativo
3907,0.05027318589354368,0.415,3,0,False,No Significativo
3908,0.12017752698229732,0.067,3,0,False,No Significativo
3909,-0.047789405141416295,0.34,2,0,False,No Significativo
3910,-0.0027724911102478284,0.449,2,0,False,No Significativo
3911,-0.02342323253714424,0.431,2,0,False,No Significativo
3912,0.42816065908496864,0.069,1,0,False,No Significativo
3913,-0.060635962778619955,0.186,2,0,False,No Significativo
3914,0.517248577490139,0.186,1,0,False,No Significativo
3915,0.611164151576349,0.034,1,1,True,HH (Hot Spot)
3916,0.8953178305005972,0.001,1,1,True,HH (Hot Spot)
3917,0.9550862780416209,0.008,3,3,True,LH (Low surrounded by High)
3918,1.9825065073404593,0.001,3,3,True,LH (Low surrounded by High)
3919,-0.07862582674289748,0.377,4,0,False,No Significativo
3920,1.3080366568537305,0.032,3,3,True,LH (Low surrounded by High)
3921,0.08711807766878,0.319,3,0,False,No Significativo
3922,0.033147568229630164,0.365,3,0,False,No Significativo
3923,0.2920311625056927,0.001,1,1,True,HH (Hot Spot)
3924,0.2003081287288199,0.131,1,0,False,No Significativo
3925,0.9531791250446878,0.029,3,3,True,LH (Low surrounded by High)
3926,1.0225932234026789,0.016,1,1,True,HH (Hot Spot)
3927,1.3848930347135173,0.001,1,1,True,HH (Hot Spot)
3928,-0.07354362222194784,0.049,2,2,True,LL (Cold Spot)
3929,1.8979118292312658,0.006,3,3,True,LH (Low surrounded by High)
3930,0.15469815453550348,0.296,1,0,False,No Significativo
3931,0.4944078074641653,0.084,1,0,False,No Significativo
3932,0.5704725922064082,0.068,1,0,False,No Significativo
3933,0.180628807734474,0.174,1,0,False,No Significativo
3934,0.03271109555789235,0.438,1,0,False,No Significativo
3935,0.07212251873915196,0.237,1,0,False,No Significativo
3936,0.14001022736338023,0.033,3,3,True,LH (Low surrounded by High)
3937,0.2824685510783873,0.114,1,0,False,No Significativo
3938,0.4735430318102068,0.011,1,1,True,HH (Hot Spot)
3939,-0.04073973915434461,0.369,2,0,False,No Significativo
3940,-1.0895944936201107,0.074,4,0,False,No Significativo
3941,0.009864617155190544,0.478,3,0,False,No Significativo
3942,0.3268980855131716,0.062,1,0,False,No Significativo
3943,0.11743742295898725,0.258,1,0,False,No Significativo
3944,0.1531197991120093,0.24,1,0,False,No Significativo
3945,0.1718872392692951,0.062,3,0,False,No Significativo
3946,1.119964108820596,0.005,1,1,True,HH (Hot Spot)
3947,1.7018194930322716,0.008,1,1,True,HH (Hot Spot)
3948,1.4948404292663928,0.035,3,3,True,LH (Low surrounded by High)
3949,2.0613136350026005,0.001,1,1,True,HH (Hot Spot)
3950,2.3636543076187744,0.001,3,3,True,LH (Low surrounded by High)
3951,0.3938953939055113,0.009,1,1,True,HH (Hot Spot)
3952,-0.11836550107989892,0.234,2,0,False,No Significativo
3953,-0.13422306491260907,0.302,4,0,False,No Significativo
3954,0.008021295326187075,0.472,3,0,False,No Significativo
3955,0.043210680382266727,0.087,1,0,False,No Significativo
3956,0.3757324145626997,0.068,1,0,False,No Significativo
3957,0.0015439719785112897,0.495,3,0,False,No Significativo
3958,0.4096928086893864,0.07,3,0,False,No Significativo
3959,0.48385078063802633,0.052,1,0,False,No Significativo
3960,2.467054003890862,0.001,1,1,True,HH (Hot Spot)
3961,0.21591892463607332,0.117,3,0,False,No Significativo
3962,-0.3390681831127827,0.077,2,0,False,No Significativo
3963,2.996237390692602,0.001,3,3,True,LH (Low surrounded by High)
3964,0.2145765114824396,0.274,3,0,False,No Significativo
3965,0.01877805726996471,0.4,1,0,False,No Significativo
3967,0.027031612682270258,0.24,3,0,False,No Significativo
3968,-0.0951379340286094,0.182,2,0,False,No Significativo
3969,-0.02099853223142943,0.196,4,0,False,No Significativo
3970,1.6054610597288341,0.001,1,1,True,HH (Hot Spot)
3971,2.311546330362217,0.001,3,3,True,LH (Low surrounded by High)
3972,0.6007386416593457,0.01,1,1,True,HH (Hot Spot)
3973,0.14608518494600684,0.182,3,0,False,No Significativo
3974,1.4859561105405499,0.001,1,1,True,HH (Hot Spot)
3975,0.3182398187792272,0.036,3,3,True,LH (Low surrounded by High)
3976,0.6310706683150976,0.086,1,0,False,No Significativo
3977,2.6708354096448534,0.001,1,1,True,HH (Hot Spot)
3978,2.1489021523105993,0.001,1,1,True,HH (Hot Spot)
3979,0.2268948494338371,0.237,3,0,False,No Significativo
3980,0.11854904142303867,0.19,1,0,False,No Significativo
3981,1.1348866916915978,0.01,1,1,True,HH (Hot Spot)
3982,1.2492263351845576,0.039,3,3,True,LH (Low surrounded by High)
3983,0.4246119313379103,0.139,3,0,False,No Significativo
3984,0.2915931821953877,0.151,1,0,False,No Significativo
3985,0.0025085733928357527,0.008,1,1,True,HH (Hot Spot)
3986,0.4097606554628487,0.105,3,0,False,No Significativo
3987,-0.2689612304659664,0.034,4,4,True,HL (High surrounded by Low)
3988,0.36752849374662167,0.026,3,3,True,LH (Low surrounded by High)
3989,0.13621210559742558,0.153,3,0,False,No Significativo
3990,1.0450084667681938,0.039,3,3,True,LH (Low surrounded by High)
3991,1.642575896222429,0.001,1,1,True,HH (Hot Spot)
3992,-0.0220009220620517,0.116,4,0,False,No Significativo
3993,-0.02048889031841289,0.402,2,0,False,No Significativo
3994,2.2195621496020372,0.001,3,3,True,LH (Low surrounded by High)
3995,-0.00800235774774587,0.257,4,0,False,No Significativo
3996,1.6057613580936445,0.006,3,3,True,LH (Low surrounded by High)
3997,0.6898266203895311,0.027,1,1,True,HH (Hot Spot)
3998,4.074631518049556,0.001,3,3,True,LH (Low surrounded by High)
3999,0.6560164324999284,0.011,1,1,True,HH (Hot Spot)
4000,0.9558480777486559,0.005,1,1,True,HH (Hot Spot)
4001,0.23650254003987808,0.024,1,1,True,HH (Hot Spot)
4002,0.0515907917471503,0.018,1,1,True,HH (Hot Spot)
4003,0.5276912485190383,0.039,1,1,True,HH (Hot Spot)
4004,-0.17025637542853242,0.104,2,0,False,No Significativo
4005,1.2121643204875248,0.051,3,0,False,No Significativo
4006,0.30619866153498654,0.042,1,1,True,HH (Hot Spot)
4007,0.22654017569207718,0.271,3,0,False,No Significativo
4008,0.07092092916474443,0.15,1,0,False,No Significativo
4009,3.476885970087901,0.001,1,1,True,HH (Hot Spot)
4010,0.6735777679734514,0.005,1,1,True,HH (Hot Spot)
4011,0.5319245350446724,0.113,1,0,False,No Significativo
4012,0.395011441049695,0.119,3,0,False,No Significativo
4013,0.26464341964050075,0.113,1,0,False,No Significativo
4014,0.6741207620133192,0.029,1,1,True,HH (Hot Spot)
4015,2.0202613437032713,0.005,3,3,True,LH (Low surrounded by High)
4016,0.5114446940447159,0.04,1,1,True,HH (Hot Spot)
4017,0.9264190551276524,0.026,3,3,True,LH (Low surrounded by High)
4018,2.425179792010448,0.013,3,3,True,LH (Low surrounded by High)
4019,3.534859870928671,0.001,3,3,True,LH (Low surrounded by High)
4020,1.0299890293893823,0.022,3,3,True,LH (Low surrounded by High)
4021,0.08428801307698111,0.031,3,3,True,LH (Low surrounded by High)
4022,0.12275324725660851,0.249,1,0,False,No Significativo
4023,0.24545458078264043,0.146,3,0,False,No Significativo
4024,2.5985764786341687,0.001,3,3,True,LH (Low surrounded by High)
4025,2.1183749769536826,0.002,3,3,True,LH (Low surrounded by High)
4026,-0.05613198627975415,0.315,4,0,False,No Significativo
4027,0.6411126527981468,0.069,1,0,False,No Significativo
4028,-0.00021151846944118187,0.496,4,0,False,No Significativo
4029,1.3494228274922975,0.002,3,3,True,LH (Low surrounded by High)
4030,0.2926715105742084,0.074,3,0,False,No Significativo
4031,0.010817555476902574,0.455,3,0,False,No Significativo
4032,-0.02723611018980049,0.32,4,0,False,No Significativo
4033,0.29846258379167095,0.133,3,0,False,No Significativo
4034,0.803001950908955,0.023,1,1,True,HH (Hot Spot)
4035,0.9237428699034735,0.003,1,1,True,HH (Hot Spot)
4036,0.886526116361548,0.028,3,3,True,LH (Low surrounded by High)
4037,0.4725745348795062,0.102,3,0,False,No Significativo
4038,1.2954730587306613,0.002,1,1,True,HH (Hot Spot)
4039,3.546836593074878,0.001,1,1,True,HH (Hot Spot)
4040,0.9830333520309265,0.008,1,1,True,HH (Hot Spot)
4041,0.3725648190189209,0.075,3,0,False,No Significativo
4042,0.9912163172995256,0.009,3,3,True,LH (Low surrounded by High)
4043,0.30603843780227513,0.113,3,0,False,No Significativo
4044,0.8119713313323288,0.029,1,1,True,HH (Hot Spot)
4045,0.24226116080892865,0.215,1,0,False,No Significativo
4046,0.30172968903835923,0.152,1,0,False,No Significativo
4047,0.2660182747052444,0.139,3,0,False,No Significativo
4048,0.10536262714097645,0.093,1,0,False,No Significativo
4049,-0.012200031320865666,0.221,4,0,False,No Significativo
4050,1.0472299805826624,0.002,1,1,True,HH (Hot Spot)
4051,1.8183346821028845,0.002,3,3,True,LH (Low surrounded by High)
4052,0.010547393819645486,0.328,1,0,False,No Significativo
4053,2.267855015751783,0.002,3,3,True,LH (Low surrounded by High)
4054,0.12751578944963643,0.181,1,0,False,No Significativo
4055,1.8198441051089695,0.002,1,1,True,HH (Hot Spot)
4056,0.6810232412533822,0.006,1,1,True,HH (Hot Spot)
4057,2.0783880462708777,0.002,1,1,True,HH (Hot Spot)
4058,0.16911177518327467,0.268,3,0,False,No Significativo
4059,0.32980069934801653,0.002,1,1,True,HH (Hot Spot)
4060,0.16448401268998628,0.364,3,0,False,No Significativo
4061,0.5575997038182937,0.028,1,1,True,HH (Hot Spot)
4062,-0.054662959866981255,0.374,2,0,False,No Significativo
4063,1.6366776372945184,0.001,1,1,True,HH (Hot Spot)
4064,0.5190732507599848,0.006,1,1,True,HH (Hot Spot)
4065,1.0452882619263244,0.008,1,1,True,HH (Hot Spot)
4066,0.08487450726296145,0.165,1,0,False,No Significativo
4067,-0.030780761435208234,0.305,2,0,False,No Significativo
4068,0.2232987039404628,0.112,1,0,False,No Significativo
4069,1.2565710157009593,0.015,3,3,True,LH (Low surrounded by High)
4070,0.19570276913883464,0.076,1,0,False,No Significativo
4071,-0.027383246818612633,0.164,4,0,False,No Significativo
4072,0.8829792736195445,0.033,3,3,True,LH (Low surrounded by High)
4073,1.3205820351446496,0.008,3,3,True,LH (Low surrounded by High)
4074,0.36315554090370356,0.028,1,1,True,HH (Hot Spot)
4075,0.005016814457494796,0.157,3,0,False,No Significativo
4076,0.6621417802491781,0.059,1,0,False,No Significativo
4077,0.8122688432135224,0.021,3,3,True,LH (Low surrounded by High)
4078,1.9512891506685612,0.004,3,3,True,LH (Low surrounded by High)
4079,0.5341550768687098,0.074,3,0,False,No Significativo
4080,2.1914954902690758,0.001,3,3,True,LH (Low surrounded by High)
4081,0.5829591227487636,0.1,3,0,False,No Significativo
4082,0.9575592422102347,0.008,1,1,True,HH (Hot Spot)
4083,2.1297381526198684,0.002,3,3,True,LH (Low surrounded by High)
4084,-0.11816595402789874,0.291,2,0,False,No Significativo
4085,2.5924997625949286,0.002,1,1,True,HH (Hot Spot)
4086,0.8676061259608693,0.061,1,0,False,No Significativo
4087,0.4564685135360092,0.049,1,1,True,HH (Hot Spot)
4088,0.11177276132005576,0.309,3,0,False,No Significativo
4089,0.6984904254243854,0.03,1,1,True,HH (Hot Spot)
4090,0.2596518727098674,0.069,3,0,False,No Significativo
4091,0.08430758634700831,0.172,3,0,False,No Significativo
4092,0.9378497352779357,0.002,1,1,True,HH (Hot Spot)
4093,-0.12394087927844866,0.023,2,2,True,LL (Cold Spot)
4094,2.9075526373534624,0.002,3,3,True,LH (Low surrounded by High)
4095,0.05372725016873242,0.278,3,0,False,No Significativo
4096,0.10619648246984877,0.266,3,0,False,No Significativo
4097,1.621409030738269,0.002,1,1,True,HH (Hot Spot)
4098,0.8976594404413165,0.034,3,3,True,LH (Low surrounded by High)
4099,0.6671739516266061,0.019,3,3,True,LH (Low surrounded by High)
4100,0.162919588839419,0.247,3,0,False,No Significativo
4101,1.2345850867003174,0.011,1,1,True,HH (Hot Spot)
4102,-0.06636159440794367,0.388,2,0,False,No Significativo
4103,0.3926712688943788,0.1,3,0,False,No Significativo
4104,2.6668053186508467,0.001,3,3,True,LH (Low surrounded by High)
4105,0.6809222169827083,0.008,1,1,True,HH (Hot Spot)
4106,-0.19322313145183054,0.004,4,4,True,HL (High surrounded by Low)
4107,0.4851374483087586,0.071,3,0,False,No Significativo
4108,4.97223704924489,0.001,3,3,True,LH (Low surrounded by High)
4109,1.640287054084674,0.001,1,1,True,HH (Hot Spot)
4110,1.3498791710475957,0.002,1,1,True,HH (Hot Spot)
4111,1.9719469916450574,0.003,1,1,True,HH (Hot Spot)
4112,0.22461896953158358,0.243,3,0,False,No Significativo
4113,0.10521056106784138,0.134,3,0,False,No Significativo
4114,2.8327940679383676,0.001,1,1,True,HH (Hot Spot)
4115,-0.05586924271332561,0.069,2,0,False,No Significativo
4116,-0.006795790606524875,0.428,2,0,False,No Significativo
4117,0.20090158279199224,0.072,3,0,False,No Significativo
4118,0.001237986496549567,0.476,3,0,False,No Significativo
4119,0.8770316745638876,0.008,1,1,True,HH (Hot Spot)
4120,0.18838269674898775,0.147,1,0,False,No Significativo
4121,0.44625980773523505,0.062,1,0,False,No Significativo
4122,1.6726323788232476,0.002,1,1,True,HH (Hot Spot)
4123,-0.023805939689375995,0.351,2,0,False,No Significativo
4124,3.0857810269583723,0.001,3,3,True,LH (Low surrounded by High)
4125,0.7469160981019699,0.062,1,0,False,No Significativo
4126,2.284026201376377,0.002,3,3,True,LH (Low surrounded by High)
4127,1.296529222888834,0.008,1,1,True,HH (Hot Spot)
4128,0.7801728273330564,0.025,1,1,True,HH (Hot Spot)
4129,1.0286216823189882,0.008,1,1,True,HH (Hot Spot)
4130,0.001985594689408898,0.491,1,0,False,No Significativo
4131,0.13202904008904415,0.271,1,0,False,No Significativo
4132,0.0011019163152705715,0.496,1,0,False,No Significativo
4133,0.3806860587324476,0.148,1,0,False,No Significativo
4134,-0.03335948284806394,0.435,4,0,False,No Significativo
4135,0.25433871239364186,0.063,1,0,False,No Significativo
4136,0.007673792143291929,0.49,1,0,False,No Significativo
4137,0.0709378797583174,0.13,1,0,False,No Significativo
4138,0.9632392409977377,0.008,1,1,True,HH (Hot Spot)
4139,0.02656799561610954,0.411,1,0,False,No Significativo
4140,3.1968882933144265,0.001,3,3,True,LH (Low surrounded by High)
4141,-0.02230440897046026,0.303,4,0,False,No Significativo
4142,0.7672784950829444,0.023,3,3,True,LH (Low surrounded by High)
4143,0.704399119284123,0.029,3,3,True,LH (Low surrounded by High)
4144,0.12808900179999874,0.322,3,0,False,No Significativo
4145,0.42311978428932895,0.14,1,0,False,No Significativo
4146,0.022959584484205042,0.478,1,0,False,No Significativo
4147,0.5664980989233989,0.019,1,1,True,HH (Hot Spot)
4148,0.7769869554299519,0.068,1,0,False,No Significativo
4149,0.8920974591877404,0.016,1,1,True,HH (Hot Spot)
4150,-0.04320954650670134,0.417,4,0,False,No Significativo
4151,-0.02841234254198671,0.043,2,2,True,LL (Cold Spot)
4152,2.9695815641416976,0.001,3,3,True,LH (Low surrounded by High)
4153,0.03911288594081135,0.18,1,0,False,No Significativo
4154,0.09474520433055553,0.135,1,0,False,No Significativo
4155,0.4759895107033271,0.037,1,1,True,HH (Hot Spot)
4156,0.6307714987123054,0.008,1,1,True,HH (Hot Spot)
4157,1.1727524295406422,0.008,1,1,True,HH (Hot Spot)
4158,0.072004746547876,0.09,1,0,False,No Significativo
4159,0.2060443429476559,0.178,3,0,False,No Significativo
4160,0.07340259028846215,0.228,1,0,False,No Significativo
4161,0.44389011562129277,0.061,3,0,False,No Significativo
4162,0.22008822865019445,0.243,1,0,False,No Significativo
4163,0.7130031739101629,0.026,1,1,True,HH (Hot Spot)
4164,0.47306662025368107,0.035,3,3,True,LH (Low surrounded by High)
4165,0.7457959812066731,0.017,1,1,True,HH (Hot Spot)
4166,1.4340297026730116e-05,0.499,1,0,False,No Significativo
4167,0.06865838253815447,0.278,3,0,False,No Significativo
4168,0.9243874663525921,0.023,1,1,True,HH (Hot Spot)
4169,-0.04699990549624974,0.286,2,0,False,No Significativo
4170,0.9377736219607941,0.012,3,3,True,LH (Low surrounded by High)
4171,2.2033549306108466,0.002,1,1,True,HH (Hot Spot)
4172,1.3748687552664387,0.002,1,1,True,HH (Hot Spot)
4173,1.0522169348963146,0.007,3,3,True,LH (Low surrounded by High)
4174,2.3785879284381792,0.001,1,1,True,HH (Hot Spot)
4175,1.1601382808391292,0.002,3,3,True,LH (Low surrounded by High)
4176,0.37781221512769825,0.167,1,0,False,No Significativo
4177,1.236617009434739,0.008,1,1,True,HH (Hot Spot)
4178,0.03313061862046695,0.275,3,0,False,No Significativo
4179,0.651792140402475,0.019,3,3,True,LH (Low surrounded by High)
4180,0.02503401570803495,0.415,3,0,False,No Significativo
4181,0.4384461081226828,0.043,1,1,True,HH (Hot Spot)
4182,0.4817120754018526,0.103,1,0,False,No Significativo
4183,0.4631832213361961,0.093,3,0,False,No Significativo
4184,0.018026434822991835,0.22,1,0,False,No Significativo
4185,1.4696235709886392,0.002,1,1,True,HH (Hot Spot)
4186,0.3649278547708015,0.069,3,0,False,No Significativo
4187,0.00673932429707309,0.298,3,0,False,No Significativo
4188,0.3128586446617619,0.017,1,1,True,HH (Hot Spot)
4189,4.020693371389447,0.001,3,3,True,LH (Low surrounded by High)
4190,0.29264715536946007,0.068,3,0,False,No Significativo
4191,0.23224790673516288,0.136,1,0,False,No Significativo
4192,0.7109409251063392,0.047,3,3,True,LH (Low surrounded by High)
4193,0.3716809656309428,0.036,1,1,True,HH (Hot Spot)
4194,6.8244537483520595,0.001,3,3,True,LH (Low surrounded by High)
4195,0.6682255491166206,0.033,3,3,True,LH (Low surrounded by High)
4196,0.04521134922577117,0.263,3,0,False,No Significativo
4197,0.8251041187751678,0.062,3,0,False,No Significativo
4198,0.8103765138818964,0.042,3,3,True,LH (Low surrounded by High)
4199,2.335591914638386,0.001,3,3,True,LH (Low surrounded by High)
4200,-0.051704272733547545,0.392,2,0,False,No Significativo
4201,0.7772029828213924,0.01,1,1,True,HH (Hot Spot)
4202,1.0105126466257832,0.008,1,1,True,HH (Hot Spot)
4203,0.05010022503027336,0.214,3,0,False,No Significativo
4204,1.6581389503410557,0.002,3,3,True,LH (Low surrounded by High)
4205,0.026935891703140574,0.168,1,0,False,No Significativo
4206,3.093515148175622,0.002,3,3,True,LH (Low surrounded by High)
4207,1.747326644308282,0.001,1,1,True,HH (Hot Spot)
4208,0.08259097960074419,0.038,3,3,True,LH (Low surrounded by High)
4209,0.39147369215903477,0.008,1,1,True,HH (Hot Spot)
4210,0.8091321450347069,0.036,1,1,True,HH (Hot Spot)
4211,-0.0029008593727388775,0.284,2,0,False,No Significativo
4212,2.492861839472768,0.002,3,3,True,LH (Low surrounded by High)
4213,-0.03223654762989626,0.407,4,0,False,No Significativo
4214,2.9729638376645346,0.001,1,1,True,HH (Hot Spot)
4215,0.07471988567128454,0.283,1,0,False,No Significativo
4216,2.208287063541343,0.002,3,3,True,LH (Low surrounded by High)
4217,1.3063393300796216,0.025,3,3,True,LH (Low surrounded by High)
4218,-0.11874701810940168,0.144,4,0,False,No Significativo
4219,1.047197221664086,0.012,3,3,True,LH (Low surrounded by High)
4220,0.7531695335065752,0.005,1,1,True,HH (Hot Spot)
4221,0.6440711450542417,0.002,3,3,True,LH (Low surrounded by High)
4222,0.2508973474408359,0.251,3,0,False,No Significativo
4223,1.6741456432372674,0.007,3,3,True,LH (Low surrounded by High)
4224,0.6273528103192139,0.017,1,1,True,HH (Hot Spot)
4225,4.792293771227442,0.001,3,3,True,LH (Low surrounded by High)
4226,0.8862243692681437,0.008,1,1,True,HH (Hot Spot)
4227,0.8377506573431377,0.006,1,1,True,HH (Hot Spot)
4228,1.425262995020023,0.002,1,1,True,HH (Hot Spot)
4229,1.105878087345348,0.003,1,1,True,HH (Hot Spot)
4230,0.38352133158101737,0.146,1,0,False,No Significativo
4231,0.92401216032673,0.03,1,1,True,HH (Hot Spot)
4232,1.5348028436727708,0.016,3,3,True,LH (Low surrounded by High)
4233,0.4649492607102567,0.016,1,1,True,HH (Hot Spot)
4234,0.19921464190352667,0.198,1,0,False,No Significativo
4235,-0.03190808584960411,0.392,2,0,False,No Significativo
4236,1.3783882327364851,0.005,1,1,True,HH (Hot Spot)
4237,0.47371280104358254,0.044,1,1,True,HH (Hot Spot)
4238,0.1825170245337448,0.187,3,0,False,No Significativo
4239,0.026830889549400886,0.34,1,0,False,No Significativo
4240,0.050812182279580564,0.321,1,0,False,No Significativo
4241,1.5148492197614538,0.005,3,3,True,LH (Low surrounded by High)
4242,1.7633929681163065,0.006,3,3,True,LH (Low surrounded by High)
4243,0.26337447305571127,0.007,1,1,True,HH (Hot Spot)
4244,0.7806809904571553,0.031,3,3,True,LH (Low surrounded by High)
4245,0.16765213554981157,0.018,3,3,True,LH (Low surrounded by High)
4246,2.5225550539277455,0.001,3,3,True,LH (Low surrounded by High)
4247,1.2154327368915299,0.021,3,3,True,LH (Low surrounded by High)
4248,-0.09104988377347993,0.203,4,0,False,No Significativo
4249,-0.0020121325875183354,0.39,2,0,False,No Significativo
4250,-0.12696453914400227,0.257,2,0,False,No Significativo
4251,-0.010180883858823016,0.264,4,0,False,No Significativo
4252,2.1550619637769044,0.002,3,3,True,LH (Low surrounded by High)
4253,0.060493364092155014,0.38,3,0,False,No Significativo
4254,-0.3497227671624083,0.038,2,2,True,LL (Cold Spot)
4255,2.9348153269142894,0.001,1,1,True,HH (Hot Spot)
4256,0.060936676303516124,0.213,1,0,False,No Significativo
4257,0.03307967732339623,0.22,1,0,False,No Significativo
4258,0.03005110149763459,0.421,3,0,False,No Significativo
4259,0.0037025753923930213,0.464,1,0,False,No Significativo
4260,-0.11131116909371962,0.007,2,2,True,LL (Cold Spot)
4261,0.6719942316142103,0.012,1,1,True,HH (Hot Spot)
4262,0.6179672541234531,0.025,1,1,True,HH (Hot Spot)
4263,0.0555332146913441,0.042,1,1,True,HH (Hot Spot)
4264,1.5729456186419675,0.004,3,3,True,LH (Low surrounded by High)
4265,1.1597619146456442,0.049,3,3,True,LH (Low surrounded by High)
4266,0.39874887591283364,0.114,3,0,False,No Significativo
4267,3.1604399195541566,0.001,1,1,True,HH (Hot Spot)
4268,5.782950450167453,0.001,1,1,True,HH (Hot Spot)
4269,0.6754663053792298,0.029,1,1,True,HH (Hot Spot)
4270,-0.002571731071590343,0.488,4,0,False,No Significativo
4271,0.46394359422576475,0.037,3,3,True,LH (Low surrounded by High)
4272,-0.03148301733437229,0.096,4,0,False,No Significativo
4273,0.7294654350453967,0.002,1,1,True,HH (Hot Spot)
4274,0.4484155394530283,0.008,1,1,True,HH (Hot Spot)
4275,-0.03224957713872242,0.226,4,0,False,No Significativo
4276,0.14836944493585552,0.129,1,0,False,No Significativo
4277,0.14914399820621518,0.295,3,0,False,No Significativo
4278,0.6819276404255462,0.068,3,0,False,No Significativo
4279,1.3880214977124767,0.006,3,3,True,LH (Low surrounded by High)
4280,0.048008011415818244,0.314,1,0,False,No Significativo
4281,0.10074349001976707,0.341,1,0,False,No Significativo
4282,1.9582987159240144,0.003,1,1,True,HH (Hot Spot)
4283,1.3154181119298813,0.066,3,0,False,No Significativo
4284,0.3763691420049926,0.05,3,0,False,No Significativo
4285,1.8504934384770084,0.002,1,1,True,HH (Hot Spot)
4286,0.46688675706812743,0.031,3,3,True,LH (Low surrounded by High)
4287,0.24189115153837099,0.188,1,0,False,No Significativo
4288,0.8192474038505453,0.012,1,1,True,HH (Hot Spot)
4289,0.004480590428816943,0.403,3,0,False,No Significativo
4290,2.4306364910641642,0.002,1,1,True,HH (Hot Spot)
4291,0.8557469714959444,0.007,1,1,True,HH (Hot Spot)
4292,0.3437751220240129,0.007,1,1,True,HH (Hot Spot)
4293,0.06647794462639565,0.167,1,0,False,No Significativo
4294,0.016596394311809898,0.127,1,0,False,No Significativo
4295,1.1053299644324364,0.007,1,1,True,HH (Hot Spot)
4296,-0.026000212987824827,0.176,4,0,False,No Significativo
4297,0.13275198226290985,0.078,1,0,False,No Significativo
4298,0.01503608193971148,0.412,3,0,False,No Significativo
4299,0.8217541203479165,0.015,3,3,True,LH (Low surrounded by High)
4300,0.03296109038703426,0.039,1,1,True,HH (Hot Spot)
4301,0.23928880970893288,0.292,1,0,False,No Significativo
4302,1.4620254267078825,0.003,1,1,True,HH (Hot Spot)
4303,0.17403688043505672,0.211,1,0,False,No Significativo
4304,3.164699858680686,0.001,3,3,True,LH (Low surrounded by High)
4305,3.647443396639947,0.001,3,3,True,LH (Low surrounded by High)
4306,0.12338381919365125,0.169,3,0,False,No Significativo
4307,0.6161320967773554,0.067,3,0,False,No Significativo
4308,1.166247433060037,0.004,3,3,True,LH (Low surrounded by High)
4309,1.6521576194250334,0.019,3,3,True,LH (Low surrounded by High)
4310,1.108093384574791,0.007,1,1,True,HH (Hot Spot)
4311,2.7110221030535944,0.002,3,3,True,LH (Low surrounded by High)
4312,2.437243117121455,0.001,1,1,True,HH (Hot Spot)
4313,0.025540410152298843,0.372,1,0,False,No Significativo
4314,0.009533331831889463,0.306,3,0,False,No Significativo
4315,0.534523130705608,0.052,3,0,False,No Significativo
4316,0.062170276844457445,0.198,1,0,False,No Significativo
4317,-0.007798136514237372,0.477,4,0,False,No Significativo
4318,0.48570179375255085,0.021,3,3,True,LH (Low surrounded by High)
4319,0.7968932563358155,0.013,1,1,True,HH (Hot Spot)
4320,2.2466911159138023,0.002,1,1,True,HH (Hot Spot)
4321,0.017006721204364673,0.463,3,0,False,No Significativo
4322,0.6945122699507444,0.039,1,1,True,HH (Hot Spot)
4323,1.1202013815325151,0.003,1,1,True,HH (Hot Spot)
4324,-0.002730429031013479,0.147,2,0,False,No Significativo
4325,0.05989549355177098,0.314,3,0,False,No Significativo
4326,2.454122377517068,0.001,1,1,True,HH (Hot Spot)
4327,1.770281909957162,0.022,3,3,True,LH (Low surrounded by High)
4328,0.8782028013691409,0.024,3,3,True,LH (Low surrounded by High)
4329,-0.09089221702909653,0.15,4,0,False,No Significativo
4330,0.24118784167480473,0.242,3,0,False,No Significativo
4331,2.3649238601998044,0.001,1,1,True,HH (Hot Spot)
4332,0.4803126812445685,0.088,1,0,False,No Significativo
4333,0.9904318520812159,0.007,3,3,True,LH (Low surrounded by High)
4334,-0.05410828352339624,0.319,4,0,False,No Significativo
4335,0.5041096386694994,0.02,1,1,True,HH (Hot Spot)
4336,-0.2506328181442818,0.002,4,4,True,HL (High surrounded by Low)
4337,0.1535320940019246,0.152,3,0,False,No Significativo
4338,4.425280598918728,0.001,3,3,True,LH (Low surrounded by High)
4339,1.830719237348257,0.004,1,1,True,HH (Hot Spot)
4340,1.0329013643186418,0.003,1,1,True,HH (Hot Spot)
4341,2.41625595945063,0.001,1,1,True,HH (Hot Spot)
4342,0.514594857576054,0.198,3,0,False,No Significativo
4343,0.1792586801321956,0.182,3,0,False,No Significativo
4344,3.379998158018174,0.001,1,1,True,HH (Hot Spot)
4345,1.0328071743660079,0.001,1,1,True,HH (Hot Spot)
4346,0.42715861217163453,0.184,1,0,False,No Significativo
4347,-0.01673859578864046,0.433,4,0,False,No Significativo
4348,0.5343590372881022,0.066,3,0,False,No Significativo
4349,0.8458678113501731,0.02,3,3,True,LH (Low surrounded by High)
4350,-0.02723338965655577,0.137,2,0,False,No Significativo
4351,0.8202640195744086,0.056,3,0,False,No Significativo
4352,0.24199156239719835,0.042,1,1,True,HH (Hot Spot)
4353,2.2938982653796924,0.001,1,1,True,HH (Hot Spot)
4354,-0.09313269176025395,0.297,2,0,False,No Significativo
4355,1.3026846480185674,0.007,1,1,True,HH (Hot Spot)
4356,1.6701242970054953,0.002,3,3,True,LH (Low surrounded by High)
4357,2.0350452788910407,0.001,1,1,True,HH (Hot Spot)
4358,0.15106033266646082,0.244,1,0,False,No Significativo
4359,-0.020834325969581232,0.406,4,0,False,No Significativo
4360,0.555602318859307,0.009,1,1,True,HH (Hot Spot)
4361,0.163364978542993,0.188,1,0,False,No Significativo
4362,0.5487076044449373,0.005,3,3,True,LH (Low surrounded by High)
4363,0.004185507537994964,0.438,1,0,False,No Significativo
4364,0.04719592352382122,0.282,1,0,False,No Significativo
4365,0.039028036573462044,0.366,1,0,False,No Significativo
4366,0.10924414647901692,0.054,1,0,False,No Significativo
4367,0.07398121265227814,0.349,3,0,False,No Significativo
4368,0.03608218724240321,0.387,1,0,False,No Significativo
4369,0.11519579641654765,0.06,1,0,False,No Significativo
4370,1.037308850369652,0.003,1,1,True,HH (Hot Spot)
4371,0.030816817546945995,0.34,3,0,False,No Significativo
4372,2.855247459485734,0.001,3,3,True,LH (Low surrounded by High)
4373,0.09318134395207765,0.351,3,0,False,No Significativo
4374,0.23565948173755952,0.064,1,0,False,No Significativo
4375,2.3710563475259,0.001,3,3,True,LH (Low surrounded by High)
4376,1.290662596645094,0.013,3,3,True,LH (Low surrounded by High)
4377,0.011825803389249715,0.455,3,0,False,No Significativo
4378,0.2910346222474999,0.01,1,1,True,HH (Hot Spot)
4379,0.8084960009549624,0.043,3,3,True,LH (Low surrounded by High)
4380,-0.03506083678292328,0.246,4,0,False,No Significativo
4381,0.7892381413044852,0.029,1,1,True,HH (Hot Spot)
4382,0.4560774647024266,0.035,1,1,True,HH (Hot Spot)
4383,1.551988685362372,0.007,3,3,True,LH (Low surrounded by High)
4384,2.1433123455103025,0.001,1,1,True,HH (Hot Spot)
4385,0.06788455549244807,0.177,1,0,False,No Significativo
4386,4.348811419391343,0.001,3,3,True,LH (Low surrounded by High)
4387,1.0317139091460006,0.009,1,1,True,HH (Hot Spot)
4388,0.2039361111871269,0.183,1,0,False,No Significativo
4389,0.020923002723980982,0.346,1,0,False,No Significativo
4390,0.35448395592767246,0.006,1,1,True,HH (Hot Spot)
4391,0.37848670711826676,0.006,1,1,True,HH (Hot Spot)
4392,0.030569397234184715,0.377,1,0,False,No Significativo
4393,0.08516541794937194,0.341,3,0,False,No Significativo
4394,0.0728416363707344,0.21,3,0,False,No Significativo
4395,0.14439537050315876,0.056,1,0,False,No Significativo
4396,1.061189741085092,0.006,1,1,True,HH (Hot Spot)
4397,-0.00022435197000121124,0.497,4,0,False,No Significativo
4398,5.921056530730589,0.001,3,3,True,LH (Low surrounded by High)
4399,0.8718178537751717,0.017,1,1,True,HH (Hot Spot)
4400,0.8354305888471188,0.006,1,1,True,HH (Hot Spot)
4401,-0.004178635620892278,0.362,4,0,False,No Significativo
4402,0.29178531172217753,0.062,3,0,False,No Significativo
4403,-0.05661894382793285,0.005,2,2,True,LL (Cold Spot)
4404,1.4095346916962233,0.004,1,1,True,HH (Hot Spot)
4405,2.972811633101779,0.002,3,3,True,LH (Low surrounded by High)
4406,1.187943014523369,0.002,3,3,True,LH (Low surrounded by High)
4407,1.1486385796184393,0.008,1,1,True,HH (Hot Spot)
4408,0.5472562769361675,0.02,3,3,True,LH (Low surrounded by High)
4409,0.29735266054837284,0.214,1,0,False,No Significativo
4410,-0.06710356567109564,0.334,2,0,False,No Significativo
4411,0.34963867812913096,0.18,1,0,False,No Significativo
4412,-0.026168758775159427,0.349,4,0,False,No Significativo
4413,0.16786510531191662,0.189,3,0,False,No Significativo
4414,0.07344874279578154,0.343,1,0,False,No Significativo
4415,1.1685114430424623,0.032,3,3,True,LH (Low surrounded by High)
4416,0.2768332890656322,0.166,1,0,False,No Significativo
4417,1.5337265833025748,0.001,1,1,True,HH (Hot Spot)
4418,0.4234180824318361,0.152,3,0,False,No Significativo
4419,0.11432119162835,0.245,3,0,False,No Significativo
4420,0.6195655725899522,0.178,1,0,False,No Significativo
4421,3.68336896547203,0.001,3,3,True,LH (Low surrounded by High)
4422,0.6906451733816698,0.032,3,3,True,LH (Low surrounded by High)
4423,-0.09738244736751085,0.324,2,0,False,No Significativo
4424,0.15313842188714477,0.181,3,0,False,No Significativo
4425,-0.01600111268413447,0.473,2,0,False,No Significativo
4426,6.4545741079871535,0.001,3,3,True,LH (Low surrounded by High)
4427,0.39484053748552955,0.062,3,0,False,No Significativo
4428,0.11231151484412738,0.21,1,0,False,No Significativo
4429,2.998640806913029,0.001,1,1,True,HH (Hot Spot)
4430,0.5489280635388833,0.042,3,3,True,LH (Low surrounded by High)
4431,0.3731378475222289,0.032,3,3,True,LH (Low surrounded by High)
4432,0.09526250522336895,0.332,3,0,False,No Significativo
4433,3.182510595316695,0.001,3,3,True,LH (Low surrounded by High)
4434,-0.04101387654489725,0.307,4,0,False,No Significativo
4435,0.4646367216260119,0.038,1,1,True,HH (Hot Spot)
4436,2.199699174397091,0.001,1,1,True,HH (Hot Spot)
4437,0.1674752198134358,0.219,3,0,False,No Significativo
4438,0.7186930703536817,0.018,1,1,True,HH (Hot Spot)
4439,0.1346844406999094,0.12,1,0,False,No Significativo
4440,2.5258613329357913,0.002,3,3,True,LH (Low surrounded by High)
4441,1.1701961817462203,0.001,1,1,True,HH (Hot Spot)
4442,0.10562875325129614,0.211,1,0,False,No Significativo
4443,0.0005147311834273566,0.321,3,0,False,No Significativo
4444,0.5289251076007033,0.057,1,0,False,No Significativo
4445,0.6657723561124548,0.004,1,1,True,HH (Hot Spot)
4446,0.002431823577203047,0.482,3,0,False,No Significativo
4447,2.4804356427852716,0.002,3,3,True,LH (Low surrounded by High)
4448,2.8798368643092505,0.001,1,1,True,HH (Hot Spot)
4449,0.7673280502393139,0.006,1,1,True,HH (Hot Spot)
4450,0.45584847256251004,0.145,3,0,False,No Significativo
4451,0.15021270024430344,0.088,3,0,False,No Significativo
4452,0.1255253732439429,0.297,3,0,False,No Significativo
4453,1.0571038236208283,0.032,3,3,True,LH (Low surrounded by High)
4454,1.077767799245528,0.006,1,1,True,HH (Hot Spot)
4455,3.645367235245424,0.002,3,3,True,LH (Low surrounded by High)
4456,-0.05716724732090554,0.159,4,0,False,No Significativo
4457,-0.007858009978207807,0.256,4,0,False,No Significativo
4458,2.13976402465413,0.002,3,3,True,LH (Low surrounded by High)
4459,0.036764682585009874,0.313,3,0,False,No Significativo
4460,3.3942296670333203,0.001,3,3,True,LH (Low surrounded by High)
4461,0.12465551178870472,0.012,1,1,True,HH (Hot Spot)
4462,3.579697292633184,0.001,3,3,True,LH (Low surrounded by High)
4463,0.504242861413702,0.004,1,1,True,HH (Hot Spot)
4464,1.2959029463776575,0.003,1,1,True,HH (Hot Spot)
4465,0.37917497447890136,0.04,1,1,True,HH (Hot Spot)
4466,-0.057741623090928944,0.075,2,0,False,No Significativo
4467,0.45523380154549314,0.017,1,1,True,HH (Hot Spot)
4468,0.065055823496232,0.396,1,0,False,No Significativo
4469,0.8099216043109543,0.002,3,3,True,LH (Low surrounded by High)
4470,0.3352887059812822,0.051,1,0,False,No Significativo
4471,0.5895824539707103,0.035,3,3,True,LH (Low surrounded by High)
4472,4.132397897582634,0.001,1,1,True,HH (Hot Spot)
4473,1.0770235778407766,0.004,1,1,True,HH (Hot Spot)
4474,1.63708655325799,0.001,1,1,True,HH (Hot Spot)
4475,0.7998960225742017,0.032,3,3,True,LH (Low surrounded by High)
4476,2.836926941408627,0.001,1,1,True,HH (Hot Spot)
4477,0.4110666732893121,0.026,1,1,True,HH (Hot Spot)
4478,2.2998758841547224,0.002,3,3,True,LH (Low surrounded by High)
4479,1.7979077590702162,0.004,3,3,True,LH (Low surrounded by High)
4480,0.8605803439501957,0.045,1,1,True,HH (Hot Spot)
4481,0.5879380306730702,0.071,3,0,False,No Significativo
4482,0.7258576932584416,0.045,3,3,True,LH (Low surrounded by High)
4483,3.9733443210980326,0.001,3,3,True,LH (Low surrounded by High)
4484,0.34731911320505254,0.194,3,0,False,No Significativo
4485,0.44598083205658673,0.051,3,0,False,No Significativo
4486,0.3602210539215073,0.014,3,3,True,LH (Low surrounded by High)
4487,0.1666666426030977,0.267,1,0,False,No Significativo
4488,0.454418498292597,0.127,3,0,False,No Significativo
4489,2.811409709659909,0.001,3,3,True,LH (Low surrounded by High)
4490,0.003095241375373743,0.259,3,0,False,No Significativo
4491,0.8309294862007088,0.006,1,1,True,HH (Hot Spot)
4492,3.8942305248632243,0.001,1,1,True,HH (Hot Spot)
4493,0.08538801862766153,0.359,1,0,False,No Significativo
4494,-0.0013792467432426504,0.449,4,0,False,No Significativo
4495,1.2729208495377713,0.028,3,3,True,LH (Low surrounded by High)
4496,0.07599549710735004,0.294,1,0,False,No Significativo
4497,0.02099894174786564,0.427,3,0,False,No Significativo
4498,1.1427610417714993,0.014,1,1,True,HH (Hot Spot)
4499,1.3160606898380265,0.001,1,1,True,HH (Hot Spot)
4500,1.07529389754589,0.006,1,1,True,HH (Hot Spot)
4501,0.44211681655346996,0.029,1,1,True,HH (Hot Spot)
4502,2.1164254525537083,0.002,3,3,True,LH (Low surrounded by High)
4503,0.07763678743997895,0.238,3,0,False,No Significativo
4504,2.204785102547382,0.001,1,1,True,HH (Hot Spot)
4505,4.946156267344249,0.001,1,1,True,HH (Hot Spot)
4506,1.1266613652391297,0.003,1,1,True,HH (Hot Spot)
4507,0.9355250971419685,0.035,3,3,True,LH (Low surrounded by High)
4508,1.0753243467865188,0.007,3,3,True,LH (Low surrounded by High)
4509,1.842096641150483,0.007,3,3,True,LH (Low surrounded by High)
4510,1.3082541701061103,0.003,1,1,True,HH (Hot Spot)
4511,0.3055435117752563,0.124,3,0,False,No Significativo
4512,0.15154965881278198,0.335,3,0,False,No Significativo
4513,0.6014602855965654,0.008,1,1,True,HH (Hot Spot)
4514,-0.029494119654643578,0.42,2,0,False,No Significativo
4515,0.1701071392484189,0.062,1,0,False,No Significativo
4516,0.9966365985794787,0.004,3,3,True,LH (Low surrounded by High)
4517,0.03544673346440003,0.412,1,0,False,No Significativo
4518,2.813573572840176,0.002,3,3,True,LH (Low surrounded by High)
4519,-0.09385309414272255,0.308,4,0,False,No Significativo
4520,1.6629925387705462,0.004,3,3,True,LH (Low surrounded by High)
4521,2.543872035903859,0.001,1,1,True,HH (Hot Spot)
4522,1.612226998979305,0.001,1,1,True,HH (Hot Spot)
4523,1.068767498815908,0.031,3,3,True,LH (Low surrounded by High)
4524,-0.059255655989497294,0.218,4,0,False,No Significativo
4525,1.3115854229551727,0.001,1,1,True,HH (Hot Spot)
4526,0.16211923501921174,0.082,1,0,False,No Significativo
4527,0.07867902041077758,0.145,3,0,False,No Significativo
4528,0.4636512999253883,0.086,1,0,False,No Significativo
4529,0.5632468925906943,0.042,1,1,True,HH (Hot Spot)
4530,0.0015846478172732434,0.464,1,0,False,No Significativo
4531,1.9536013813033073,0.001,1,1,True,HH (Hot Spot)
4532,0.3980803636238575,0.03,1,1,True,HH (Hot Spot)
4533,0.31330878034959214,0.076,1,0,False,No Significativo
4534,0.1381552467300524,0.27,1,0,False,No Significativo
4535,0.22189722500393094,0.188,1,0,False,No Significativo
4536,0.5935307041603458,0.022,1,1,True,HH (Hot Spot)
4537,0.32931083317428356,0.091,3,0,False,No Significativo
4538,0.18732665449868063,0.075,1,0,False,No Significativo
4539,0.12426776967486267,0.315,3,0,False,No Significativo
4540,0.48420638066760924,0.045,3,3,True,LH (Low surrounded by High)
4541,0.05656903866737166,0.392,3,0,False,No Significativo
4542,1.2612869473306372,0.005,1,1,True,HH (Hot Spot)
4543,0.8632376597757571,0.002,1,1,True,HH (Hot Spot)
4544,0.023116726179990315,0.339,3,0,False,No Significativo
4545,0.009882648842845886,0.468,3,0,False,No Significativo
4546,-0.05495991269728408,0.104,2,0,False,No Significativo
4547,2.153083871365023,0.001,3,3,True,LH (Low surrounded by High)
4548,0.18950995134532247,0.103,3,0,False,No Significativo
4549,-0.018425176851956895,0.417,2,0,False,No Significativo
4550,2.447465681806205,0.003,3,3,True,LH (Low surrounded by High)
4551,0.07227854744966086,0.253,3,0,False,No Significativo
4552,0.28504669488174234,0.063,1,0,False,No Significativo
4553,1.8585283083518769,0.005,3,3,True,LH (Low surrounded by High)
4554,0.1861386112992485,0.059,1,0,False,No Significativo
4555,2.8950524843996805,0.001,1,1,True,HH (Hot Spot)
4556,0.2890343842825298,0.167,3,0,False,No Significativo
4557,0.03654827410616083,0.155,1,0,False,No Significativo
4558,0.08863423505470372,0.089,3,0,False,No Significativo
4559,0.17767919989329437,0.245,1,0,False,No Significativo
4560,1.7917999624284067,0.006,3,3,True,LH (Low surrounded by High)
4561,0.7458895902473262,0.028,3,3,True,LH (Low surrounded by High)
4562,0.5738846895643961,0.1,3,0,False,No Significativo
4563,0.8169193760896736,0.005,1,1,True,HH (Hot Spot)
4564,0.7668629791781748,0.005,1,1,True,HH (Hot Spot)
4565,0.0912374592830269,0.257,1,0,False,No Significativo
4566,0.021003373197403096,0.246,1,0,False,No Significativo
4567,0.15400350992223838,0.017,1,1,True,HH (Hot Spot)
4568,2.523157885326611,0.001,3,3,True,LH (Low surrounded by High)
4569,-0.050599329279219604,0.334,2,0,False,No Significativo
4570,1.5823275333794782,0.001,1,1,True,HH (Hot Spot)
4571,0.023940099240248362,0.459,1,0,False,No Significativo
4572,0.03892251679322697,0.417,3,0,False,No Significativo
4573,0.6358784619393,0.036,3,3,True,LH (Low surrounded by High)
4574,0.17597223198647008,0.098,3,0,False,No Significativo
4575,0.18911662545053726,0.039,3,3,True,LH (Low surrounded by High)
4576,1.2971180966122196,0.001,1,1,True,HH (Hot Spot)
4577,1.1002501980250068,0.041,3,3,True,LH (Low surrounded by High)
4578,0.3058423183840718,0.086,1,0,False,No Significativo
4579,0.8271064473915168,0.006,3,3,True,LH (Low surrounded by High)
4580,0.050994499827808855,0.353,3,0,False,No Significativo
4581,0.8700014055127164,0.004,1,1,True,HH (Hot Spot)
4582,0.4413883276112928,0.105,3,0,False,No Significativo
4583,0.7455271634128804,0.055,1,0,False,No Significativo
4584,2.333212494885325,0.001,1,1,True,HH (Hot Spot)
4585,0.9886088078304183,0.003,1,1,True,HH (Hot Spot)
4586,0.17270695567573377,0.195,1,0,False,No Significativo
4587,1.2032929616626633,0.001,1,1,True,HH (Hot Spot)
4588,4.36502118298938,0.001,1,1,True,HH (Hot Spot)
4589,0.017284609267672304,0.475,3,0,False,No Significativo
4590,0.708998726665437,0.035,3,3,True,LH (Low surrounded by High)
4591,0.1403416139553387,0.322,1,0,False,No Significativo
4592,0.1855240940465242,0.031,3,3,True,LH (Low surrounded by High)
4593,0.3057899928223716,0.005,1,1,True,HH (Hot Spot)
4594,0.021227217607690623,0.425,1,0,False,No Significativo
4595,0.6096684191616369,0.095,3,0,False,No Significativo
4596,0.08973849785874259,0.219,1,0,False,No Significativo
4597,0.9150080645554544,0.001,1,1,True,HH (Hot Spot)
4598,0.07030841041308263,0.234,1,0,False,No Significativo
4599,0.6286210973002373,0.018,1,1,True,HH (Hot Spot)
4600,0.3043327131429969,0.031,3,3,True,LH (Low surrounded by High)
4601,0.407214718853914,0.041,1,1,True,HH (Hot Spot)
4602,0.29483095706115153,0.165,3,0,False,No Significativo
4603,0.04227592393430543,0.267,1,0,False,No Significativo
4604,0.8825161201269505,0.005,1,1,True,HH (Hot Spot)
4605,0.0058597051085093116,0.451,3,0,False,No Significativo
4606,0.04071139162611553,0.4,1,0,False,No Significativo
4607,0.0016194320678825137,0.491,1,0,False,No Significativo
4608,0.11859462072133453,0.357,1,0,False,No Significativo
4609,-0.08794463989078113,0.066,4,0,False,No Significativo
4610,0.05829451778000247,0.364,3,0,False,No Significativo
4611,0.3888901059882086,0.007,1,1,True,HH (Hot Spot)
4612,1.144336746999445,0.04,1,1,True,HH (Hot Spot)
4613,0.016785982535586223,0.425,1,0,False,No Significativo
4614,3.2284513615991193,0.001,3,3,True,LH (Low surrounded by High)
4615,-0.0019477241745433132,0.385,2,0,False,No Significativo
4616,0.12530763277727397,0.071,1,0,False,No Significativo
4617,2.2436155530896382,0.001,3,3,True,LH (Low surrounded by High)
4618,0.1999125906015888,0.112,3,0,False,No Significativo
4619,0.06102837511728972,0.359,3,0,False,No Significativo
4620,0.25539910925225545,0.036,1,1,True,HH (Hot Spot)
4621,0.38063231806134523,0.119,3,0,False,No Significativo
4622,0.11448113755110731,0.228,1,0,False,No Significativo
4623,1.535261138924046,0.007,3,3,True,LH (Low surrounded by High)
4624,1.1569941267591477,0.024,1,1,True,HH (Hot Spot)
4625,0.2784426130722151,0.108,1,0,False,No Significativo
4626,0.5134729007952884,0.007,3,3,True,LH (Low surrounded by High)
4627,0.9748835836936779,0.015,1,1,True,HH (Hot Spot)
4628,1.7590569750296154,0.004,1,1,True,HH (Hot Spot)
4629,-0.22830778252562836,0.073,4,0,False,No Significativo
4630,3.6787052419005004,0.001,3,3,True,LH (Low surrounded by High)
4631,0.0776622490168129,0.23,1,0,False,No Significativo
4632,1.2293262234957312,0.005,1,1,True,HH (Hot Spot)
4633,0.5702504032152915,0.046,1,1,True,HH (Hot Spot)
4634,0.09593498999893893,0.005,1,1,True,HH (Hot Spot)
4635,3.8172657285022664,0.001,3,3,True,LH (Low surrounded by High)
4636,0.704808716783766,0.005,1,1,True,HH (Hot Spot)
4637,0.020824022007235723,0.272,3,0,False,No Significativo
4638,-0.024758523821369782,0.286,2,0,False,No Significativo
4639,1.1814454567815864,0.009,3,3,True,LH (Low surrounded by High)
4640,0.6575075525287125,0.008,1,1,True,HH (Hot Spot)
4641,-0.00272074170223371,0.343,2,0,False,No Significativo
4642,0.7742113993516175,0.003,1,1,True,HH (Hot Spot)
4643,1.9658644533904979,0.001,1,1,True,HH (Hot Spot)
4644,0.36867057183198193,0.13,1,0,False,No Significativo
4645,0.06218100898201893,0.258,1,0,False,No Significativo
4646,1.2240008011566763,0.007,3,3,True,LH (Low surrounded by High)
4647,1.7132256471669058,0.001,1,1,True,HH (Hot Spot)
4648,2.911317394606,0.001,3,3,True,LH (Low surrounded by High)
4649,1.9377054452949365,0.001,1,1,True,HH (Hot Spot)
4650,2.308198343922402,0.005,3,3,True,LH (Low surrounded by High)
4651,0.47337108905219427,0.057,1,0,False,No Significativo
4652,0.19009325335534408,0.222,1,0,False,No Significativo
4653,0.7894056974460664,0.073,3,0,False,No Significativo
4654,0.43803177314455155,0.023,1,1,True,HH (Hot Spot)
4655,0.16329917540941016,0.072,1,0,False,No Significativo
4656,0.751286929942103,0.045,3,3,True,LH (Low surrounded by High)
4657,1.2613328575261564,0.005,1,1,True,HH (Hot Spot)
4658,2.400546223873355,0.001,1,1,True,HH (Hot Spot)
4659,0.285582070959204,0.104,3,0,False,No Significativo
4660,-0.006124594606625817,0.421,4,0,False,No Significativo
4661,0.7647744856866524,0.056,1,0,False,No Significativo
4662,0.7034761984220194,0.023,3,3,True,LH (Low surrounded by High)
4663,0.40087953569796897,0.027,3,3,True,LH (Low surrounded by High)
4664,0.14588880278974778,0.031,1,1,True,HH (Hot Spot)
4665,0.6713243877440708,0.015,3,3,True,LH (Low surrounded by High)
4666,0.2715268391477864,0.073,1,0,False,No Significativo
4667,0.3228604243155569,0.142,1,0,False,No Significativo
4668,1.725434629721266,0.005,3,3,True,LH (Low surrounded by High)
4669,2.67115691849068,0.001,1,1,True,HH (Hot Spot)
4670,1.3251045659874647,0.053,3,0,False,No Significativo
4671,1.1729790961533861,0.043,3,3,True,LH (Low surrounded by High)
4672,0.0754330584945124,0.332,1,0,False,No Significativo
4673,3.489760385419485,0.001,3,3,True,LH (Low surrounded by High)
4674,0.028247860313472626,0.413,3,0,False,No Significativo
4675,0.4587647161179181,0.01,1,1,True,HH (Hot Spot)
4676,-0.17517780088046303,0.031,2,2,True,LL (Cold Spot)
4677,1.5735102569956572,0.004,1,1,True,HH (Hot Spot)
4678,0.025362813681865836,0.399,3,0,False,No Significativo
4679,0.6949079401566864,0.009,1,1,True,HH (Hot Spot)
4680,2.040488501376821,0.002,3,3,True,LH (Low surrounded by High)
4681,1.7875177596804923,0.001,1,1,True,HH (Hot Spot)
4682,0.12749904250914304,0.272,1,0,False,No Significativo
4683,0.32581388832800107,0.051,3,0,False,No Significativo
4684,0.14375127575683042,0.062,1,0,False,No Significativo
4685,-0.012015050575766104,0.362,2,0,False,No Significativo
4686,1.0712903469232582,0.001,3,3,True,LH (Low surrounded by High)
4687,0.12920720303233962,0.307,1,0,False,No Significativo
4688,1.7324503028684686,0.001,1,1,True,HH (Hot Spot)
4689,0.7969888294903266,0.02,1,1,True,HH (Hot Spot)
4690,0.027076027933314414,0.466,1,0,False,No Significativo
4691,0.18282525737846617,0.155,3,0,False,No Significativo
4692,0.08487561934799934,0.303,3,0,False,No Significativo
4693,1.4600667251418566,0.015,3,3,True,LH (Low surrounded by High)
4694,0.583003595808794,0.043,3,3,True,LH (Low surrounded by High)
4695,0.24693342576030436,0.021,1,1,True,HH (Hot Spot)
4696,-0.0002440552088082635,0.499,2,0,False,No Significativo
4697,0.5397393205628505,0.031,1,1,True,HH (Hot Spot)
4698,1.7754562443765003,0.004,3,3,True,LH (Low surrounded by High)
4699,-0.05134218564337212,0.337,4,0,False,No Significativo
4700,2.7006343851820076,0.001,3,3,True,LH (Low surrounded by High)
4701,0.3038542647475127,0.02,1,1,True,HH (Hot Spot)
4702,0.8424521793415315,0.013,1,1,True,HH (Hot Spot)
4703,1.5512221287505126,0.001,1,1,True,HH (Hot Spot)
4704,2.2030726857797402,0.001,1,1,True,HH (Hot Spot)
4705,0.261482104311191,0.154,1,0,False,No Significativo
4706,0.46190374475647344,0.031,1,1,True,HH (Hot Spot)
4707,0.46421926267891256,0.056,1,0,False,No Significativo
4708,-0.004870363099281297,0.5,2,0,False,No Significativo
4709,0.9034939511969226,0.004,1,1,True,HH (Hot Spot)
4710,4.0212944201521506,0.001,1,1,True,HH (Hot Spot)
4711,0.6985422686533006,0.001,1,1,True,HH (Hot Spot)
4712,0.4461328107153788,0.074,3,0,False,No Significativo
4713,3.155091178327892,0.001,1,1,True,HH (Hot Spot)
4714,0.961627871153003,0.003,1,1,True,HH (Hot Spot)
4715,-0.004756613257243907,0.382,2,0,False,No Significativo
4716,1.112644967598627,0.034,3,3,True,LH (Low surrounded by High)
4717,1.6794516352086204,0.005,3,3,True,LH (Low surrounded by High)
4718,0.5489695437550268,0.07,1,0,False,No Significativo
4719,0.3263979805154347,0.128,3,0,False,No Significativo
4720,0.3105065761698683,0.19,3,0,False,No Significativo
4721,1.1541537099748642,0.029,3,3,True,LH (Low surrounded by High)
4722,0.6033209554503437,0.024,3,3,True,LH (Low surrounded by High)
4723,0.01422930814491879,0.371,1,0,False,No Significativo
4724,-0.1907196549089606,0.215,2,0,False,No Significativo
4725,0.057477976354052204,0.133,1,0,False,No Significativo
4726,0.32268586775086194,0.183,3,0,False,No Significativo
4727,2.782504766284497,0.001,3,3,True,LH (Low surrounded by High)
4728,-0.08648608773852694,0.26,4,0,False,No Significativo
4729,0.790695807628643,0.005,1,1,True,HH (Hot Spot)
4730,0.7353686369174217,0.011,1,1,True,HH (Hot Spot)
4731,-0.0032391485072458246,0.452,2,0,False,No Significativo
4732,-0.023595779930173963,0.383,4,0,False,No Significativo
4733,-0.0333333393510749,0.264,4,0,False,No Significativo
4734,0.7598226110776402,0.025,3,3,True,LH (Low surrounded by High)
4735,0.08368564168809663,0.135,3,0,False,No Significativo
4736,0.1196120851553176,0.16,3,0,False,No Significativo
4737,0.6747666319383485,0.009,1,1,True,HH (Hot Spot)
4738,-0.20995830702209117,0.172,2,0,False,No Significativo
4739,0.766346264842932,0.029,1,1,True,HH (Hot Spot)
4740,1.2256141087310757,0.061,3,0,False,No Significativo
4741,-0.005753809959968976,0.399,4,0,False,No Significativo
4743,0.9725415343637398,0.005,1,1,True,HH (Hot Spot)
4744,6.049905810935643,0.001,1,1,True,HH (Hot Spot)
4745,1.058203723804691,0.004,1,1,True,HH (Hot Spot)
4746,0.46860878209421863,0.087,3,0,False,No Significativo
4747,0.16137850977382184,0.165,3,0,False,No Significativo
4748,0.7882984125077518,0.006,3,3,True,LH (Low surrounded by High)
4749,0.4644280070377183,0.137,1,0,False,No Significativo
4750,0.537568222624338,0.043,3,3,True,LH (Low surrounded by High)
4751,0.6417847153375,0.004,1,1,True,HH (Hot Spot)
4752,-0.0004708693290429159,0.497,2,0,False,No Significativo
4753,0.003222312712351318,0.161,3,0,False,No Significativo
4754,0.3022975346836761,0.03,1,1,True,HH (Hot Spot)
4755,0.6327701740497402,0.092,3,0,False,No Significativo
4756,1.190911224316498,0.002,3,3,True,LH (Low surrounded by High)
4757,0.14937561297191104,0.174,1,0,False,No Significativo
4758,1.1829341618758047,0.007,3,3,True,LH (Low surrounded by High)
4759,1.5595630263912446,0.004,3,3,True,LH (Low surrounded by High)
4760,0.7068789175872671,0.087,3,0,False,No Significativo
4761,1.1271182757685159,0.003,1,1,True,HH (Hot Spot)
4762,0.06305795221186199,0.429,1,0,False,No Significativo
4763,0.11518932316429437,0.155,3,0,False,No Significativo
4764,1.4932044768290398,0.001,1,1,True,HH (Hot Spot)
4765,4.190631968875898,0.001,1,1,True,HH (Hot Spot)
4766,-0.23024699229548978,0.068,4,0,False,No Significativo
4767,0.4841774188471501,0.058,1,0,False,No Significativo
4768,0.26423831144983556,0.091,1,0,False,No Significativo
4769,0.23427763553758876,0.164,1,0,False,No Significativo
4770,0.23132188340013293,0.079,1,0,False,No Significativo
4771,0.12780168506426232,0.19,1,0,False,No Significativo
4772,0.2224440236044928,0.144,1,0,False,No Significativo
4773,0.5681937476738583,0.01,1,1,True,HH (Hot Spot)
4774,0.03720544441794308,0.032,3,3,True,LH (Low surrounded by High)
4775,0.11677719108595574,0.248,1,0,False,No Significativo
4776,0.6823795248557523,0.054,1,0,False,No Significativo
4777,-0.0313733706015683,0.284,4,0,False,No Significativo
4778,0.7111639747544996,0.03,3,3,True,LH (Low surrounded by High)
4779,0.964871114210677,0.005,1,1,True,HH (Hot Spot)
4780,0.9201657774751166,0.03,3,3,True,LH (Low surrounded by High)
4781,0.9824827156398647,0.006,1,1,True,HH (Hot Spot)
4782,0.05795981862476838,0.352,3,0,False,No Significativo
4783,0.3405849939311203,0.093,3,0,False,No Significativo
4784,2.0536494782184964,0.006,3,3,True,LH (Low surrounded by High)
4785,0.48533250869210026,0.046,3,3,True,LH (Low surrounded by High)
4786,0.24754142103194257,0.203,3,0,False,No Significativo
4787,0.879605761076851,0.01,3,3,True,LH (Low surrounded by High)
4788,0.4372961392031135,0.068,3,0,False,No Significativo
4789,0.3591106852955427,0.025,1,1,True,HH (Hot Spot)
4790,1.8042527881750463,0.006,3,3,True,LH (Low surrounded by High)
4791,0.7292315909252017,0.042,1,1,True,HH (Hot Spot)
4792,2.4300376571065248,0.001,1,1,True,HH (Hot Spot)
4793,0.12366027641950803,0.119,1,0,False,No Significativo
4794,-0.0014954184030446299,0.481,4,0,False,No Significativo
4795,0.5330163997630398,0.045,3,3,True,LH (Low surrounded by High)
4796,0.010998026315265023,0.37,1,0,False,No Significativo
4797,1.734859920424606,0.004,1,1,True,HH (Hot Spot)
4798,0.4826911941357347,0.07,3,0,False,No Significativo
4799,0.43355725160009434,0.052,3,0,False,No Significativo
4800,0.14153969562952215,0.157,3,0,False,No Significativo
4801,1.1819783153418182,0.006,1,1,True,HH (Hot Spot)
4802,1.4857794738107553,0.002,1,1,True,HH (Hot Spot)
4803,0.004608365909950463,0.427,1,0,False,No Significativo
4804,0.9669359916823596,0.005,1,1,True,HH (Hot Spot)
4805,1.956598122751462,0.004,3,3,True,LH (Low surrounded by High)
4806,2.9783823646790024,0.001,1,1,True,HH (Hot Spot)
4807,0.5863013620164795,0.053,3,0,False,No Significativo
4808,0.17721423425003158,0.284,1,0,False,No Significativo
4809,1.104573851997311,0.025,3,3,True,LH (Low surrounded by High)
4810,0.24763859952125578,0.061,3,0,False,No Significativo
4811,0.11515693848602758,0.078,3,0,False,No Significativo
4812,2.2119681230614283,0.001,1,1,True,HH (Hot Spot)
4813,1.068212517990846,0.023,3,3,True,LH (Low surrounded by High)
4814,0.9401705474263845,0.043,1,1,True,HH (Hot Spot)
4815,1.1103836246650742,0.012,3,3,True,LH (Low surrounded by High)
4816,0.040723627727659036,0.442,3,0,False,No Significativo
4817,0.6862514500644098,0.006,1,1,True,HH (Hot Spot)
4818,3.4145008303722335,0.001,3,3,True,LH (Low surrounded by High)
4819,0.9645961107916788,0.001,1,1,True,HH (Hot Spot)
4820,0.049006084613649845,0.122,3,0,False,No Significativo
4821,0.11426789016582513,0.243,1,0,False,No Significativo
4822,1.726551460636413,0.001,1,1,True,HH (Hot Spot)
4823,2.7257362014642283,0.003,1,1,True,HH (Hot Spot)
4824,0.12329317475859805,0.24,3,0,False,No Significativo
4825,1.487571172293636,0.009,3,3,True,LH (Low surrounded by High)
4826,0.1648650838435469,0.01,1,1,True,HH (Hot Spot)
4827,0.9005902136766871,0.058,3,0,False,No Significativo
4828,0.6306225637988035,0.008,1,1,True,HH (Hot Spot)
4829,0.09807198498026723,0.149,1,0,False,No Significativo
4830,0.5668086557212324,0.133,3,0,False,No Significativo
4831,0.13167161066328784,0.089,1,0,False,No Significativo
4832,-0.0010034725386416385,0.493,4,0,False,No Significativo
4833,-0.08792714940859772,0.252,4,0,False,No Significativo
4834,0.7618148390818611,0.006,1,1,True,HH (Hot Spot)
4835,0.09259826154274806,0.035,3,3,True,LH (Low surrounded by High)
4836,0.7208784288604482,0.01,1,1,True,HH (Hot Spot)
4837,0.029994467047701576,0.334,1,0,False,No Significativo
4838,-0.024056279956495976,0.455,2,0,False,No Significativo
4839,0.3843897155468232,0.053,1,0,False,No Significativo
4840,0.7377734199359068,0.056,3,0,False,No Significativo
4841,-0.004981149335690043,0.378,2,0,False,No Significativo
4842,-0.007109574282827845,0.47,4,0,False,No Significativo
4843,0.26364129462538877,0.164,3,0,False,No Significativo
4844,1.5953929615942672,0.001,1,1,True,HH (Hot Spot)
4845,0.02251015120552112,0.278,1,0,False,No Significativo
4846,0.0062704280134244965,0.472,1,0,False,No Significativo
4847,0.22965980420731438,0.184,1,0,False,No Significativo
4848,1.753687935462331,0.001,1,1,True,HH (Hot Spot)
4849,2.9995259663840486,0.002,3,3,True,LH (Low surrounded by High)
4850,0.20631107603617987,0.291,1,0,False,No Significativo
4851,0.3044267318597933,0.254,1,0,False,No Significativo
4852,0.027579739636678275,0.396,3,0,False,No Significativo
4853,0.5357606040488114,0.099,3,0,False,No Significativo
4854,0.015044677475807853,0.323,1,0,False,No Significativo
4855,0.9967809268453096,0.01,1,1,True,HH (Hot Spot)
4856,0.23377351327368304,0.144,3,0,False,No Significativo
4857,0.15912407325971295,0.282,3,0,False,No Significativo
4858,0.7699290513125093,0.018,3,3,True,LH (Low surrounded by High)
4859,1.7943309096140796,0.003,1,1,True,HH (Hot Spot)
4860,0.0009871640735163048,0.5,1,0,False,No Significativo
4861,0.5712062401693427,0.032,3,3,True,LH (Low surrounded by High)
4862,0.5446684216635459,0.024,1,1,True,HH (Hot Spot)
4863,2.4858272087357713,0.001,1,1,True,HH (Hot Spot)
4864,0.07038130766992462,0.298,3,0,False,No Significativo
4865,4.1848189551889705,0.001,3,3,True,LH (Low surrounded by High)
4866,0.48056662429741825,0.003,1,1,True,HH (Hot Spot)
4867,0.19348856533018294,0.198,3,0,False,No Significativo
4868,1.006047556773996,0.013,1,1,True,HH (Hot Spot)
4869,3.276901748382018,0.001,3,3,True,LH (Low surrounded by High)
4870,0.025030196854803354,0.379,1,0,False,No Significativo
4871,0.003065889594003335,0.454,3,0,False,No Significativo
4872,-0.059458985046188906,0.164,2,0,False,No Significativo
4873,0.3395575540488215,0.21,1,0,False,No Significativo
4874,0.25512172480774725,0.009,1,1,True,HH (Hot Spot)
4875,0.006191764190357701,0.435,3,0,False,No Significativo
4876,4.12000572522703,0.001,3,3,True,LH (Low surrounded by High)
4877,1.8076529093418392,0.004,1,1,True,HH (Hot Spot)
4878,0.5413101394702569,0.002,1,1,True,HH (Hot Spot)
4879,-0.004170841471456461,0.113,2,0,False,No Significativo
4880,0.03560991214071139,0.352,1,0,False,No Significativo
4881,0.9512380369309682,0.001,1,1,True,HH (Hot Spot)
4882,0.05612207884291428,0.3,3,0,False,No Significativo
4883,0.5314737877363888,0.039,1,1,True,HH (Hot Spot)
4884,-0.06986388279007008,0.287,2,0,False,No Significativo
4885,1.3284905823700537,0.045,1,1,True,HH (Hot Spot)
4886,0.3328754905467312,0.057,1,0,False,No Significativo
4887,0.8826466873365777,0.003,1,1,True,HH (Hot Spot)
4888,-0.14862175976168243,0.334,4,0,False,No Significativo
4889,0.16350346200823174,0.285,1,0,False,No Significativo
4890,0.23445505345946663,0.285,1,0,False,No Significativo
4891,0.5311738401714005,0.012,3,3,True,LH (Low surrounded by High)
4892,0.5968918969576005,0.021,1,1,True,HH (Hot Spot)
4893,0.3104388572539489,0.029,3,3,True,LH (Low surrounded by High)
4894,0.214440975027086,0.241,3,0,False,No Significativo
4895,0.7543330727198995,0.013,3,3,True,LH (Low surrounded by High)
4896,3.2918692247862356,0.001,1,1,True,HH (Hot Spot)
4897,-1.0962486941246254,0.041,4,4,True,HL (High surrounded by Low)
4898,0.761096107503431,0.085,1,0,False,No Significativo
4899,0.7794373765842662,0.041,3,3,True,LH (Low surrounded by High)
4900,-0.09119366239767619,0.382,2,0,False,No Significativo
4901,-0.005427972463157853,0.459,2,0,False,No Significativo
4902,1.558592201596199,0.006,3,3,True,LH (Low surrounded by High)
4903,0.5593295758468066,0.003,1,1,True,HH (Hot Spot)
4904,0.15367571515327216,0.124,3,0,False,No Significativo
4905,0.40397687562257184,0.013,3,3,True,LH (Low surrounded by High)
4906,0.03101149927331714,0.432,3,0,False,No Significativo
4907,1.9636754087233899,0.002,3,3,True,LH (Low surrounded by High)
4908,0.03048635381840208,0.335,3,0,False,No Significativo
4909,0.7016655261758179,0.005,1,1,True,HH (Hot Spot)
4910,1.0034640408116178,0.003,1,1,True,HH (Hot Spot)
4911,0.012971235566959454,0.368,3,0,False,No Significativo
4912,0.8472320731824123,0.006,1,1,True,HH (Hot Spot)
4913,0.00434479612346557,0.46,3,0,False,No Significativo
4914,0.7455778852685198,0.1,1,0,False,No Significativo
4915,1.7988016249440866,0.007,3,3,True,LH (Low surrounded by High)
4916,1.4048371417426404,0.001,1,1,True,HH (Hot Spot)
4917,0.2923281551283021,0.23,1,0,False,No Significativo
4918,0.08772207828183948,0.083,3,0,False,No Significativo
4919,-0.03068579157590759,0.39,4,0,False,No Significativo
4920,0.011525294915464558,0.46,1,0,False,No Significativo
4921,-0.023036407278565166,0.168,2,0,False,No Significativo
4922,0.2538097368222161,0.209,1,0,False,No Significativo
4923,2.671286280668387,0.001,1,1,True,HH (Hot Spot)
4924,0.6620635074581153,0.038,1,1,True,HH (Hot Spot)
4925,1.6397870670351098,0.006,3,3,True,LH (Low surrounded by High)
4926,0.5870324879914252,0.059,3,0,False,No Significativo
4927,0.274204530686327,0.11,3,0,False,No Significativo
4928,0.5606885725907638,0.056,3,0,False,No Significativo
4929,-0.41071166996063285,0.031,4,4,True,HL (High surrounded by Low)
4930,0.23889513012110125,0.149,1,0,False,No Significativo
4931,1.7100813071879613,0.031,3,3,True,LH (Low surrounded by High)
4932,0.007529559515914924,0.151,3,0,False,No Significativo
4933,2.631927517724385,0.001,1,1,True,HH (Hot Spot)
4934,2.377690904091305,0.003,3,3,True,LH (Low surrounded by High)
4935,2.1464533690112346,0.002,3,3,True,LH (Low surrounded by High)
4936,0.574624298300662,0.003,1,1,True,HH (Hot Spot)
4937,0.48437752592119454,0.08,3,0,False,No Significativo
4938,1.0042266502122235,0.003,1,1,True,HH (Hot Spot)
4939,-0.007422853538507659,0.464,4,0,False,No Significativo
4940,1.6828979941114237,0.003,1,1,True,HH (Hot Spot)
4941,1.2640328049084342,0.021,3,3,True,LH (Low surrounded by High)
4942,1.0037795071665894,0.006,1,1,True,HH (Hot Spot)
4943,0.6311793589209239,0.16,1,0,False,No Significativo
4944,0.30082656955495646,0.055,1,0,False,No Significativo
4945,0.15039654016410445,0.005,1,1,True,HH (Hot Spot)
4946,0.40491960837760405,0.104,3,0,False,No Significativo
4947,2.9237072107669886,0.001,1,1,True,HH (Hot Spot)
4948,1.3612573988719778,0.005,1,1,True,HH (Hot Spot)
4949,1.7972480435788478,0.001,1,1,True,HH (Hot Spot)
4950,1.6931049035175665,0.006,3,3,True,LH (Low surrounded by High)
4951,0.38876645114365754,0.1,1,0,False,No Significativo
4952,0.9825365484062015,0.053,3,0,False,No Significativo
4953,0.27053162199789726,0.163,3,0,False,No Significativo
4954,3.8725647844791697,0.002,3,3,True,LH (Low surrounded by High)
4955,1.0670614843069222,0.022,3,3,True,LH (Low surrounded by High)
4956,0.06714665602779776,0.207,3,0,False,No Significativo
4957,2.0134724352207725,0.058,3,0,False,No Significativo
4958,0.17029896198944935,0.232,1,0,False,No Significativo
4959,0.22490811685143408,0.069,3,0,False,No Significativo
4960,3.0964701923552314,0.001,3,3,True,LH (Low surrounded by High)
4961,0.008596195107696086,0.311,3,0,False,No Significativo
4962,0.6691342862773914,0.006,1,1,True,HH (Hot Spot)
4963,2.370625862459223,0.001,1,1,True,HH (Hot Spot)
4964,0.006317377113636181,0.457,1,0,False,No Significativo
4965,-0.009259467268554396,0.236,2,0,False,No Significativo
4966,0.19199890986798088,0.197,3,0,False,No Significativo
4967,-0.8459911514446128,0.107,4,0,False,No Significativo
4968,0.004818143169507786,0.476,3,0,False,No Significativo
4969,-0.16627805156092543,0.235,4,0,False,No Significativo
4970,1.1330708446363889,0.011,1,1,True,HH (Hot Spot)
4971,0.3497991885960008,0.005,1,1,True,HH (Hot Spot)
4972,1.556722529771635,0.003,1,1,True,HH (Hot Spot)
4973,0.1750964055001149,0.204,3,0,False,No Significativo
4974,1.8413486991547015,0.004,3,3,True,LH (Low surrounded by High)
4975,-0.44612929900635945,0.125,4,0,False,No Significativo
4976,0.21400864733777825,0.236,1,0,False,No Significativo
4977,1.7735763273315264,0.003,1,1,True,HH (Hot Spot)
4978,3.2640224102347384,0.001,1,1,True,HH (Hot Spot)
4979,0.9079012921709069,0.024,1,1,True,HH (Hot Spot)
4980,-0.06633636977745704,0.173,4,0,False,No Significativo
4981,-0.0011638165548200634,0.449,2,0,False,No Significativo
4982,0.986463837133895,0.03,3,3,True,LH (Low surrounded by High)
4983,-0.3118548673915019,0.031,2,2,True,LL (Cold Spot)
4984,0.2655142475417806,0.167,1,0,False,No Significativo
4985,0.11555502154460158,0.216,3,0,False,No Significativo
4986,1.2791562643594288,0.003,1,1,True,HH (Hot Spot)
4987,0.369552876982842,0.043,3,3,True,LH (Low surrounded by High)
4988,-0.030526571140987696,0.377,4,0,False,No Significativo
4989,0.028712734803805328,0.264,3,0,False,No Significativo
4990,0.5328689244502786,0.036,1,1,True,HH (Hot Spot)
4991,1.5762359581417777,0.007,3,3,True,LH (Low surrounded by High)
4992,1.7413562945662524,0.005,3,3,True,LH (Low surrounded by High)
4993,2.5957141021318804,0.006,3,3,True,LH (Low surrounded by High)
4994,1.252407959323078,0.012,3,3,True,LH (Low surrounded by High)
4995,0.6421764826948074,0.045,3,3,True,LH (Low surrounded by High)
4996,0.21979613198936235,0.105,1,0,False,No Significativo
4997,1.439231569651219,0.001,1,1,True,HH (Hot Spot)
4998,0.00729430454146464,0.46,1,0,False,No Significativo
4999,1.8569606609123623,0.001,1,1,True,HH (Hot Spot)
5000,1.2006879579785934,0.001,1,1,True,HH (Hot Spot)
5001,0.8477546889080246,0.03,1,1,True,HH (Hot Spot)
5002,0.438507583719263,0.063,1,0,False,No Significativo
5003,0.09475981183524786,0.236,1,0,False,No Significativo
5004,0.0119062123911757,0.45,3,0,False,No Significativo
5005,2.0806532702174105,0.001,1,1,True,HH (Hot Spot)
5006,-0.0898537179423249,0.171,2,0,False,No Significativo
5007,0.8522831284764787,0.031,3,3,True,LH (Low surrounded by High)
5008,0.23562075454847692,0.093,1,0,False,No Significativo
5009,0.12983604158447276,0.085,1,0,False,No Significativo
5010,1.135333123057645,0.001,1,1,True,HH (Hot Spot)
5011,0.153029819288672,0.273,3,0,False,No Significativo
5012,0.41123520751626513,0.034,3,3,True,LH (Low surrounded by High)
5013,-0.21131564143126313,0.092,4,0,False,No Significativo
5014,1.0963873187956312,0.006,1,1,True,HH (Hot Spot)
5015,0.4724377128343345,0.048,1,1,True,HH (Hot Spot)
5016,0.1300427595375705,0.116,1,0,False,No Significativo
5017,-0.004856771735151864,0.471,4,0,False,No Significativo
5018,0.2932457364321914,0.028,1,1,True,HH (Hot Spot)
5019,1.8222785822294,0.004,3,3,True,LH (Low surrounded by High)
5020,0.8588247537303313,0.021,3,3,True,LH (Low surrounded by High)
5021,0.3238645604866443,0.041,3,3,True,LH (Low surrounded by High)
5022,2.1388457288085787,0.005,3,3,True,LH (Low surrounded by High)
5023,0.0031613358497045775,0.338,1,0,False,No Significativo
5024,0.6267491526686253,0.044,1,1,True,HH (Hot Spot)
5025,0.910274312673573,0.007,3,3,True,LH (Low surrounded by High)
5026,0.30446177328126306,0.071,1,0,False,No Significativo
5027,2.152244057094646,0.001,1,1,True,HH (Hot Spot)
5028,-0.11517072236295828,0.101,2,0,False,No Significativo
5029,0.18454246951565786,0.15,3,0,False,No Significativo
5030,0.1739557931128729,0.178,1,0,False,No Significativo
5031,0.30470909674714836,0.006,1,1,True,HH (Hot Spot)
5032,0.4054284160267959,0.059,3,0,False,No Significativo
5033,0.595359196911501,0.065,3,0,False,No Significativo
5034,0.7388333682254435,0.021,3,3,True,LH (Low surrounded by High)
5035,0.3153955199437101,0.001,1,1,True,HH (Hot Spot)
5036,0.5240086975190954,0.001,1,1,True,HH (Hot Spot)
5037,0.050599811741065565,0.332,3,0,False,No Significativo
5038,0.009828105505510611,0.195,1,0,False,No Significativo
5039,0.6806420221239624,0.038,1,1,True,HH (Hot Spot)
5040,3.8519861859194,0.001,3,3,True,LH (Low surrounded by High)
5041,2.527403296030283,0.001,1,1,True,HH (Hot Spot)
5042,0.7850527845662184,0.032,3,3,True,LH (Low surrounded by High)
5043,0.009064103278101926,0.426,3,0,False,No Significativo
5044,0.16170395782068583,0.141,3,0,False,No Significativo
5045,0.5397434477797391,0.071,3,0,False,No Significativo
5046,0.5113312620267957,0.104,3,0,False,No Significativo
5047,0.3567550094089712,0.065,3,0,False,No Significativo
5048,1.538766450994923,0.031,3,3,True,LH (Low surrounded by High)
5049,0.10537430266984164,0.25,1,0,False,No Significativo
5050,0.15054669134668813,0.107,3,0,False,No Significativo
5051,1.3859679345954086,0.001,1,1,True,HH (Hot Spot)
5052,0.6769392134386735,0.041,3,3,True,LH (Low surrounded by High)
5053,3.291641556861657,0.001,3,3,True,LH (Low surrounded by High)
5054,-0.17811941353528912,0.159,4,0,False,No Significativo
5055,0.17976374643103107,0.037,3,3,True,LH (Low surrounded by High)
5056,-0.014564034963119612,0.321,4,0,False,No Significativo
5057,1.199494988690945,0.001,1,1,True,HH (Hot Spot)
5058,6.208490353495838,0.001,1,1,True,HH (Hot Spot)
5059,0.3167917849311902,0.006,1,1,True,HH (Hot Spot)
5060,0.1877923275810245,0.256,3,0,False,No Significativo
5061,0.0020772812932999276,0.286,1,0,False,No Significativo
5062,1.4055829211870217,0.008,3,3,True,LH (Low surrounded by High)
5063,0.6905223513017377,0.027,1,1,True,HH (Hot Spot)
5064,0.3825077082121792,0.183,1,0,False,No Significativo
5065,2.89823125623185,0.002,3,3,True,LH (Low surrounded by High)
5066,0.39082588764494386,0.065,3,0,False,No Significativo
5067,0.3053259127674168,0.055,1,0,False,No Significativo
5068,2.031182662036263,0.001,1,1,True,HH (Hot Spot)
5069,0.002534528469452104,0.422,1,0,False,No Significativo
5070,0.714386883001805,0.007,3,3,True,LH (Low surrounded by High)
5071,0.17649860511481602,0.216,1,0,False,No Significativo
5072,0.23660021294945555,0.221,3,0,False,No Significativo
5073,-0.016062044700895405,0.434,2,0,False,No Significativo
5074,0.9614591107079705,0.013,1,1,True,HH (Hot Spot)
5075,0.7459171044545302,0.02,1,1,True,HH (Hot Spot)
5076,0.018334879118503733,0.405,1,0,False,No Significativo
5077,0.21318045159139457,0.171,1,0,False,No Significativo
5078,0.15575162273907323,0.171,3,0,False,No Significativo
5079,1.4034926514873953,0.001,1,1,True,HH (Hot Spot)
5080,0.13009824719622698,0.285,1,0,False,No Significativo
5081,0.875936340238289,0.001,1,1,True,HH (Hot Spot)
5082,1.8882776324632171,0.003,3,3,True,LH (Low surrounded by High)
5083,0.344228682789227,0.066,3,0,False,No Significativo
5084,0.13192955742252283,0.257,1,0,False,No Significativo
5085,-0.006567720845487116,0.242,4,0,False,No Significativo
5086,0.7728285740923616,0.021,3,3,True,LH (Low surrounded by High)
5087,-0.15216242180923084,0.242,2,0,False,No Significativo
5088,-0.22864134600970046,0.16,2,0,False,No Significativo
5089,0.011999268684698946,0.154,3,0,False,No Significativo
5090,-0.07795962016276817,0.284,2,0,False,No Significativo
5091,2.057885183002994,0.004,3,3,True,LH (Low surrounded by High)
5092,0.0900693713898557,0.054,1,0,False,No Significativo
5093,0.5913274765260645,0.05,3,0,False,No Significativo
5094,1.7705637092167144,0.004,3,3,True,LH (Low surrounded by High)
5095,0.49450113108530824,0.014,1,1,True,HH (Hot Spot)
5096,0.028169471093760414,0.369,3,0,False,No Significativo
5097,0.009816973157704124,0.365,3,0,False,No Significativo
5098,1.3862150670780555,0.003,3,3,True,LH (Low surrounded by High)
5099,0.0400539857900209,0.339,1,0,False,No Significativo
5100,0.17197928599590934,0.149,3,0,False,No Significativo
5101,-0.01655130324220687,0.268,2,0,False,No Significativo
5102,1.8534518307097307,0.001,1,1,True,HH (Hot Spot)
5103,3.131139406677671,0.001,3,3,True,LH (Low surrounded by High)
5104,0.25412876212181773,0.04,1,1,True,HH (Hot Spot)
5105,0.0634833967990523,0.176,3,0,False,No Significativo
5106,0.0519216848169999,0.354,3,0,False,No Significativo
5107,0.011147070636553614,0.409,3,0,False,No Significativo
5108,-0.09354459186146291,0.217,2,0,False,No Significativo
5109,0.6097267708749016,0.02,1,1,True,HH (Hot Spot)
5110,0.04125407284890618,0.35,1,0,False,No Significativo
5111,-0.10666086150817694,0.375,2,0,False,No Significativo
5112,2.9729624814510367,0.001,1,1,True,HH (Hot Spot)
5113,1.7339691720221133,0.001,1,1,True,HH (Hot Spot)
5114,0.04032339374970095,0.19,3,0,False,No Significativo
5115,0.0018380089807250952,0.5,1,0,False,No Significativo
5116,0.21483768779123955,0.142,3,0,False,No Significativo
5117,0.8367524036101212,0.016,1,1,True,HH (Hot Spot)
5118,1.3713613489221324,0.007,1,1,True,HH (Hot Spot)
5119,2.5240749679826293,0.003,3,3,True,LH (Low surrounded by High)
5120,0.25669547812226823,0.151,1,0,False,No Significativo
5121,0.3369631366512691,0.149,3,0,False,No Significativo
5122,0.675979464886328,0.122,1,0,False,No Significativo
5123,-0.0605678738026731,0.427,2,0,False,No Significativo
5124,0.9213966583534631,0.022,1,1,True,HH (Hot Spot)
5125,0.2128707719126538,0.298,3,0,False,No Significativo
5126,1.1585957602057853,0.003,1,1,True,HH (Hot Spot)
5127,0.4863357616904189,0.145,3,0,False,No Significativo
5128,0.3170551527469232,0.164,1,0,False,No Significativo
5129,0.18590564913047586,0.025,1,1,True,HH (Hot Spot)
5130,0.5491724782630067,0.034,1,1,True,HH (Hot Spot)
5131,2.1753604588289663,0.001,1,1,True,HH (Hot Spot)
5132,0.03601195371306513,0.37,3,0,False,No Significativo
5133,-0.008758789900569127,0.487,2,0,False,No Significativo
5134,2.8399221890392887,0.002,3,3,True,LH (Low surrounded by High)
5135,3.5921266599359134,0.001,1,1,True,HH (Hot Spot)
5136,0.0805479194266264,0.274,3,0,False,No Significativo
5137,0.7192251952155729,0.058,1,0,False,No Significativo
5138,0.7554573676671453,0.024,3,3,True,LH (Low surrounded by High)
5139,0.02485875772140961,0.456,1,0,False,No Significativo
5140,2.087406942469405,0.001,1,1,True,HH (Hot Spot)
5141,0.5634325334871491,0.041,3,3,True,LH (Low surrounded by High)
5142,0.0017098607225869056,0.287,1,0,False,No Significativo
5143,3.0163867857817634,0.005,3,3,True,LH (Low surrounded by High)
5144,0.16277817563393268,0.261,1,0,False,No Significativo
5145,0.8380464247587427,0.016,1,1,True,HH (Hot Spot)
5146,0.8899429768857683,0.001,1,1,True,HH (Hot Spot)
5147,0.009747626921184362,0.365,3,0,False,No Significativo
5148,1.2973659992969724,0.007,1,1,True,HH (Hot Spot)
5149,0.08134881012873849,0.38,3,0,False,No Significativo
5150,0.5080922560830924,0.178,1,0,False,No Significativo
5151,3.361427814331001,0.001,1,1,True,HH (Hot Spot)
5152,-0.12373074674256809,0.173,2,0,False,No Significativo
5153,0.45811731645948167,0.049,3,3,True,LH (Low surrounded by High)
5154,0.8208203353404836,0.039,1,1,True,HH (Hot Spot)
5155,0.10690606173580727,0.262,1,0,False,No Significativo
5156,0.8293743969336304,0.006,3,3,True,LH (Low surrounded by High)
5157,0.01913210948765088,0.464,1,0,False,No Significativo
5158,2.8518215073920934,0.001,1,1,True,HH (Hot Spot)
5159,0.006451098289986674,0.356,1,0,False,No Significativo
5160,0.7328765482181573,0.01,1,1,True,HH (Hot Spot)
5161,0.21740782095709438,0.139,3,0,False,No Significativo
5162,0.05008633803289742,0.106,3,0,False,No Significativo
5163,-0.25240351328115473,0.043,4,4,True,HL (High surrounded by Low)
5164,0.29849157112356095,0.106,3,0,False,No Significativo
5165,0.2729787301122862,0.038,3,3,True,LH (Low surrounded by High)
5166,0.6171903491134183,0.003,3,3,True,LH (Low surrounded by High)
5167,0.014859898512921525,0.146,1,0,False,No Significativo
5168,0.33449453020818326,0.081,3,0,False,No Significativo
5169,0.29494674495474454,0.146,3,0,False,No Significativo
5170,1.541238090312935,0.004,3,3,True,LH (Low surrounded by High)
5171,0.0873863244000567,0.268,1,0,False,No Significativo
5172,0.7442707102085999,0.023,3,3,True,LH (Low surrounded by High)
5173,0.603045363834868,0.012,1,1,True,HH (Hot Spot)
5174,0.5932351930913089,0.023,3,3,True,LH (Low surrounded by High)
5175,0.07808917432810004,0.055,3,0,False,No Significativo
5176,-0.016444860650278347,0.172,4,0,False,No Significativo
5177,0.595342003125408,0.055,1,0,False,No Significativo
5178,0.11996171280128005,0.031,1,1,True,HH (Hot Spot)
5179,1.1915869139174085,0.001,1,1,True,HH (Hot Spot)
5180,0.7514363766447851,0.011,1,1,True,HH (Hot Spot)
5181,0.9113679373662895,0.005,1,1,True,HH (Hot Spot)
5182,-0.11065781932608858,0.057,4,0,False,No Significativo
5183,2.57754732216912,0.001,1,1,True,HH (Hot Spot)
5184,-0.13425231977588742,0.108,4,0,False,No Significativo
5185,3.9954014411702428,0.001,1,1,True,HH (Hot Spot)
5186,0.9265286187978864,0.003,1,1,True,HH (Hot Spot)
5187,0.6923137923009142,0.006,1,1,True,HH (Hot Spot)
5188,-0.0010620617772606493,0.39,4,0,False,No Significativo
5189,0.6793172076673997,0.039,3,3,True,LH (Low surrounded by High)
5190,0.4885218638907203,0.04,1,1,True,HH (Hot Spot)
5191,0.4613943522559442,0.041,3,3,True,LH (Low surrounded by High)
5192,0.4818261749403458,0.097,3,0,False,No Significativo
5193,3.0069373887510413,0.002,3,3,True,LH (Low surrounded by High)
5194,1.293985960308649,0.005,3,3,True,LH (Low surrounded by High)
5195,0.19787631421843999,0.216,3,0,False,No Significativo
5196,0.07315901288555768,0.275,1,0,False,No Significativo
5197,0.00996929740874778,0.318,3,0,False,No Significativo
5198,-0.014712153713975988,0.343,2,0,False,No Significativo
5199,1.8374488261928827,0.001,1,1,True,HH (Hot Spot)
5200,-0.006117969669228483,0.435,2,0,False,No Significativo
5201,-0.022427045021619622,0.466,2,0,False,No Significativo
5202,0.025513124407097854,0.234,1,0,False,No Significativo
5203,-0.009559175046486715,0.32,4,0,False,No Significativo
5204,0.02876084940808686,0.319,1,0,False,No Significativo
5205,-0.06998543547824179,0.191,4,0,False,No Significativo
5206,0.6254796715436002,0.006,1,1,True,HH (Hot Spot)
5207,1.605297756308013,0.001,1,1,True,HH (Hot Spot)
5208,-0.011108435125107445,0.441,4,0,False,No Significativo
5209,0.14304949961441113,0.172,3,0,False,No Significativo
5210,0.6086631925097091,0.071,3,0,False,No Significativo
5211,0.1619939156784204,0.285,3,0,False,No Significativo
5212,0.06645261792191998,0.264,3,0,False,No Significativo
5213,2.1239503074740997,0.001,1,1,True,HH (Hot Spot)
5214,0.2469070551891548,0.006,1,1,True,HH (Hot Spot)
5215,0.32107188093528966,0.171,3,0,False,No Significativo
5216,0.05043245966041483,0.412,1,0,False,No Significativo
5217,0.0007283711409856526,0.44,1,0,False,No Significativo
5218,0.28087057040350655,0.003,1,1,True,HH (Hot Spot)
5219,0.009389626333723113,0.447,3,0,False,No Significativo
5220,-0.1455929359573217,0.307,4,0,False,No Significativo
5221,0.9797431353664022,0.003,1,1,True,HH (Hot Spot)
5222,0.031730476505608306,0.288,1,0,False,No Significativo
5223,0.4000438521448956,0.13,3,0,False,No Significativo
5224,0.1645458901673561,0.084,1,0,False,No Significativo
5225,-0.11571712818214519,0.067,4,0,False,No Significativo
5226,1.6037462652121683,0.009,3,3,True,LH (Low surrounded by High)
5227,-0.16148164100078322,0.176,4,0,False,No Significativo
5228,0.8866351021760625,0.005,3,3,True,LH (Low surrounded by High)
5229,1.1653193222748697,0.009,3,3,True,LH (Low surrounded by High)
5230,0.6159220630749276,0.079,3,0,False,No Significativo
5231,0.6976910885151502,0.031,1,1,True,HH (Hot Spot)
5232,1.2855902628766844,0.005,1,1,True,HH (Hot Spot)
5233,0.6083695152298463,0.057,1,0,False,No Significativo
5234,1.9713269790415902,0.001,1,1,True,HH (Hot Spot)
5235,0.5351048809140175,0.135,1,0,False,No Significativo
5236,2.6328454575600593,0.002,3,3,True,LH (Low surrounded by High)
5237,1.1174403936139414,0.003,1,1,True,HH (Hot Spot)
5238,-0.041232955419268434,0.405,2,0,False,No Significativo
5239,0.30616116505286783,0.067,3,0,False,No Significativo
5240,0.5688211720983538,0.001,1,1,True,HH (Hot Spot)
5241,-0.6856668570839698,0.057,2,0,False,No Significativo
5242,0.06674934839342873,0.458,1,0,False,No Significativo
5243,-0.039826211804785815,0.337,2,0,False,No Significativo
5244,0.42887192224275505,0.124,3,0,False,No Significativo
5245,0.24239123122238682,0.119,1,0,False,No Significativo
5246,0.14109294108133158,0.165,1,0,False,No Significativo
5247,1.5151361871536464,0.001,1,1,True,HH (Hot Spot)
5248,1.3419530009503304,0.018,3,3,True,LH (Low surrounded by High)
5249,-0.011513263983564396,0.159,4,0,False,No Significativo
5250,0.6535402788418514,0.008,1,1,True,HH (Hot Spot)
5251,2.240771494650757,0.001,1,1,True,HH (Hot Spot)
5252,0.04915161530667715,0.427,3,0,False,No Significativo
5253,0.10026917225702245,0.118,3,0,False,No Significativo
5254,2.4425738253441875,0.002,3,3,True,LH (Low surrounded by High)
5255,0.007857278592784744,0.465,3,0,False,No Significativo
5256,1.0490039498117139,0.015,3,3,True,LH (Low surrounded by High)
5257,1.0381684799675235,0.008,3,3,True,LH (Low surrounded by High)
5258,0.6041300041746636,0.046,3,3,True,LH (Low surrounded by High)
5259,2.3663358521955065,0.003,3,3,True,LH (Low surrounded by High)
5260,0.6175743430602327,0.031,1,1,True,HH (Hot Spot)
5261,0.006996795149827618,0.332,3,0,False,No Significativo
5262,0.7232722628351953,0.056,3,0,False,No Significativo
5263,0.1495240942586374,0.243,1,0,False,No Significativo
5264,0.022938534034035948,0.432,3,0,False,No Significativo
5265,0.7801121325019683,0.001,1,1,True,HH (Hot Spot)
5266,0.008973450562486015,0.444,3,0,False,No Significativo
5267,0.5950541308123231,0.044,3,3,True,LH (Low surrounded by High)
5268,0.5239434202103828,0.071,3,0,False,No Significativo
5269,0.6982965974986065,0.052,1,0,False,No Significativo
5270,1.757388756771366,0.003,1,1,True,HH (Hot Spot)
5271,0.047234717447314827,0.461,1,0,False,No Significativo
5272,0.12495446607065144,0.309,3,0,False,No Significativo
5273,1.8207008235077962,0.001,1,1,True,HH (Hot Spot)
5274,3.1392309424298457,0.002,3,3,True,LH (Low surrounded by High)
5275,3.8565692863500005,0.001,1,1,True,HH (Hot Spot)
5276,2.137739501086041,0.017,3,3,True,LH (Low surrounded by High)
5277,-0.043930926779829425,0.273,2,0,False,No Significativo
5278,0.10979249246861114,0.358,3,0,False,No Significativo
5279,1.0742476273270751,0.005,3,3,True,LH (Low surrounded by High)
5280,-0.00521549234446535,0.424,2,0,False,No Significativo
5281,0.6631507710772082,0.039,3,3,True,LH (Low surrounded by High)
5282,2.31898437653547,0.002,3,3,True,LH (Low surrounded by High)
5283,-0.29412098082972626,0.101,2,0,False,No Significativo
5284,0.11034051378880784,0.226,3,0,False,No Significativo
5285,-0.3532970460527971,0.042,2,2,True,LL (Cold Spot)
5286,0.6873567965422431,0.005,1,1,True,HH (Hot Spot)
5287,0.8253296061892906,0.013,3,3,True,LH (Low surrounded by High)
5288,3.2967012478559936,0.001,3,3,True,LH (Low surrounded by High)
5289,1.4052293879455715,0.006,3,3,True,LH (Low surrounded by High)
5290,-0.1244879065423316,0.129,4,0,False,No Significativo
5291,0.28560857976134746,0.04,3,3,True,LH (Low surrounded by High)
5292,2.046977574239912,0.001,1,1,True,HH (Hot Spot)
5293,1.8191256503201214,0.003,1,1,True,HH (Hot Spot)
5294,-0.12583996841876915,0.17,2,0,False,No Significativo
5295,-0.00640423488855717,0.437,2,0,False,No Significativo
5296,-0.04681932136940819,0.171,4,0,False,No Significativo
5297,0.6048808405246825,0.008,1,1,True,HH (Hot Spot)
5298,0.27045191823590037,0.099,1,0,False,No Significativo
5299,1.623763665081181,0.004,3,3,True,LH (Low surrounded by High)
5300,0.6294111876568553,0.039,3,3,True,LH (Low surrounded by High)
5301,2.0187725831651364,0.001,1,1,True,HH (Hot Spot)
5302,0.031715910603810876,0.35,1,0,False,No Significativo
5304,0.22480637121507993,0.124,3,0,False,No Significativo
5305,2.447810947671401,0.001,1,1,True,HH (Hot Spot)
5306,0.5972855871898272,0.008,3,3,True,LH (Low surrounded by High)
5307,0.7086679477387703,0.041,3,3,True,LH (Low surrounded by High)
5308,-0.023064191722963444,0.39,2,0,False,No Significativo
5309,1.2400821903514925,0.006,1,1,True,HH (Hot Spot)
5310,1.0643023089610621,0.006,1,1,True,HH (Hot Spot)
5311,0.17489229830355063,0.27,1,0,False,No Significativo
5312,0.057571168441356416,0.263,3,0,False,No Significativo
5313,1.11236687330298,0.003,1,1,True,HH (Hot Spot)
5314,0.22675884569350724,0.133,1,0,False,No Significativo
5315,1.3573454208621907,0.018,1,1,True,HH (Hot Spot)
5316,1.4301917194229108,0.003,1,1,True,HH (Hot Spot)
5317,0.5615299431968049,0.043,3,3,True,LH (Low surrounded by High)
5318,2.4662734378467155,0.001,3,3,True,LH (Low surrounded by High)
5319,1.0218316542275812,0.01,3,3,True,LH (Low surrounded by High)
5320,0.08444679559410131,0.247,1,0,False,No Significativo
5321,1.066626462395839,0.004,3,3,True,LH (Low surrounded by High)
5322,1.2574070849178722,0.011,3,3,True,LH (Low surrounded by High)
5323,0.017945499941377237,0.285,1,0,False,No Significativo
5324,0.38116617678649223,0.209,1,0,False,No Significativo
5325,1.0236999622175753,0.008,3,3,True,LH (Low surrounded by High)
5326,0.27465192106369224,0.278,3,0,False,No Significativo
5327,0.842815472647453,0.022,3,3,True,LH (Low surrounded by High)
5328,0.4247942771322267,0.111,1,0,False,No Significativo
5329,2.1783523104551534,0.003,3,3,True,LH (Low surrounded by High)
5330,0.5998576485102469,0.028,1,1,True,HH (Hot Spot)
5331,0.6665035148190717,0.007,1,1,True,HH (Hot Spot)
5333,2.424019516125847,0.002,3,3,True,LH (Low surrounded by High)
5334,0.7258526130585945,0.028,1,1,True,HH (Hot Spot)
5335,0.4661174521055885,0.101,3,0,False,No Significativo
5336,0.014836033910526342,0.196,1,0,False,No Significativo
5337,1.090863408427798,0.003,1,1,True,HH (Hot Spot)
5338,3.2335856298221675,0.001,3,3,True,LH (Low surrounded by High)
5339,0.11638822718022898,0.235,1,0,False,No Significativo
5340,-0.0035856570526655,0.486,4,0,False,No Significativo
5341,-0.1324334510709863,0.31,4,0,False,No Significativo
5342,0.0034292709280010483,0.385,3,0,False,No Significativo
5343,0.3339901914529654,0.042,1,1,True,HH (Hot Spot)
5344,1.002236814974354,0.003,1,1,True,HH (Hot Spot)
5345,0.03352818012584063,0.331,1,0,False,No Significativo
5346,1.687778126910978,0.001,1,1,True,HH (Hot Spot)
5347,2.09541755132959,0.001,1,1,True,HH (Hot Spot)
5348,0.033152801632471716,0.267,3,0,False,No Significativo
5349,-0.0127025996136844,0.395,4,0,False,No Significativo
5350,-0.1242167392131684,0.223,4,0,False,No Significativo
5351,0.46911496519639473,0.077,3,0,False,No Significativo
5352,0.5040326288904725,0.019,1,1,True,HH (Hot Spot)
5353,1.8505976348644173,0.001,1,1,True,HH (Hot Spot)
5355,0.02173697735771708,0.401,3,0,False,No Significativo
5356,0.37695410696801274,0.083,3,0,False,No Significativo
5358,-0.07956173699768798,0.187,2,0,False,No Significativo
5359,0.6284213822232935,0.024,1,1,True,HH (Hot Spot)
5360,0.01772739564904079,0.034,1,1,True,HH (Hot Spot)
5361,0.7516671486280256,0.006,1,1,True,HH (Hot Spot)
5362,0.17386564109091582,0.292,1,0,False,No Significativo
5363,0.0655506204548002,0.282,1,0,False,No Significativo
5364,-0.01780231200895307,0.391,4,0,False,No Significativo
5365,2.6352670869063366,0.001,1,1,True,HH (Hot Spot)
5366,0.15255365554047207,0.235,3,0,False,No Significativo
5367,0.050316642878316255,0.267,3,0,False,No Significativo
5368,-0.005747485652545446,0.461,2,0,False,No Significativo
5369,2.6401889371119753,0.001,1,1,True,HH (Hot Spot)
5370,0.5484916850839452,0.048,3,3,True,LH (Low surrounded by High)
5371,-0.019854503884829334,0.374,2,0,False,No Significativo
5372,-0.04613218422290079,0.138,4,0,False,No Significativo
5373,0.09676341815025645,0.178,3,0,False,No Significativo
5374,0.1351213496171155,0.126,1,0,False,No Significativo
5375,0.36658712595283305,0.031,3,3,True,LH (Low surrounded by High)
5376,-0.04030618437951358,0.315,2,0,False,No Significativo
5377,2.354732560115569,0.001,1,1,True,HH (Hot Spot)
5378,0.4344066672866957,0.053,3,0,False,No Significativo
5379,-0.0580084234820319,0.368,2,0,False,No Significativo
5380,1.6032537914945848,0.002,3,3,True,LH (Low surrounded by High)
5381,0.14588467994543605,0.204,1,0,False,No Significativo
5382,0.6635277937932951,0.06,1,0,False,No Significativo
5383,2.134313042316573,0.001,1,1,True,HH (Hot Spot)
5384,0.0595430483996455,0.171,3,0,False,No Significativo
5385,-0.09340918955447149,0.242,2,0,False,No Significativo
5386,-0.4258546491717269,0.152,4,0,False,No Significativo
5387,1.2431493450411022,0.001,1,1,True,HH (Hot Spot)
5388,-0.05250703335993887,0.189,2,0,False,No Significativo
5389,0.5469695933201519,0.077,3,0,False,No Significativo
5390,-0.021904576229990574,0.156,2,0,False,No Significativo
5391,0.3839581540625229,0.18,1,0,False,No Significativo
5392,1.152718192804962,0.007,3,3,True,LH (Low surrounded by High)
5393,0.0328112266913865,0.425,1,0,False,No Significativo
5394,2.7858603698223483,0.001,1,1,True,HH (Hot Spot)
5395,0.01985672301142856,0.314,3,0,False,No Significativo
5396,1.0557658511784211,0.032,1,1,True,HH (Hot Spot)
5397,1.8848243207919562,0.003,3,3,True,LH (Low surrounded by High)
5398,0.037889353491793815,0.108,3,0,False,No Significativo
5399,0.2772033669619492,0.141,3,0,False,No Significativo
5400,-0.03593914818333704,0.112,4,0,False,No Significativo
5401,0.5947059482560502,0.016,3,3,True,LH (Low surrounded by High)
5402,1.4776846365630012,0.014,3,3,True,LH (Low surrounded by High)
5403,0.4872672893410846,0.005,1,1,True,HH (Hot Spot)
5404,0.07717324835403613,0.109,3,0,False,No Significativo
5405,-0.1431823268895491,0.152,4,0,False,No Significativo
5406,1.6204909836329957,0.006,3,3,True,LH (Low surrounded by High)
5407,1.6341729405085919,0.006,1,1,True,HH (Hot Spot)
5408,1.5001260145039337,0.014,3,3,True,LH (Low surrounded by High)
5409,1.714049098072773,0.004,3,3,True,LH (Low surrounded by High)
5410,0.3068014503201092,0.038,3,3,True,LH (Low surrounded by High)
5411,1.2117712252156438,0.028,3,3,True,LH (Low surrounded by High)
5412,0.4110561117062326,0.151,3,0,False,No Significativo
5413,0.4219107755072904,0.005,1,1,True,HH (Hot Spot)
5414,0.07819190361514672,0.268,1,0,False,No Significativo
5415,-0.11842094720876259,0.171,2,0,False,No Significativo
5416,-0.0926328618693031,0.218,2,0,False,No Significativo
5417,0.9789978702621698,0.033,1,1,True,HH (Hot Spot)
5418,2.63627342157844,0.001,1,1,True,HH (Hot Spot)
5419,0.8768320777249752,0.028,1,1,True,HH (Hot Spot)
5420,1.1167762683313973,0.005,1,1,True,HH (Hot Spot)
5421,0.6309163259983994,0.005,1,1,True,HH (Hot Spot)
5422,3.0848242805472332,0.001,1,1,True,HH (Hot Spot)
5423,-0.03622300871234878,0.311,2,0,False,No Significativo
5424,0.17092122373075883,0.016,3,3,True,LH (Low surrounded by High)
5425,1.2298208645230881,0.001,1,1,True,HH (Hot Spot)
5426,1.8993068737903664,0.001,1,1,True,HH (Hot Spot)
5427,1.309097600172859,0.003,1,1,True,HH (Hot Spot)
5428,0.007235863716207528,0.465,1,0,False,No Significativo
5429,1.5304600941934452,0.006,3,3,True,LH (Low surrounded by High)
5430,0.7385228533205692,0.044,3,3,True,LH (Low surrounded by High)
5431,0.6509689160452072,0.032,3,3,True,LH (Low surrounded by High)
5432,0.5933633459233071,0.054,1,0,False,No Significativo
5433,0.2186382576893181,0.216,3,0,False,No Significativo
5434,3.8861711907023175,0.001,3,3,True,LH (Low surrounded by High)
5435,0.2239189452439124,0.032,3,3,True,LH (Low surrounded by High)
5436,0.4546808504669391,0.055,3,0,False,No Significativo
5437,1.8326916779455822,0.003,1,1,True,HH (Hot Spot)
5438,0.31982516574215514,0.028,3,3,True,LH (Low surrounded by High)
5439,1.7009512738016281,0.005,3,3,True,LH (Low surrounded by High)
5440,3.4812438131551757,0.001,1,1,True,HH (Hot Spot)
5441,-0.07568934210218647,0.452,2,0,False,No Significativo
5442,0.868654221002532,0.004,1,1,True,HH (Hot Spot)
5443,-0.020266093313873086,0.392,2,0,False,No Significativo
5444,-0.006698331480051119,0.447,2,0,False,No Significativo
5445,0.23536799345339784,0.112,1,0,False,No Significativo
5446,0.08555404799981965,0.272,3,0,False,No Significativo
5447,0.2563362967993856,0.003,1,1,True,HH (Hot Spot)
5448,2.125877099559386,0.001,1,1,True,HH (Hot Spot)
5449,0.10502402788593183,0.371,3,0,False,No Significativo
5450,0.13617410442775746,0.217,1,0,False,No Significativo
5451,1.2774375085710026,0.006,3,3,True,LH (Low surrounded by High)
5452,0.12964655424095234,0.305,3,0,False,No Significativo
5453,0.06416632959896984,0.027,1,1,True,HH (Hot Spot)
5454,5.873152096571419,0.001,1,1,True,HH (Hot Spot)
5455,1.2720989212017682,0.003,1,1,True,HH (Hot Spot)
5456,0.21763214176268803,0.112,3,0,False,No Significativo
5457,0.03361435865351022,0.305,3,0,False,No Significativo
5458,0.0647966995821274,0.402,3,0,False,No Significativo
5459,0.22794025372627236,0.061,1,0,False,No Significativo
5460,-0.283481220195419,0.155,4,0,False,No Significativo
5461,0.30750207030887855,0.2,1,0,False,No Significativo
5462,-0.0020576292110688226,0.42,4,0,False,No Significativo
5463,-0.10277162771625968,0.172,4,0,False,No Significativo
5464,0.4368685409905066,0.061,1,0,False,No Significativo
5465,1.2645721278284263,0.016,3,3,True,LH (Low surrounded by High)
5466,1.8255101655443684,0.008,3,3,True,LH (Low surrounded by High)
5467,0.04373706676844844,0.131,3,0,False,No Significativo
5468,2.161306850824723,0.002,3,3,True,LH (Low surrounded by High)
5469,2.5432485671324,0.002,3,3,True,LH (Low surrounded by High)
5470,0.6926975979725954,0.013,3,3,True,LH (Low surrounded by High)
5471,0.007271090429513756,0.421,1,0,False,No Significativo
5472,2.3417162099890736,0.001,1,1,True,HH (Hot Spot)
5473,1.210207829978236,0.004,1,1,True,HH (Hot Spot)
5474,1.2890552942652422,0.008,3,3,True,LH (Low surrounded by High)
5475,1.729956333189696,0.001,1,1,True,HH (Hot Spot)
5476,0.345103234001032,0.159,1,0,False,No Significativo
5477,2.474992913410565,0.002,3,3,True,LH (Low surrounded by High)
5478,0.0003318394132619241,0.496,3,0,False,No Significativo
5479,0.9656454697666105,0.006,1,1,True,HH (Hot Spot)
5480,0.2413293926464935,0.215,1,0,False,No Significativo
5481,0.5498097121759823,0.045,3,3,True,LH (Low surrounded by High)
5482,0.29824218745586695,0.176,1,0,False,No Significativo
5483,1.6518139402466694,0.001,1,1,True,HH (Hot Spot)
5484,0.04986084314032847,0.342,1,0,False,No Significativo
5485,-0.03604562798521739,0.109,2,0,False,No Significativo
5486,0.7719579964567707,0.05,1,0,False,No Significativo
5487,-0.12733328957189086,0.167,2,0,False,No Significativo
5488,1.0742988584336592,0.005,1,1,True,HH (Hot Spot)
5489,-0.037893995867398646,0.369,4,0,False,No Significativo
5490,0.11265864668061905,0.185,3,0,False,No Significativo
5491,0.9090411236193596,0.006,1,1,True,HH (Hot Spot)
5492,1.4662144190862858,0.001,1,1,True,HH (Hot Spot)
5493,0.3688125999633117,0.222,1,0,False,No Significativo
5494,0.6879050355957359,0.02,3,3,True,LH (Low surrounded by High)
5495,0.36051851183098543,0.151,3,0,False,No Significativo
5496,0.004521885958761036,0.382,3,0,False,No Significativo
5497,0.02475146621633055,0.33,3,0,False,No Significativo
5498,-0.023615444611317225,0.419,4,0,False,No Significativo
5499,0.05499827123222409,0.296,1,0,False,No Significativo
5500,1.7442279370576885,0.005,3,3,True,LH (Low surrounded by High)
5501,0.31474100196900523,0.107,1,0,False,No Significativo
5502,-0.6742488198639368,0.029,2,2,True,LL (Cold Spot)
5503,0.32770996165262095,0.121,3,0,False,No Significativo
5504,0.10759919040161679,0.098,1,0,False,No Significativo
5505,0.00480182831531977,0.481,1,0,False,No Significativo
5506,1.5170464874531753,0.002,1,1,True,HH (Hot Spot)
5507,1.2753216052520568,0.004,3,3,True,LH (Low surrounded by High)
5508,0.8026994071299255,0.09,3,0,False,No Significativo
5509,0.2565873132801697,0.091,3,0,False,No Significativo
5510,0.6075918711112712,0.002,1,1,True,HH (Hot Spot)
5511,0.7567906850646287,0.006,1,1,True,HH (Hot Spot)
5512,0.4088385095079385,0.094,3,0,False,No Significativo
5513,-0.05693219348296261,0.229,4,0,False,No Significativo
5514,0.6054530126515579,0.066,1,0,False,No Significativo
5515,1.5488032168049926,0.008,3,3,True,LH (Low surrounded by High)
5516,-0.07638768209847278,0.325,2,0,False,No Significativo
5517,0.046368230445788264,0.314,3,0,False,No Significativo
5518,0.8371777799752133,0.043,3,3,True,LH (Low surrounded by High)
5519,0.0004443499027416515,0.456,3,0,False,No Significativo
5520,-0.10906068124729341,0.229,4,0,False,No Significativo
5521,0.6173173739932565,0.078,3,0,False,No Significativo
5522,0.48270805708461617,0.061,1,0,False,No Significativo
5523,0.6449641292270862,0.14,3,0,False,No Significativo
5524,-0.11325448818678034,0.384,4,0,False,No Significativo
5525,1.4316196540030648,0.001,1,1,True,HH (Hot Spot)
5526,-0.07316546759961959,0.167,4,0,False,No Significativo
5527,0.527455246607305,0.132,3,0,False,No Significativo
5528,3.6368034273082284,0.001,3,3,True,LH (Low surrounded by High)
5529,0.013488736261064678,0.375,3,0,False,No Significativo
5530,0.9200567055116814,0.031,3,3,True,LH (Low surrounded by High)
5531,-0.07012397396270521,0.342,2,0,False,No Significativo
5532,0.5917961530852369,0.04,3,3,True,LH (Low surrounded by High)
5533,3.586263053696174,0.001,3,3,True,LH (Low surrounded by High)
5534,0.6772817544967289,0.054,1,0,False,No Significativo
5535,1.9555455823637624,0.001,1,1,True,HH (Hot Spot)
5536,-0.05295762216168701,0.014,2,2,True,LL (Cold Spot)
5537,0.020511452715350747,0.425,3,0,False,No Significativo
5538,0.12148851837771527,0.266,3,0,False,No Significativo
5539,0.5194576572032392,0.006,1,1,True,HH (Hot Spot)
5540,3.8267565622987405,0.001,3,3,True,LH (Low surrounded by High)
5541,0.7455778782597116,0.017,3,3,True,LH (Low surrounded by High)
5542,0.45583998069259013,0.062,1,0,False,No Significativo
5543,1.8098695778029306,0.001,1,1,True,HH (Hot Spot)
5544,0.10215937051368262,0.369,1,0,False,No Significativo
5545,0.27386526900943897,0.08,3,0,False,No Significativo
5546,3.233871516494029,0.001,3,3,True,LH (Low surrounded by High)
5547,1.183179482497045,0.006,1,1,True,HH (Hot Spot)
5548,0.4655038293330946,0.09,3,0,False,No Significativo
5549,0.0666798370194177,0.3,1,0,False,No Significativo
5550,0.566683105884016,0.01,1,1,True,HH (Hot Spot)
5551,0.18132202825100585,0.139,1,0,False,No Significativo
5552,0.026004140668595136,0.443,1,0,False,No Significativo
5553,0.12651444810141196,0.268,1,0,False,No Significativo
5554,0.8615976096787541,0.004,1,1,True,HH (Hot Spot)
5555,0.10257891560927414,0.19,1,0,False,No Significativo
5556,0.0030033841137986042,0.492,3,0,False,No Significativo
5557,0.5207452018877254,0.08,1,0,False,No Significativo
5558,0.31025241835428835,0.004,1,1,True,HH (Hot Spot)
5559,1.4810025965277647,0.006,3,3,True,LH (Low surrounded by High)
5560,0.011459333996820918,0.283,3,0,False,No Significativo
5561,0.2746114668389285,0.185,1,0,False,No Significativo
5562,0.29634243511320263,0.05,3,0,False,No Significativo
5563,-0.017412870815541468,0.169,4,0,False,No Significativo
5564,0.0009479346943576366,0.488,1,0,False,No Significativo
5565,0.8646608498983739,0.02,3,3,True,LH (Low surrounded by High)
5566,0.9564858309764366,0.008,3,3,True,LH (Low surrounded by High)
5567,0.09343950861026358,0.188,1,0,False,No Significativo
5568,1.3676607555869298,0.011,3,3,True,LH (Low surrounded by High)
5569,2.3729502271000125,0.014,3,3,True,LH (Low surrounded by High)
5570,0.09209405498747053,0.313,1,0,False,No Significativo
5571,0.8428873742481199,0.007,1,1,True,HH (Hot Spot)
5572,0.05504954541629717,0.348,3,0,False,No Significativo
5573,2.5511394263693274,0.002,3,3,True,LH (Low surrounded by High)
5574,0.027891622292058986,0.434,3,0,False,No Significativo
5575,0.15923492208043927,0.185,3,0,False,No Significativo
5576,0.5385749122409575,0.063,1,0,False,No Significativo
5577,0.8613520307610535,0.006,1,1,True,HH (Hot Spot)
5578,3.1171919480704293,0.002,3,3,True,LH (Low surrounded by High)
5579,0.016533933472981023,0.462,3,0,False,No Significativo
5580,0.03165538102387162,0.329,3,0,False,No Significativo
5581,0.08977935952435628,0.223,1,0,False,No Significativo
5582,0.6196715488170855,0.041,1,1,True,HH (Hot Spot)
5583,0.048476803354171635,0.34,1,0,False,No Significativo
5584,1.104141506745944,0.004,1,1,True,HH (Hot Spot)
5585,0.36023105358290397,0.008,1,1,True,HH (Hot Spot)
5586,0.4416280085949997,0.041,3,3,True,LH (Low surrounded by High)
5587,0.16623908089655925,0.149,3,0,False,No Significativo
5588,-0.006170671713166687,0.447,2,0,False,No Significativo
5589,0.12049514082356243,0.175,3,0,False,No Significativo
5590,0.5775424514237466,0.01,1,1,True,HH (Hot Spot)
5591,1.5483515326844377,0.001,1,1,True,HH (Hot Spot)
5592,3.7127439204031902,0.001,3,3,True,LH (Low surrounded by High)
5593,0.3038283982450314,0.136,1,0,False,No Significativo
5594,0.38958649388433914,0.022,3,3,True,LH (Low surrounded by High)
5595,0.19441690611151802,0.117,1,0,False,No Significativo
5596,0.2181178525592926,0.064,1,0,False,No Significativo
5597,0.6803352366711672,0.136,1,0,False,No Significativo
5598,0.7470244286620441,0.033,1,1,True,HH (Hot Spot)
5599,1.0222535741836942,0.008,1,1,True,HH (Hot Spot)
5600,-0.06817712822214415,0.175,2,0,False,No Significativo
5601,-0.03982274544410494,0.373,4,0,False,No Significativo
5602,0.8062600946965155,0.013,3,3,True,LH (Low surrounded by High)
5603,2.596692181569921,0.001,1,1,True,HH (Hot Spot)
5604,0.04323521237586119,0.268,3,0,False,No Significativo
5605,0.037038779966234815,0.385,1,0,False,No Significativo
5606,0.03234556246703373,0.329,1,0,False,No Significativo
5607,2.6943626429915515,0.002,3,3,True,LH (Low surrounded by High)
5608,4.203855131959269,0.001,1,1,True,HH (Hot Spot)
5609,0.25405561500938,0.064,1,0,False,No Significativo
5610,-0.06328442913542341,0.353,2,0,False,No Significativo
5611,0.7630238129200205,0.038,3,3,True,LH (Low surrounded by High)
5612,-0.0503155122427944,0.282,2,0,False,No Significativo
5613,0.9452348585821678,0.022,3,3,True,LH (Low surrounded by High)
5614,0.8302424327487509,0.114,3,0,False,No Significativo
5615,2.964747950801541,0.001,1,1,True,HH (Hot Spot)
5616,0.6755378588845974,0.013,3,3,True,LH (Low surrounded by High)
5617,-0.020159997493488013,0.343,2,0,False,No Significativo
5618,-0.004350258402104919,0.435,2,0,False,No Significativo
5619,0.53548543018817,0.065,1,0,False,No Significativo
5620,-0.02056557805536931,0.41,4,0,False,No Significativo
5621,0.10966529900286452,0.059,1,0,False,No Significativo
5622,0.12417046526886173,0.219,3,0,False,No Significativo
5623,0.35771159397534286,0.243,1,0,False,No Significativo
5624,2.7654954167860493,0.006,3,3,True,LH (Low surrounded by High)
5625,0.9061889004325099,0.032,3,3,True,LH (Low surrounded by High)
5626,0.07796295789203583,0.208,1,0,False,No Significativo
5627,0.08092672799669796,0.112,3,0,False,No Significativo
5628,0.0947003595387779,0.343,1,0,False,No Significativo
5629,0.707453958460345,0.006,1,1,True,HH (Hot Spot)
5630,0.03130621986325076,0.075,1,0,False,No Significativo
5631,1.0581074090219622,0.021,3,3,True,LH (Low surrounded by High)
5632,0.007892306711109165,0.39,3,0,False,No Significativo
5633,2.9099882275309077,0.001,1,1,True,HH (Hot Spot)
5634,0.34967013824967735,0.145,1,0,False,No Significativo
5635,0.6173343248233348,0.006,1,1,True,HH (Hot Spot)
5636,0.2937043171838371,0.072,3,0,False,No Significativo
5637,0.08058608690749536,0.239,3,0,False,No Significativo
5638,0.2994699724690253,0.079,3,0,False,No Significativo
5639,1.4104835213467501,0.003,3,3,True,LH (Low surrounded by High)
5640,0.6345997708542317,0.039,3,3,True,LH (Low surrounded by High)
5641,0.4802205612955128,0.04,1,1,True,HH (Hot Spot)
5642,0.003929038989088138,0.488,1,0,False,No Significativo
5643,0.008655090268340057,0.491,3,0,False,No Significativo
5644,1.3030669700319317,0.006,3,3,True,LH (Low surrounded by High)
5645,-0.0032646123445831407,0.454,4,0,False,No Significativo
5646,1.823229327599208,0.005,3,3,True,LH (Low surrounded by High)
5647,0.7343535428156026,0.043,3,3,True,LH (Low surrounded by High)
5648,0.25779969989267815,0.202,3,0,False,No Significativo
5649,0.41830623346283285,0.154,3,0,False,No Significativo
5650,2.5704142832178607,0.005,3,3,True,LH (Low surrounded by High)
5651,0.5224004756835434,0.045,3,3,True,LH (Low surrounded by High)
5652,0.5832588126390612,0.047,1,1,True,HH (Hot Spot)
5653,0.08206207117371798,0.373,3,0,False,No Significativo
5654,1.1869742674366324,0.006,1,1,True,HH (Hot Spot)
5655,0.8835858466666515,0.026,1,1,True,HH (Hot Spot)
5656,1.2727080430525863,0.002,1,1,True,HH (Hot Spot)
5657,1.1776485361075288,0.004,1,1,True,HH (Hot Spot)
5658,0.08631785690482524,0.388,3,0,False,No Significativo
5659,0.5207707895333834,0.036,1,1,True,HH (Hot Spot)
5660,0.15791439100683682,0.288,1,0,False,No Significativo
5661,4.79383453465361,0.001,1,1,True,HH (Hot Spot)
5662,-0.032845150239014735,0.429,4,0,False,No Significativo
5663,3.21097343917321,0.001,1,1,True,HH (Hot Spot)
5664,0.47816311249184523,0.01,1,1,True,HH (Hot Spot)
5665,0.013605152298684748,0.309,3,0,False,No Significativo
5666,0.5845947587527892,0.025,3,3,True,LH (Low surrounded by High)
5667,0.6890206550355001,0.051,3,0,False,No Significativo
5668,1.0373628680837435,0.008,1,1,True,HH (Hot Spot)
5669,0.009066206139000887,0.273,3,0,False,No Significativo
5670,3.5443895550221862,0.001,3,3,True,LH (Low surrounded by High)
5671,2.4847784465433187,0.003,3,3,True,LH (Low surrounded by High)
5672,-0.0027988131453677606,0.408,2,0,False,No Significativo
5673,1.605096338686617,0.001,1,1,True,HH (Hot Spot)
5674,-0.018321145542822152,0.458,2,0,False,No Significativo
5675,1.5855615545024302,0.008,3,3,True,LH (Low surrounded by High)
5676,0.31697477469460367,0.087,3,0,False,No Significativo
5677,0.5973742109503994,0.075,1,0,False,No Significativo
5678,-0.003925334480013355,0.431,4,0,False,No Significativo
5679,-0.1891466925373601,0.191,4,0,False,No Significativo
5680,0.0011165365443888842,0.49,3,0,False,No Significativo
5681,0.09414016834296829,0.225,3,0,False,No Significativo
5682,0.1048171774840862,0.089,3,0,False,No Significativo
5683,0.359631324611211,0.189,1,0,False,No Significativo
5684,0.016880813584080532,0.294,1,0,False,No Significativo
5685,0.13277297642047034,0.148,3,0,False,No Significativo
5686,0.785691832255527,0.022,3,3,True,LH (Low surrounded by High)
5687,0.01101373677965997,0.185,3,0,False,No Significativo
5688,0.07104512420722146,0.283,1,0,False,No Significativo
5689,1.4963049288683274,0.001,1,1,True,HH (Hot Spot)
5690,5.242595655434034,0.001,1,1,True,HH (Hot Spot)
5691,0.4306647915068196,0.104,3,0,False,No Significativo
5692,0.02313287693461925,0.365,1,0,False,No Significativo
5693,0.13293071406419046,0.176,3,0,False,No Significativo
5694,0.03878524531952022,0.278,1,0,False,No Significativo
5695,0.013059697008275337,0.485,3,0,False,No Significativo
5696,0.244254727592984,0.075,1,0,False,No Significativo
5697,0.006856656827121901,0.21,3,0,False,No Significativo
5698,0.1251187782841064,0.069,3,0,False,No Significativo
5699,0.373398692985974,0.041,1,1,True,HH (Hot Spot)
5700,-0.3497559663657441,0.113,4,0,False,No Significativo
5701,1.5159043303517499,0.008,3,3,True,LH (Low surrounded by High)
5702,0.19775056921688547,0.126,3,0,False,No Significativo
5703,2.32663709289626,0.004,3,3,True,LH (Low surrounded by High)
5704,1.8409816102922987,0.003,3,3,True,LH (Low surrounded by High)
5705,0.03475381743302125,0.191,3,0,False,No Significativo
5706,0.20347107783927734,0.058,1,0,False,No Significativo
5707,1.4178381216474012,0.001,1,1,True,HH (Hot Spot)
5708,1.7101108049008067,0.006,1,1,True,HH (Hot Spot)
5709,0.7525862618932387,0.022,3,3,True,LH (Low surrounded by High)
5710,1.700889195365214,0.001,1,1,True,HH (Hot Spot)
5711,2.2143699172168643,0.001,1,1,True,HH (Hot Spot)
5712,1.4831884104321662,0.006,3,3,True,LH (Low surrounded by High)
5713,0.008211934161845545,0.4,1,0,False,No Significativo
5714,0.4922699266960755,0.028,1,1,True,HH (Hot Spot)
5715,0.08835766567530082,0.383,3,0,False,No Significativo
5716,0.782963844164398,0.046,3,3,True,LH (Low surrounded by High)
5717,1.5916669424634007,0.002,1,1,True,HH (Hot Spot)
5718,0.1819658523103903,0.357,1,0,False,No Significativo
5719,0.023533178831993712,0.404,1,0,False,No Significativo
5720,1.7496434843184128,0.014,3,3,True,LH (Low surrounded by High)
5721,1.6994400525057116,0.001,1,1,True,HH (Hot Spot)
5722,0.9034077194415487,0.001,1,1,True,HH (Hot Spot)
5723,0.025003760903691996,0.433,3,0,False,No Significativo
5724,0.5836417502924809,0.027,3,3,True,LH (Low surrounded by High)
5725,0.0526939631866506,0.34,3,0,False,No Significativo
5726,0.8082755342215528,0.048,1,1,True,HH (Hot Spot)
5727,1.1774352041793952,0.001,1,1,True,HH (Hot Spot)
5728,0.05995421835275704,0.358,3,0,False,No Significativo
5729,0.7647976646405472,0.019,3,3,True,LH (Low surrounded by High)
5730,0.3537922655321862,0.154,3,0,False,No Significativo
5731,0.9087442810757047,0.008,3,3,True,LH (Low surrounded by High)
5732,-0.003224332256788373,0.182,4,0,False,No Significativo
5733,-0.5275468560670574,0.088,4,0,False,No Significativo
5734,0.1949444174281535,0.293,1,0,False,No Significativo
5735,0.4636265179387149,0.006,1,1,True,HH (Hot Spot)
5736,0.8733815642938983,0.028,3,3,True,LH (Low surrounded by High)
5737,0.02912973572763406,0.276,1,0,False,No Significativo
5738,0.000350228829283942,0.24,3,0,False,No Significativo
5739,1.820973678839436,0.006,1,1,True,HH (Hot Spot)
5740,0.6464604919646978,0.08,3,0,False,No Significativo
5741,0.03944434724984484,0.165,3,0,False,No Significativo
5742,0.6288592333673745,0.036,1,1,True,HH (Hot Spot)
5743,0.16718417047392656,0.285,3,0,False,No Significativo
5744,-0.003026029609225596,0.446,4,0,False,No Significativo
5745,2.1285497692336333,0.001,1,1,True,HH (Hot Spot)
5746,1.3982664805180258,0.013,3,3,True,LH (Low surrounded by High)
5747,0.85812102807555,0.004,1,1,True,HH (Hot Spot)
5748,-0.026407302180565195,0.438,2,0,False,No Significativo
5749,1.237653028519969,0.027,3,3,True,LH (Low surrounded by High)
5750,0.30826739612698195,0.162,3,0,False,No Significativo
5751,0.20876609143788252,0.19,3,0,False,No Significativo
5752,-0.18268615787893944,0.273,2,0,False,No Significativo
5753,0.7231677386209675,0.031,3,3,True,LH (Low surrounded by High)
5754,0.25843593915622637,0.103,1,0,False,No Significativo
5755,0.7655865721453847,0.07,3,0,False,No Significativo
5756,-0.028235783388451837,0.123,2,0,False,No Significativo
5757,0.48577314478363637,0.087,3,0,False,No Significativo
5758,2.7293258388671204,0.001,3,3,True,LH (Low surrounded by High)
5759,0.726188960671363,0.008,3,3,True,LH (Low surrounded by High)
5760,0.06316479355460586,0.383,3,0,False,No Significativo
5761,0.016139925847505354,0.397,3,0,False,No Significativo
5762,3.5190683938868936,0.001,3,3,True,LH (Low surrounded by High)
5763,1.4674008097928477,0.006,1,1,True,HH (Hot Spot)
5764,1.6323410802387006,0.004,1,1,True,HH (Hot Spot)
5765,0.0495796259768619,0.239,1,0,False,No Significativo
5766,-0.013265512481499535,0.417,2,0,False,No Significativo
5767,0.19235300497866314,0.186,3,0,False,No Significativo
5768,1.2756603903498827,0.009,1,1,True,HH (Hot Spot)
5769,0.8315323791770185,0.027,1,1,True,HH (Hot Spot)
5770,3.4121162493281356,0.001,3,3,True,LH (Low surrounded by High)
5771,0.02111730896328897,0.187,3,0,False,No Significativo
5772,0.3571569351807128,0.105,1,0,False,No Significativo
5773,2.1624755557626956,0.001,1,1,True,HH (Hot Spot)
5774,0.0780197913174975,0.142,3,0,False,No Significativo
5775,0.2727285131301967,0.254,3,0,False,No Significativo
5776,3.081311549635054,0.002,3,3,True,LH (Low surrounded by High)
5777,0.15451686783710616,0.266,1,0,False,No Significativo
5778,1.5239899995351793,0.006,3,3,True,LH (Low surrounded by High)
5779,-0.004990458038481214,0.448,2,0,False,No Significativo
5780,0.5043020164448637,0.005,3,3,True,LH (Low surrounded by High)
5781,0.7237332601481082,0.033,1,1,True,HH (Hot Spot)
5782,-0.0003453357562565254,0.494,4,0,False,No Significativo
5783,0.6369278506303909,0.074,3,0,False,No Significativo
5784,1.5863587502435257,0.001,1,1,True,HH (Hot Spot)
5785,0.18747539262975674,0.291,1,0,False,No Significativo
5786,-0.1320304044096679,0.242,4,0,False,No Significativo
5787,1.2722946613188677,0.001,1,1,True,HH (Hot Spot)
5788,1.275813312662277,0.001,1,1,True,HH (Hot Spot)
5789,0.6514995738859574,0.026,3,3,True,LH (Low surrounded by High)
5790,3.8416737575094153,0.001,3,3,True,LH (Low surrounded by High)
5791,0.13872975330059942,0.207,1,0,False,No Significativo
5792,1.2928964482509988,0.009,3,3,True,LH (Low surrounded by High)
5793,0.5853112997950822,0.038,3,3,True,LH (Low surrounded by High)
5794,0.8025129936320846,0.065,1,0,False,No Significativo
5795,1.0198633567052282,0.004,1,1,True,HH (Hot Spot)
5796,1.9933189012582897,0.004,3,3,True,LH (Low surrounded by High)
5797,0.7142532747819117,0.006,1,1,True,HH (Hot Spot)
5798,0.781967195604617,0.007,1,1,True,HH (Hot Spot)
5799,0.03511061344340578,0.402,3,0,False,No Significativo
5800,0.5325916167295661,0.064,3,0,False,No Significativo
5801,0.05418824754346121,0.292,3,0,False,No Significativo
5802,3.3319906633647145,0.001,3,3,True,LH (Low surrounded by High)
5803,1.9258704648443548,0.001,1,1,True,HH (Hot Spot)
5804,0.01589368214773563,0.388,3,0,False,No Significativo
5805,-0.06082846325060701,0.324,4,0,False,No Significativo
5806,0.141186967458832,0.368,1,0,False,No Significativo
5807,0.0012290634230634864,0.395,1,0,False,No Significativo
5808,0.27651563752584424,0.191,1,0,False,No Significativo
5809,0.07554985653649632,0.369,3,0,False,No Significativo
5810,1.1342920550012103,0.002,1,1,True,HH (Hot Spot)
5811,0.4436901025900445,0.057,3,0,False,No Significativo
5812,0.03513738468018182,0.105,3,0,False,No Significativo
5813,0.10403439076059855,0.223,1,0,False,No Significativo
5814,0.20390599181587504,0.094,3,0,False,No Significativo
5815,0.6298511224821693,0.006,1,1,True,HH (Hot Spot)
5816,0.3099581493243844,0.004,1,1,True,HH (Hot Spot)
5817,0.5155473232765398,0.164,3,0,False,No Significativo
5818,0.615636478470108,0.073,3,0,False,No Significativo
5819,0.04080806925219869,0.456,3,0,False,No Significativo
5820,0.14454771105975361,0.031,1,1,True,HH (Hot Spot)
5821,1.1149354770857194,0.041,1,1,True,HH (Hot Spot)
5822,0.6712371646712137,0.029,1,1,True,HH (Hot Spot)
5823,1.140936265885783,0.01,3,3,True,LH (Low surrounded by High)
5824,0.06544501724038973,0.317,1,0,False,No Significativo
5825,1.0197837396783336,0.004,1,1,True,HH (Hot Spot)
5826,0.11143902790752803,0.245,3,0,False,No Significativo
5827,1.5795751655736812,0.003,3,3,True,LH (Low surrounded by High)
5828,1.9791002697109168,0.001,1,1,True,HH (Hot Spot)
5829,0.4492539414011359,0.057,3,0,False,No Significativo
5830,0.3061865862150854,0.105,1,0,False,No Significativo
5831,3.7546009490589958,0.001,3,3,True,LH (Low surrounded by High)
5832,1.4070022819306043,0.004,1,1,True,HH (Hot Spot)
5833,0.33676501068442277,0.19,3,0,False,No Significativo
5834,-0.0002952179038382971,0.478,2,0,False,No Significativo
5835,0.925035322129428,0.006,1,1,True,HH (Hot Spot)
5836,0.48060848469441003,0.023,1,1,True,HH (Hot Spot)
5837,0.2084523521799842,0.042,3,3,True,LH (Low surrounded by High)
5838,0.37067518971541746,0.003,1,1,True,HH (Hot Spot)
5839,-0.02488465641575972,0.433,2,0,False,No Significativo
5840,-0.0080262463238645,0.397,4,0,False,No Significativo
5841,1.1045839175278003,0.006,1,1,True,HH (Hot Spot)
5842,0.15233586469014956,0.21,3,0,False,No Significativo
5843,0.10632461429841311,0.328,1,0,False,No Significativo
5844,0.30727192257887065,0.136,1,0,False,No Significativo
5845,0.010863025177676188,0.167,3,0,False,No Significativo
5846,0.12013964608645583,0.182,1,0,False,No Significativo
5847,1.4725916215618038,0.001,1,1,True,HH (Hot Spot)
5848,0.07641575816814816,0.37,1,0,False,No Significativo
5849,0.1207748188931771,0.21,3,0,False,No Significativo
5850,0.3468975682898999,0.149,1,0,False,No Significativo
5851,1.3467003273455556,0.004,1,1,True,HH (Hot Spot)
5852,0.07417431635003625,0.082,1,0,False,No Significativo
5853,1.3399180655075917,0.005,3,3,True,LH (Low surrounded by High)
5854,-0.023365563173883396,0.398,2,0,False,No Significativo
5855,0.016269307004904678,0.453,1,0,False,No Significativo
5856,0.15466376727335748,0.009,1,1,True,HH (Hot Spot)
5857,1.3584625300615738,0.004,1,1,True,HH (Hot Spot)
5858,1.0361968763156348,0.032,3,3,True,LH (Low surrounded by High)
5859,1.0567874379569504,0.02,3,3,True,LH (Low surrounded by High)
5860,0.3609313004223643,0.184,3,0,False,No Significativo
5861,1.016074573118938,0.006,3,3,True,LH (Low surrounded by High)
5862,0.9800422625669173,0.049,3,3,True,LH (Low surrounded by High)
5863,0.17309695891115598,0.048,1,1,True,HH (Hot Spot)
5864,0.16508686775120063,0.06,3,0,False,No Significativo
5865,0.08118864641083037,0.245,3,0,False,No Significativo
5866,1.5016623217247782,0.009,3,3,True,LH (Low surrounded by High)
5867,0.8461711624817327,0.027,1,1,True,HH (Hot Spot)
5868,0.9510798366381891,0.03,3,3,True,LH (Low surrounded by High)
5869,1.8353697755752452,0.006,3,3,True,LH (Low surrounded by High)
5870,0.7432612123433802,0.041,3,3,True,LH (Low surrounded by High)
5871,0.1769379022801185,0.221,3,0,False,No Significativo
5872,0.04059707186213223,0.123,3,0,False,No Significativo
5873,0.30079451330474366,0.047,3,3,True,LH (Low surrounded by High)
5874,0.8512265841577128,0.009,1,1,True,HH (Hot Spot)
5875,-0.25770280503107384,0.287,2,0,False,No Significativo
5876,0.5507675622364925,0.059,1,0,False,No Significativo
5877,-0.16965533483759426,0.255,2,0,False,No Significativo
5878,0.48246720132337545,0.054,1,0,False,No Significativo
5879,0.9642261876251709,0.001,1,1,True,HH (Hot Spot)
5880,-0.039950294530491794,0.399,4,0,False,No Significativo
5881,0.7974257168982066,0.052,1,0,False,No Significativo
5882,0.35869094929427875,0.051,1,0,False,No Significativo
5883,1.1447682686881984,0.007,1,1,True,HH (Hot Spot)
5884,-0.02605848658578847,0.308,2,0,False,No Significativo
5885,0.9869625152151968,0.017,3,3,True,LH (Low surrounded by High)
5886,1.602771880939968,0.001,1,1,True,HH (Hot Spot)
5887,0.5476402291514899,0.056,1,0,False,No Significativo
5888,1.0717948201692309,0.006,1,1,True,HH (Hot Spot)
5889,0.002278204711350565,0.455,1,0,False,No Significativo
5890,0.1655845098950027,0.125,1,0,False,No Significativo
5891,0.09808237069096416,0.317,3,0,False,No Significativo
5892,1.4580814068327177,0.003,3,3,True,LH (Low surrounded by High)
5893,1.2631363978675108,0.006,3,3,True,LH (Low surrounded by High)
5894,-0.001082649868639284,0.5,2,0,False,No Significativo
5895,1.0674635878429837,0.001,1,1,True,HH (Hot Spot)
5896,-0.004730295318726288,0.179,2,0,False,No Significativo
5897,0.297182401773862,0.21,3,0,False,No Significativo
5898,0.6972854095210453,0.111,3,0,False,No Significativo
5900,0.2632900729724601,0.213,3,0,False,No Significativo
5901,0.07786385302922393,0.225,1,0,False,No Significativo
5902,-0.19349881053076673,0.256,4,0,False,No Significativo
5903,0.05041171692182183,0.028,1,1,True,HH (Hot Spot)
5904,0.3715644230801893,0.139,3,0,False,No Significativo
5905,-0.08523543844560219,0.41,4,0,False,No Significativo
5906,0.07185901545371642,0.263,3,0,False,No Significativo
5907,1.35346498631597,0.003,1,1,True,HH (Hot Spot)
5908,0.010470468766352157,0.46,3,0,False,No Significativo
5909,-0.027449745832609923,0.421,2,0,False,No Significativo
5910,0.29080009737271906,0.122,1,0,False,No Significativo
5911,0.39109802833800855,0.01,1,1,True,HH (Hot Spot)
5912,7.657443551427277,0.001,1,1,True,HH (Hot Spot)
5913,0.013040726278881632,0.387,1,0,False,No Significativo
5914,0.0111074110941535,0.386,3,0,False,No Significativo
5915,0.09013589109243143,0.151,3,0,False,No Significativo
5916,0.1613630237603155,0.251,3,0,False,No Significativo
5917,0.7897707812722261,0.042,1,1,True,HH (Hot Spot)
5918,0.8899727073315062,0.006,1,1,True,HH (Hot Spot)
5919,0.05531746599144405,0.369,3,0,False,No Significativo
5920,0.49586958510052886,0.023,1,1,True,HH (Hot Spot)
5921,1.2518768303487449,0.009,3,3,True,LH (Low surrounded by High)
5922,0.4034512455559019,0.166,3,0,False,No Significativo
5923,2.7015227033242177,0.002,3,3,True,LH (Low surrounded by High)
5924,1.9715199752812913,0.003,3,3,True,LH (Low surrounded by High)
5925,0.2979257337999989,0.154,3,0,False,No Significativo
5926,0.21293204283459927,0.069,1,0,False,No Significativo
5927,1.7086984487116417,0.001,1,1,True,HH (Hot Spot)
5928,1.8143757011702013,0.001,1,1,True,HH (Hot Spot)
5929,1.7129966597117388,0.009,3,3,True,LH (Low surrounded by High)
5930,1.7137474914008928,0.001,1,1,True,HH (Hot Spot)
5931,1.658645923213088,0.005,3,3,True,LH (Low surrounded by High)
5932,0.17237304008148366,0.146,3,0,False,No Significativo
5933,0.0976863212515138,0.314,3,0,False,No Significativo
5934,0.48454096509099975,0.049,3,3,True,LH (Low surrounded by High)
5935,2.053172017721213,0.001,1,1,True,HH (Hot Spot)
5936,0.06788678131772731,0.214,1,0,False,No Significativo
5937,-0.05256534902356403,0.186,2,0,False,No Significativo
5938,0.1894059640691601,0.282,1,0,False,No Significativo
5939,0.6675759239284387,0.039,3,3,True,LH (Low surrounded by High)
5940,0.5119836238962293,0.078,1,0,False,No Significativo
5941,1.9078973712338299,0.001,1,1,True,HH (Hot Spot)
5942,1.0870182082073137,0.001,1,1,True,HH (Hot Spot)
5943,0.05566575501536257,0.269,1,0,False,No Significativo
5944,0.04339278114120199,0.211,3,0,False,No Significativo
5945,0.2106360841192234,0.135,3,0,False,No Significativo
5946,0.5949560379561358,0.006,1,1,True,HH (Hot Spot)
5947,1.4825114720677524,0.009,3,3,True,LH (Low surrounded by High)
5948,0.09265589759700929,0.191,1,0,False,No Significativo
5949,0.1805540622474269,0.157,3,0,False,No Significativo
5950,0.17032903602069674,0.053,3,0,False,No Significativo
5951,0.9730227939446076,0.045,1,1,True,HH (Hot Spot)
5952,1.530941646586566,0.009,3,3,True,LH (Low surrounded by High)
5953,1.0627230183308032,0.006,1,1,True,HH (Hot Spot)
5954,-0.32101015160134605,0.173,4,0,False,No Significativo
5955,2.2757782334057364,0.003,3,3,True,LH (Low surrounded by High)
5956,0.04684837607474312,0.438,1,0,False,No Significativo
5957,0.015523777582359413,0.24,3,0,False,No Significativo
5958,-0.05728903739517854,0.112,2,0,False,No Significativo
5959,0.05095226857451254,0.237,1,0,False,No Significativo
5960,-0.007590826436763095,0.487,2,0,False,No Significativo
5961,1.1707586495627833,0.004,1,1,True,HH (Hot Spot)
5962,2.455751925450597,0.002,3,3,True,LH (Low surrounded by High)
5963,0.39539930407282803,0.056,3,0,False,No Significativo
5964,0.06287996598322683,0.187,3,0,False,No Significativo
5965,3.226109562133027,0.002,3,3,True,LH (Low surrounded by High)
5966,1.1545187707165885,0.005,1,1,True,HH (Hot Spot)
5967,0.059393356252277346,0.273,3,0,False,No Significativo
5968,0.5017912548805513,0.04,3,3,True,LH (Low surrounded by High)
5969,0.009707044662717691,0.469,1,0,False,No Significativo
5970,0.025104736730902834,0.044,3,3,True,LH (Low surrounded by High)
5971,0.48329935113075034,0.03,3,3,True,LH (Low surrounded by High)
5972,0.4695265663020747,0.063,1,0,False,No Significativo
5973,1.095748700013281,0.04,3,3,True,LH (Low surrounded by High)
5974,2.9990678192136673,0.003,3,3,True,LH (Low surrounded by High)
5975,1.304087821595964,0.018,3,3,True,LH (Low surrounded by High)
5976,0.7155045549364227,0.053,3,0,False,No Significativo
5977,0.2144251421537688,0.272,3,0,False,No Significativo
5978,3.5573243501924883,0.001,3,3,True,LH (Low surrounded by High)
5979,0.6434721952005426,0.006,1,1,True,HH (Hot Spot)
5980,4.318609920326301,0.001,1,1,True,HH (Hot Spot)
5981,0.023526905921901136,0.339,3,0,False,No Significativo
5982,0.6174747398574774,0.059,1,0,False,No Significativo
5983,0.3190481741823284,0.043,1,1,True,HH (Hot Spot)
5984,3.1114034019716112,0.002,3,3,True,LH (Low surrounded by High)
5985,0.8407711400120907,0.012,1,1,True,HH (Hot Spot)
5986,1.2228818859586417,0.001,1,1,True,HH (Hot Spot)
5987,0.5464770418511129,0.089,3,0,False,No Significativo
5988,0.13210103934040207,0.206,1,0,False,No Significativo
5989,3.3399092851057053,0.001,3,3,True,LH (Low surrounded by High)
5990,-0.004614072463112224,0.223,2,0,False,No Significativo
5991,0.8111697916642634,0.05,3,0,False,No Significativo
5992,3.9879941949347986,0.001,3,3,True,LH (Low surrounded by High)
5993,-0.0022022667720095978,0.491,4,0,False,No Significativo
5994,0.40575747342645385,0.102,1,0,False,No Significativo
5995,0.058957902900632526,0.344,1,0,False,No Significativo
5996,0.15514498431855214,0.141,3,0,False,No Significativo
5997,0.07348758072612999,0.141,3,0,False,No Significativo
5998,1.8756936724754347,0.001,1,1,True,HH (Hot Spot)
5999,0.4988802509025771,0.054,1,0,False,No Significativo
6000,0.008384775480995865,0.402,3,0,False,No Significativo
6001,0.6761063118281084,0.033,1,1,True,HH (Hot Spot)
6002,0.8219795875186676,0.005,3,3,True,LH (Low surrounded by High)
6003,3.778372644877992,0.001,3,3,True,LH (Low surrounded by High)
6004,2.2337397809671606,0.004,3,3,True,LH (Low surrounded by High)
6005,1.3197298578536087,0.004,1,1,True,HH (Hot Spot)
6006,0.2454997845496988,0.131,1,0,False,No Significativo
6007,2.672323204732414,0.003,3,3,True,LH (Low surrounded by High)
6008,0.03751527091781719,0.166,1,0,False,No Significativo
6009,1.2861179057373666,0.013,1,1,True,HH (Hot Spot)
6010,1.5480056356000194,0.006,3,3,True,LH (Low surrounded by High)
6011,0.775284445993073,0.013,1,1,True,HH (Hot Spot)
6012,0.8365687659742411,0.004,1,1,True,HH (Hot Spot)
6013,0.032276179194488615,0.371,3,0,False,No Significativo
6014,2.8117433301357613,0.001,3,3,True,LH (Low surrounded by High)
6015,0.06503993419528016,0.216,1,0,False,No Significativo
6016,0.0040270334299660005,0.435,3,0,False,No Significativo
6017,3.551588041527781,0.001,3,3,True,LH (Low surrounded by High)
6018,1.5096741664988476,0.001,1,1,True,HH (Hot Spot)
6019,0.07129155842794226,0.318,3,0,False,No Significativo
6020,0.45661650582070984,0.04,3,3,True,LH (Low surrounded by High)
6021,-0.013474082314986594,0.448,2,0,False,No Significativo
6022,0.04818777562110272,0.345,1,0,False,No Significativo
6023,-0.1398027652719697,0.318,4,0,False,No Significativo
6025,1.9409140665881615,0.001,1,1,True,HH (Hot Spot)
6026,3.4978974696586143,0.001,3,3,True,LH (Low surrounded by High)
6027,0.04431585337135954,0.282,3,0,False,No Significativo
6028,0.20612452987147853,0.154,3,0,False,No Significativo
6029,-0.029532390928576055,0.176,2,0,False,No Significativo
6030,-0.06628724600083503,0.047,4,4,True,HL (High surrounded by Low)
6031,0.5569579194598114,0.009,1,1,True,HH (Hot Spot)
6032,0.6275723862342382,0.007,1,1,True,HH (Hot Spot)
6033,0.0381639718966771,0.336,3,0,False,No Significativo
6034,-0.03187404360546824,0.077,4,0,False,No Significativo
6035,-0.026250043732903197,0.185,2,0,False,No Significativo
6036,1.2140454094776114,0.022,3,3,True,LH (Low surrounded by High)
6037,0.3300615498005353,0.012,1,1,True,HH (Hot Spot)
6038,0.9954820971117081,0.007,1,1,True,HH (Hot Spot)
6039,0.9325887627466787,0.018,3,3,True,LH (Low surrounded by High)
6040,0.5038984195000509,0.214,3,0,False,No Significativo
6041,0.49184451008689534,0.005,1,1,True,HH (Hot Spot)
6042,-0.009278343225831553,0.427,4,0,False,No Significativo
6043,-0.5719503537749496,0.04,4,4,True,HL (High surrounded by Low)
6044,2.949807014493105,0.001,1,1,True,HH (Hot Spot)
6045,0.10442987795005801,0.094,3,0,False,No Significativo
6046,0.33446118896363286,0.01,1,1,True,HH (Hot Spot)
6047,0.01692882283691037,0.396,1,0,False,No Significativo
6048,3.4941773833246343,0.001,3,3,True,LH (Low surrounded by High)
6049,1.46065882820878,0.001,1,1,True,HH (Hot Spot)
6050,0.19527028940660282,0.299,1,0,False,No Significativo
6051,1.608572153477542,0.005,3,3,True,LH (Low surrounded by High)
6052,1.3751858381118336,0.005,1,1,True,HH (Hot Spot)
6053,0.037783599948251284,0.273,1,0,False,No Significativo
6054,0.3602125713447363,0.05,3,0,False,No Significativo
6055,1.4125925022780477,0.01,3,3,True,LH (Low surrounded by High)
6056,1.7544309077903923,0.004,3,3,True,LH (Low surrounded by High)
6057,0.006122671320101614,0.45,3,0,False,No Significativo
6058,1.224987896234902,0.005,1,1,True,HH (Hot Spot)
6059,0.5968932863025331,0.059,1,0,False,No Significativo
6060,-0.045190720127909055,0.203,4,0,False,No Significativo
6061,-0.0993982366608013,0.157,2,0,False,No Significativo
6062,0.2748135834483351,0.071,3,0,False,No Significativo
6063,0.08644915775365332,0.15,3,0,False,No Significativo
6064,0.5486684198827496,0.055,1,0,False,No Significativo
6065,2.24233218719123,0.003,3,3,True,LH (Low surrounded by High)
6066,1.7680357935560123,0.001,1,1,True,HH (Hot Spot)
6067,0.4649810181255533,0.066,3,0,False,No Significativo
6068,0.3896151118477464,0.025,1,1,True,HH (Hot Spot)
6069,1.1949588014053378,0.005,1,1,True,HH (Hot Spot)
6070,0.10405390028131156,0.218,1,0,False,No Significativo
6071,1.98287342311931,0.002,3,3,True,LH (Low surrounded by High)
6072,-0.01795611892301088,0.382,2,0,False,No Significativo
6073,2.383244621973312,0.001,1,1,True,HH (Hot Spot)
6074,0.007002977009160486,0.392,1,0,False,No Significativo
6075,2.6407261267007187,0.001,1,1,True,HH (Hot Spot)
6076,-0.053994365213578,0.33,4,0,False,No Significativo
6077,0.24985691098155755,0.053,3,0,False,No Significativo
6078,0.20123598392134473,0.252,3,0,False,No Significativo
6079,0.26204430746990137,0.163,3,0,False,No Significativo
6080,0.03704852838177884,0.116,1,0,False,No Significativo
6081,1.530526417926027,0.005,3,3,True,LH (Low surrounded by High)
6082,-0.35635845565941526,0.257,2,0,False,No Significativo
6083,0.6250418319900531,0.009,3,3,True,LH (Low surrounded by High)
6084,0.6106136390197306,0.068,3,0,False,No Significativo
6085,0.34739914055132226,0.096,3,0,False,No Significativo
6086,-0.4363284884682821,0.107,4,0,False,No Significativo
6087,0.10915801949200087,0.239,3,0,False,No Significativo
6088,0.6092273088965356,0.021,1,1,True,HH (Hot Spot)
6089,-0.017440066598168203,0.394,2,0,False,No Significativo
6090,0.5944648815118061,0.034,1,1,True,HH (Hot Spot)
6091,0.5714937460391073,0.211,1,0,False,No Significativo
6092,0.8491237187035946,0.059,1,0,False,No Significativo
6093,0.4854444397954648,0.025,1,1,True,HH (Hot Spot)
6094,0.020655814696380025,0.432,3,0,False,No Significativo
6095,0.47759655185659744,0.054,1,0,False,No Significativo
6096,-0.1327580688476378,0.304,4,0,False,No Significativo
6097,-0.0411419660639494,0.406,2,0,False,No Significativo
6098,1.52344956727268,0.006,3,3,True,LH (Low surrounded by High)
6099,0.9310184723972399,0.015,1,1,True,HH (Hot Spot)
6100,0.9652316676784443,0.013,1,1,True,HH (Hot Spot)
6101,0.010076149791385344,0.277,3,0,False,No Significativo
6102,2.495161884653143,0.003,3,3,True,LH (Low surrounded by High)
6103,0.04413691244877726,0.272,3,0,False,No Significativo
6104,0.12453091418532214,0.053,1,0,False,No Significativo
6105,0.719935770360795,0.053,3,0,False,No Significativo
6106,1.8762558353696506,0.006,3,3,True,LH (Low surrounded by High)
6107,2.4366739969130338,0.002,3,3,True,LH (Low surrounded by High)
6108,-0.013653881151490925,0.071,2,0,False,No Significativo
6109,-0.050877436766166385,0.317,4,0,False,No Significativo
6110,2.0482619112275406,0.001,1,1,True,HH (Hot Spot)
6111,-0.08147374127479094,0.279,2,0,False,No Significativo
6112,0.1777448713363526,0.068,3,0,False,No Significativo
6113,0.41045483672323774,0.134,3,0,False,No Significativo
6114,0.05852467596322785,0.33,3,0,False,No Significativo
6115,1.939395912216887,0.001,1,1,True,HH (Hot Spot)
6116,0.0011465752122725027,0.431,1,0,False,No Significativo
6117,1.1500671625659382,0.02,3,3,True,LH (Low surrounded by High)
6118,0.09875062559703189,0.141,1,0,False,No Significativo
6119,1.0441561192172963,0.039,3,3,True,LH (Low surrounded by High)
6120,0.37439836601066095,0.013,1,1,True,HH (Hot Spot)
6121,1.21881173894391,0.007,1,1,True,HH (Hot Spot)
6122,1.5120732617289838,0.001,1,1,True,HH (Hot Spot)
6123,0.198500063076892,0.047,3,3,True,LH (Low surrounded by High)
6124,2.1801007668680956,0.002,3,3,True,LH (Low surrounded by High)
6125,-0.06495116251822464,0.264,4,0,False,No Significativo
6126,0.005470986267250511,0.435,3,0,False,No Significativo
6127,1.03209249819189,0.006,1,1,True,HH (Hot Spot)
6128,5.56349792880198,0.001,1,1,True,HH (Hot Spot)
6129,0.7412168827881068,0.059,1,0,False,No Significativo
6130,-0.025502778121571937,0.31,4,0,False,No Significativo
6131,-0.08486220641528305,0.281,2,0,False,No Significativo
6132,0.010015831541306513,0.269,1,0,False,No Significativo
6133,-0.9808490968997552,0.054,4,0,False,No Significativo
6134,0.012533625066821357,0.197,1,0,False,No Significativo
6135,-0.06880948813608864,0.14,4,0,False,No Significativo
6136,1.1475880593045118,0.009,3,3,True,LH (Low surrounded by High)
6137,0.007137873488956647,0.419,3,0,False,No Significativo
6138,-0.10553716249107183,0.084,4,0,False,No Significativo
6139,0.6564742176842056,0.024,1,1,True,HH (Hot Spot)
6140,-0.008389582130479698,0.406,4,0,False,No Significativo
6141,2.0615685752783404,0.005,3,3,True,LH (Low surrounded by High)
6142,1.6731068359022299,0.006,3,3,True,LH (Low surrounded by High)
6143,2.8884296972393297,0.004,3,3,True,LH (Low surrounded by High)
6144,-0.07041415522388093,0.393,4,0,False,No Significativo
6145,0.08511303844137642,0.27,3,0,False,No Significativo
6146,0.3539993733757184,0.069,3,0,False,No Significativo
6147,0.038631028942419626,0.044,3,3,True,LH (Low surrounded by High)
6148,1.9515570198992267,0.004,1,1,True,HH (Hot Spot)
6149,0.20779394988743846,0.239,1,0,False,No Significativo
6150,-0.00775946514891349,0.355,2,0,False,No Significativo
6151,0.03449197465660397,0.373,1,0,False,No Significativo
6152,0.8932236272305837,0.021,3,3,True,LH (Low surrounded by High)
6153,0.1790190723534917,0.186,1,0,False,No Significativo
6154,0.8311283248604081,0.005,1,1,True,HH (Hot Spot)
6155,1.3622686811477538,0.005,1,1,True,HH (Hot Spot)
6156,-0.1137638801535955,0.27,2,0,False,No Significativo
6157,-0.03581088746582805,0.355,4,0,False,No Significativo
6158,-0.0012504138202841864,0.214,4,0,False,No Significativo
6159,0.7113645346120382,0.027,1,1,True,HH (Hot Spot)
6160,0.323653953712873,0.14,3,0,False,No Significativo
6161,0.015457296078367946,0.123,3,0,False,No Significativo
6162,0.4625344955266206,0.099,1,0,False,No Significativo
6163,1.8100945930822314,0.004,3,3,True,LH (Low surrounded by High)
6164,0.006283717888785842,0.493,1,0,False,No Significativo
6165,0.5497390005365232,0.044,1,1,True,HH (Hot Spot)
6166,1.967337085688264,0.006,3,3,True,LH (Low surrounded by High)
6167,3.1291070944408594,0.003,3,3,True,LH (Low surrounded by High)
6168,0.21817804151464887,0.118,1,0,False,No Significativo
6169,2.040413579455552,0.001,1,1,True,HH (Hot Spot)
6170,-0.07440662789862716,0.325,4,0,False,No Significativo
6171,-0.0572002175432849,0.375,4,0,False,No Significativo
6172,0.00464559808378905,0.432,1,0,False,No Significativo
6173,0.9366778971300445,0.008,1,1,True,HH (Hot Spot)
6174,3.046787039998126,0.002,3,3,True,LH (Low surrounded by High)
6175,1.6376840752040014,0.001,1,1,True,HH (Hot Spot)
6176,0.00021183459155931062,0.483,1,0,False,No Significativo
6177,1.1708632029481896,0.008,1,1,True,HH (Hot Spot)
6178,0.43261684580720416,0.061,1,0,False,No Significativo
6179,0.8397610848771687,0.001,1,1,True,HH (Hot Spot)
6180,0.9971747604353751,0.006,3,3,True,LH (Low surrounded by High)
6181,0.19254112051905986,0.157,3,0,False,No Significativo
6182,-0.1991687687044838,0.255,4,0,False,No Significativo
6183,0.6484633820856999,0.051,1,0,False,No Significativo
6184,-0.07232411939216696,0.43,4,0,False,No Significativo
6185,0.04609311809553335,0.26,3,0,False,No Significativo
6186,0.1101681893269401,0.194,1,0,False,No Significativo
6187,1.787770013718801,0.01,3,3,True,LH (Low surrounded by High)
6188,3.7047752803635206,0.001,3,3,True,LH (Low surrounded by High)
6189,1.0675786361953712,0.019,3,3,True,LH (Low surrounded by High)
6190,0.4563121852668149,0.059,3,0,False,No Significativo
6191,0.17027895848456412,0.165,3,0,False,No Significativo
6192,3.5991719581925783,0.001,3,3,True,LH (Low surrounded by High)
6193,0.9960952943750754,0.003,1,1,True,HH (Hot Spot)
6194,0.5860573150404413,0.017,1,1,True,HH (Hot Spot)
6195,-0.0031066022493476267,0.49,2,0,False,No Significativo
6196,0.9807032556145268,0.055,3,0,False,No Significativo
6197,0.7366499060929785,0.008,1,1,True,HH (Hot Spot)
6198,1.5578458574521248,0.003,3,3,True,LH (Low surrounded by High)
6199,0.46124675878157584,0.271,3,0,False,No Significativo
6200,0.3968870866837905,0.03,1,1,True,HH (Hot Spot)
6201,0.5706640030558223,0.04,1,1,True,HH (Hot Spot)
6202,0.921039251927875,0.001,1,1,True,HH (Hot Spot)
6203,0.30332125787088116,0.071,3,0,False,No Significativo
6204,-0.038529757679790645,0.392,2,0,False,No Significativo
6205,2.940285662924009,0.002,3,3,True,LH (Low surrounded by High)
6206,0.9877209959322578,0.005,1,1,True,HH (Hot Spot)
6207,0.9227334968086531,0.02,3,3,True,LH (Low surrounded by High)
6208,0.03601694940121211,0.341,3,0,False,No Significativo
6209,0.30956636806408916,0.164,3,0,False,No Significativo
6210,0.8008611194370814,0.013,1,1,True,HH (Hot Spot)
6211,0.33459202729784054,0.024,1,1,True,HH (Hot Spot)
6212,0.05771766231571289,0.275,1,0,False,No Significativo
6213,0.8087813607283416,0.054,3,0,False,No Significativo
6214,0.07922330359200129,0.152,3,0,False,No Significativo
6215,1.4661444835493975,0.001,1,1,True,HH (Hot Spot)
6216,0.08540247172608852,0.233,1,0,False,No Significativo
6217,0.008579229149748591,0.345,3,0,False,No Significativo
6218,0.323097690866627,0.154,1,0,False,No Significativo
6219,1.246752336263188,0.005,1,1,True,HH (Hot Spot)
6220,0.06265592193380136,0.2,3,0,False,No Significativo
6221,2.012972748933924,0.002,3,3,True,LH (Low surrounded by High)
6222,0.8025005286474232,0.022,3,3,True,LH (Low surrounded by High)
6223,0.1420946629098337,0.157,3,0,False,No Significativo
6224,1.3804964911957542,0.013,1,1,True,HH (Hot Spot)
6225,0.09890273850040225,0.069,1,0,False,No Significativo
6226,0.007691485976285176,0.439,3,0,False,No Significativo
6227,-0.004717805419205971,0.169,2,0,False,No Significativo
6228,-0.02646946048455288,0.09,2,0,False,No Significativo
6229,0.9325899093957432,0.001,1,1,True,HH (Hot Spot)
6230,0.6473334432435325,0.022,3,3,True,LH (Low surrounded by High)
6231,0.39315219709368215,0.196,1,0,False,No Significativo
6232,3.6812627070847923,0.001,3,3,True,LH (Low surrounded by High)
6233,0.0055762340865075114,0.393,3,0,False,No Significativo
6234,0.19214951442969158,0.189,3,0,False,No Significativo
6235,-0.0005645757713666525,0.256,2,0,False,No Significativo
6236,2.620261180292938,0.001,1,1,True,HH (Hot Spot)
6237,-0.17470548159472524,0.283,4,0,False,No Significativo
6238,0.21381394713718932,0.217,3,0,False,No Significativo
6239,-0.019783181815484805,0.429,4,0,False,No Significativo
6240,0.02195423026534116,0.073,1,0,False,No Significativo
6241,0.27101947155682926,0.024,1,1,True,HH (Hot Spot)
6242,-0.018065759843232547,0.272,2,0,False,No Significativo
6243,3.7628483835334596,0.001,3,3,True,LH (Low surrounded by High)
6244,-0.033449031564315265,0.241,2,0,False,No Significativo
6245,0.04596239000306684,0.274,1,0,False,No Significativo
6246,0.014502861818665249,0.398,1,0,False,No Significativo
6247,0.6115664804316613,0.056,3,0,False,No Significativo
6248,0.6363829552914025,0.008,1,1,True,HH (Hot Spot)
6249,2.0995021322064638,0.008,1,1,True,HH (Hot Spot)
6250,0.7648326122339266,0.091,3,0,False,No Significativo
6251,0.22351682006491122,0.172,3,0,False,No Significativo
6252,1.8817796312773098,0.005,3,3,True,LH (Low surrounded by High)
6253,0.643975822474437,0.045,1,1,True,HH (Hot Spot)
6254,1.2338943601936327,0.011,3,3,True,LH (Low surrounded by High)
6255,1.0112865511720939,0.005,1,1,True,HH (Hot Spot)
6256,-0.027300774128115986,0.245,4,0,False,No Significativo
6257,0.5672656040130918,0.016,1,1,True,HH (Hot Spot)
6258,-0.001827156428810761,0.439,4,0,False,No Significativo
6259,1.317540368288815,0.013,3,3,True,LH (Low surrounded by High)
6260,3.3711305174100046,0.001,1,1,True,HH (Hot Spot)
6261,0.04487020794475796,0.414,3,0,False,No Significativo
6262,0.577008863515689,0.107,1,0,False,No Significativo
6263,0.11861169766362901,0.351,3,0,False,No Significativo
6264,3.2956231235231326,0.001,3,3,True,LH (Low surrounded by High)
6265,2.02881304707684,0.001,1,1,True,HH (Hot Spot)
6266,0.26833756531287983,0.297,1,0,False,No Significativo
6267,0.4871026171660917,0.104,3,0,False,No Significativo
6268,0.07186190088857751,0.316,1,0,False,No Significativo
6269,1.928447041707362,0.005,3,3,True,LH (Low surrounded by High)
6270,0.933933622073996,0.006,1,1,True,HH (Hot Spot)
6271,0.48759852672903686,0.1,1,0,False,No Significativo
6272,0.7535803050425157,0.036,3,3,True,LH (Low surrounded by High)
6273,1.3822496577165257,0.004,3,3,True,LH (Low surrounded by High)
6274,0.4580968080773597,0.041,3,3,True,LH (Low surrounded by High)
6275,2.8666884437873037,0.002,3,3,True,LH (Low surrounded by High)
6276,0.36483358771147206,0.024,1,1,True,HH (Hot Spot)
6277,0.5840823268423793,0.054,3,0,False,No Significativo
6278,1.1431563188052793,0.005,1,1,True,HH (Hot Spot)
6279,0.888365326104466,0.011,1,1,True,HH (Hot Spot)
6280,0.2600474656835157,0.062,3,0,False,No Significativo
6281,0.00669609959947188,0.449,3,0,False,No Significativo
6282,-0.04696146003173905,0.153,4,0,False,No Significativo
6283,1.6411540957894961,0.001,1,1,True,HH (Hot Spot)
6284,0.3443666825115959,0.016,1,1,True,HH (Hot Spot)
6285,1.4763638155233776,0.002,3,3,True,LH (Low surrounded by High)
6286,1.2583923701466548,0.005,1,1,True,HH (Hot Spot)
6287,0.33711617495898194,0.045,3,3,True,LH (Low surrounded by High)
6288,-0.030455111007711404,0.418,4,0,False,No Significativo
6289,0.9087461268172572,0.008,1,1,True,HH (Hot Spot)
6290,0.17606389514547496,0.064,1,0,False,No Significativo
6291,0.4515305563748929,0.038,3,3,True,LH (Low surrounded by High)
6292,1.5293049999061354,0.006,3,3,True,LH (Low surrounded by High)
6293,0.8788254173305016,0.001,1,1,True,HH (Hot Spot)
6294,0.05488285167898069,0.324,3,0,False,No Significativo
6295,-0.07955447730873161,0.018,2,2,True,LL (Cold Spot)
6296,1.1170308826235944,0.008,1,1,True,HH (Hot Spot)
6297,0.9026953355176125,0.017,3,3,True,LH (Low surrounded by High)
6298,0.23974395288491815,0.115,3,0,False,No Significativo
6299,0.585666327294143,0.047,1,1,True,HH (Hot Spot)
6300,2.720344303652663,0.002,3,3,True,LH (Low surrounded by High)
6301,0.6944249358136874,0.057,1,0,False,No Significativo
6302,1.8646487574657458,0.004,3,3,True,LH (Low surrounded by High)
6303,0.9806303871884765,0.01,3,3,True,LH (Low surrounded by High)
6304,1.2207313630500871,0.01,3,3,True,LH (Low surrounded by High)
6305,0.9688503100201062,0.03,3,3,True,LH (Low surrounded by High)
6306,0.3225758918128959,0.162,3,0,False,No Significativo
6307,-0.029959915079459803,0.053,4,0,False,No Significativo
6308,0.22389957279206152,0.222,3,0,False,No Significativo
6309,0.33591746580308457,0.044,1,1,True,HH (Hot Spot)
6310,-0.06349459499704062,0.235,2,0,False,No Significativo
6311,-0.08075907829026387,0.2,2,0,False,No Significativo
6312,0.24251088774748,0.3,1,0,False,No Significativo
6313,1.5363712148049946,0.001,1,1,True,HH (Hot Spot)
6314,0.3779306755732005,0.025,1,1,True,HH (Hot Spot)
6315,-0.026513152146588226,0.365,2,0,False,No Significativo
6316,0.9487230847802647,0.005,1,1,True,HH (Hot Spot)
6317,0.754555491771446,0.009,1,1,True,HH (Hot Spot)
6318,-0.061145196773633906,0.132,2,0,False,No Significativo
6319,0.5256297457492781,0.047,3,3,True,LH (Low surrounded by High)
6320,0.37397303395633325,0.014,1,1,True,HH (Hot Spot)
6321,0.5332209865712259,0.078,1,0,False,No Significativo
6322,-0.07441970874721483,0.395,2,0,False,No Significativo
6323,2.9985715585186923,0.002,3,3,True,LH (Low surrounded by High)
6324,-0.02597499733304906,0.17,2,0,False,No Significativo
6325,0.5194765240831605,0.029,1,1,True,HH (Hot Spot)
6326,0.13240182433931735,0.134,3,0,False,No Significativo
6327,3.0932954575380482,0.002,3,3,True,LH (Low surrounded by High)
6328,1.5615654706796227,0.003,3,3,True,LH (Low surrounded by High)
6329,0.12927339976145993,0.277,1,0,False,No Significativo
6330,0.23864693553385322,0.228,3,0,False,No Significativo
6331,0.10467057702088375,0.036,1,1,True,HH (Hot Spot)
6332,0.07613784869949336,0.271,1,0,False,No Significativo
6333,-0.06540102172901119,0.251,4,0,False,No Significativo
6334,1.3240884401763884,0.002,3,3,True,LH (Low surrounded by High)
6335,0.127977251566076,0.31,3,0,False,No Significativo
6336,4.31080814086005,0.002,3,3,True,LH (Low surrounded by High)
6337,0.8353935319287398,0.045,1,1,True,HH (Hot Spot)
6338,0.07177245340861381,0.332,1,0,False,No Significativo
6339,-0.48873654300473474,0.006,2,2,True,LL (Cold Spot)
6340,1.4612651864199044,0.007,3,3,True,LH (Low surrounded by High)
6341,-0.01602251943372137,0.455,4,0,False,No Significativo
6342,-0.03601210296216063,0.204,2,0,False,No Significativo
6343,0.4948831681540064,0.051,1,0,False,No Significativo
6344,0.3838528824349535,0.086,3,0,False,No Significativo
6345,0.7969533421475513,0.008,1,1,True,HH (Hot Spot)
6346,1.5821645767396997,0.003,1,1,True,HH (Hot Spot)
6347,-0.0031332144956878532,0.48,4,0,False,No Significativo
6348,1.5159396221471295,0.006,3,3,True,LH (Low surrounded by High)
6349,0.7265392170089664,0.03,1,1,True,HH (Hot Spot)
6350,0.6385108480962258,0.034,1,1,True,HH (Hot Spot)
6351,4.770869184825473,0.001,1,1,True,HH (Hot Spot)
6352,0.12371660248602756,0.165,3,0,False,No Significativo
6353,0.39246838678849366,0.055,1,0,False,No Significativo
6354,0.05728932832689069,0.121,3,0,False,No Significativo
6355,0.8139478739776264,0.008,1,1,True,HH (Hot Spot)
6356,0.3405836511858734,0.167,3,0,False,No Significativo
6357,0.24997117070413488,0.14,1,0,False,No Significativo
6358,0.2775874460805212,0.112,3,0,False,No Significativo
6359,1.0377855960171571,0.005,1,1,True,HH (Hot Spot)
6360,0.0053575330825306935,0.441,3,0,False,No Significativo
6361,2.571839193241449,0.002,3,3,True,LH (Low surrounded by High)
6362,0.06207299416079943,0.235,1,0,False,No Significativo
6363,0.10413129839172672,0.127,1,0,False,No Significativo
6364,0.07942910244993331,0.093,1,0,False,No Significativo
6365,1.5980091053783945,0.005,3,3,True,LH (Low surrounded by High)
6366,0.16434331054033008,0.014,1,1,True,HH (Hot Spot)
6367,1.1689286604989095,0.006,3,3,True,LH (Low surrounded by High)
6368,3.2468586453751214,0.001,3,3,True,LH (Low surrounded by High)
6369,-0.06619081368036685,0.221,4,0,False,No Significativo
6370,0.010571263207463748,0.472,3,0,False,No Significativo
6371,0.9428321053069564,0.043,1,1,True,HH (Hot Spot)
6372,0.1410128398407668,0.177,3,0,False,No Significativo
6373,0.03371519990660152,0.25,1,0,False,No Significativo
6374,1.9051820607745167,0.001,1,1,True,HH (Hot Spot)
6375,0.08319166094617624,0.322,1,0,False,No Significativo
6376,-0.044440540152325465,0.34,2,0,False,No Significativo
6377,0.14098411207783879,0.246,3,0,False,No Significativo
6378,0.38306122680376076,0.117,1,0,False,No Significativo
6379,5.698607291785929,0.001,1,1,True,HH (Hot Spot)
6380,2.001753118714205,0.006,1,1,True,HH (Hot Spot)
6381,0.0038441189654144963,0.453,1,0,False,No Significativo
6382,0.516536746626252,0.048,3,3,True,LH (Low surrounded by High)
6383,1.7958111814755677,0.011,3,3,True,LH (Low surrounded by High)
6384,0.6936561388600628,0.043,3,3,True,LH (Low surrounded by High)
6385,1.492261268908007,0.012,3,3,True,LH (Low surrounded by High)
6386,0.14020225177886997,0.276,3,0,False,No Significativo
6387,0.8016906570056431,0.003,1,1,True,HH (Hot Spot)
6388,2.2316770137636075,0.002,3,3,True,LH (Low surrounded by High)
6389,0.00416943342585652,0.422,3,0,False,No Significativo
6390,2.022384593792318,0.005,1,1,True,HH (Hot Spot)
6391,0.2841153980654192,0.055,3,0,False,No Significativo
6392,1.5953789492227222,0.005,3,3,True,LH (Low surrounded by High)
6393,0.028583094886474234,0.272,3,0,False,No Significativo
6394,1.9380157899403725,0.003,1,1,True,HH (Hot Spot)
6395,-0.04778749646967236,0.368,4,0,False,No Significativo
6396,-0.08423454122029539,0.39,2,0,False,No Significativo
6397,0.498318786477649,0.099,1,0,False,No Significativo
6398,0.006834432503096018,0.444,1,0,False,No Significativo
6399,0.0457678270671983,0.248,1,0,False,No Significativo
6400,3.7622874798592805,0.001,3,3,True,LH (Low surrounded by High)
6401,0.3759572301744411,0.162,3,0,False,No Significativo
6402,1.5849660129721879,0.001,1,1,True,HH (Hot Spot)
6403,0.12005189615605454,0.126,3,0,False,No Significativo
6404,0.6412342345422595,0.012,1,1,True,HH (Hot Spot)
6405,1.7154954792392887,0.011,3,3,True,LH (Low surrounded by High)
6406,0.6060551359073828,0.04,1,1,True,HH (Hot Spot)
6407,0.8788305771839334,0.006,1,1,True,HH (Hot Spot)
6408,0.0033162782400396537,0.312,1,0,False,No Significativo
6409,-0.16565525239634707,0.122,2,0,False,No Significativo
6410,0.09176587808909667,0.084,3,0,False,No Significativo
6411,0.5129935843357003,0.046,1,1,True,HH (Hot Spot)
6412,0.25220128702769407,0.134,1,0,False,No Significativo
6413,-0.014030662189507298,0.395,4,0,False,No Significativo
6414,0.4395706486866687,0.068,3,0,False,No Significativo
6415,0.5455397440279022,0.029,1,1,True,HH (Hot Spot)
6416,-0.07197394412667972,0.071,4,0,False,No Significativo
6417,1.2311772194283637,0.038,3,3,True,LH (Low surrounded by High)
6418,-0.025607370583987748,0.209,4,0,False,No Significativo
6419,3.0526997154619906,0.001,3,3,True,LH (Low surrounded by High)
6420,0.7733425400342886,0.005,1,1,True,HH (Hot Spot)
6421,3.347047900649166,0.001,1,1,True,HH (Hot Spot)
6422,-0.0006815563583032258,0.426,2,0,False,No Significativo
6423,0.7331935825243053,0.021,3,3,True,LH (Low surrounded by High)
6424,0.6836174915413629,0.027,1,1,True,HH (Hot Spot)
6425,0.7078569219535006,0.008,1,1,True,HH (Hot Spot)
6426,2.5971716095605246,0.001,3,3,True,LH (Low surrounded by High)
6427,0.27917603903994165,0.181,1,0,False,No Significativo
6428,-0.05123988226989011,0.278,2,0,False,No Significativo
6429,2.0892263300156837,0.001,1,1,True,HH (Hot Spot)
6430,0.003834391541002488,0.18,1,0,False,No Significativo
6431,-0.055930841864782775,0.174,4,0,False,No Significativo
6432,0.1781894084299273,0.095,3,0,False,No Significativo
6433,2.0582039494510047,0.001,3,3,True,LH (Low surrounded by High)
6434,0.6577995402039657,0.046,3,3,True,LH (Low surrounded by High)
6435,1.4065377660396285,0.01,3,3,True,LH (Low surrounded by High)
6436,0.2371630314872171,0.091,3,0,False,No Significativo
6437,0.04881479534951935,0.427,3,0,False,No Significativo
6438,0.13403077377672615,0.074,1,0,False,No Significativo
6439,-0.08275607808511948,0.228,2,0,False,No Significativo
6440,0.12965866295483147,0.195,3,0,False,No Significativo
6441,0.3101673890660156,0.158,3,0,False,No Significativo
6442,0.08954113220621916,0.272,1,0,False,No Significativo
6443,-0.011632180058885017,0.445,4,0,False,No Significativo
6444,-0.14775601339159652,0.183,2,0,False,No Significativo
6445,0.6487974619080353,0.001,1,1,True,HH (Hot Spot)
6446,0.5466732765377142,0.049,3,3,True,LH (Low surrounded by High)
6447,2.5759902624896407,0.001,3,3,True,LH (Low surrounded by High)
6448,2.9039167273903126,0.002,3,3,True,LH (Low surrounded by High)
6449,0.15029556700155278,0.142,3,0,False,No Significativo
6450,1.7926251467051595,0.001,1,1,True,HH (Hot Spot)
6451,0.702688678347451,0.046,1,1,True,HH (Hot Spot)
6452,0.04910132671442553,0.25,1,0,False,No Significativo
6453,0.9488092455957896,0.022,3,3,True,LH (Low surrounded by High)
6454,0.016539109524032036,0.348,3,0,False,No Significativo
6455,0.07770563512372923,0.321,1,0,False,No Significativo
6456,1.0212571840909253,0.008,1,1,True,HH (Hot Spot)
6457,0.4119564301060684,0.042,3,3,True,LH (Low surrounded by High)
6458,0.1379515899594362,0.417,1,0,False,No Significativo
6459,0.06393601025283031,0.27,1,0,False,No Significativo
6460,3.6472176952842137,0.001,3,3,True,LH (Low surrounded by High)
6461,0.1862865347203442,0.227,1,0,False,No Significativo
6462,0.14634519533478602,0.114,1,0,False,No Significativo
6463,-0.0026607730042468186,0.492,4,0,False,No Significativo
6464,0.026331008441696373,0.334,3,0,False,No Significativo
6465,2.392471848019486,0.002,3,3,True,LH (Low surrounded by High)
6466,1.9516182010425829,0.001,1,1,True,HH (Hot Spot)
6467,0.15049951262219852,0.191,3,0,False,No Significativo
6468,0.00848700654990196,0.447,1,0,False,No Significativo
6469,-0.00561262797304634,0.164,2,0,False,No Significativo
6470,0.3081857394512477,0.168,1,0,False,No Significativo
6471,0.19117925793885074,0.159,3,0,False,No Significativo
6472,0.07788729955695521,0.078,1,0,False,No Significativo
6473,2.9048788290498098,0.001,3,3,True,LH (Low surrounded by High)
6474,0.21080416886368164,0.094,3,0,False,No Significativo
6475,0.025637276736164907,0.33,1,0,False,No Significativo
6476,0.10592730290392639,0.205,3,0,False,No Significativo
6477,0.6051195635542058,0.134,1,0,False,No Significativo
6478,-0.061122043282661825,0.044,4,4,True,HL (High surrounded by Low)
6479,-0.1211160633981293,0.385,2,0,False,No Significativo
6480,1.2421663068731041,0.01,3,3,True,LH (Low surrounded by High)
6481,1.3324325963515287,0.003,1,1,True,HH (Hot Spot)
6482,1.31668800116328,0.022,1,1,True,HH (Hot Spot)
6483,0.8739207562651826,0.017,1,1,True,HH (Hot Spot)
6484,-0.12282748987231717,0.254,2,0,False,No Significativo
6485,1.6128753247794885,0.021,3,3,True,LH (Low surrounded by High)
6486,3.0870189848438048,0.001,1,1,True,HH (Hot Spot)
6487,-0.11312109667215293,0.151,4,0,False,No Significativo
6488,0.5999174077016401,0.145,1,0,False,No Significativo
6489,0.06651279011573484,0.104,1,0,False,No Significativo
6490,0.8795608565591146,0.004,3,3,True,LH (Low surrounded by High)
6491,0.19538252007104706,0.235,1,0,False,No Significativo
6492,0.0044098317442866014,0.494,3,0,False,No Significativo
6493,1.0603550394902954,0.013,3,3,True,LH (Low surrounded by High)
6494,0.3510777984267548,0.009,1,1,True,HH (Hot Spot)
6495,0.03605389858029649,0.301,1,0,False,No Significativo
6496,0.8525880849083199,0.044,3,3,True,LH (Low surrounded by High)
6497,-0.6883073041294948,0.022,4,4,True,HL (High surrounded by Low)
6498,0.316839854701773,0.063,3,0,False,No Significativo
6499,0.6122731417943638,0.012,3,3,True,LH (Low surrounded by High)
6500,0.8088904009982175,0.008,1,1,True,HH (Hot Spot)
6501,0.3182982174236719,0.068,3,0,False,No Significativo
6502,0.46768132228994386,0.022,1,1,True,HH (Hot Spot)
6503,0.4201552173492431,0.019,1,1,True,HH (Hot Spot)
6504,-0.002538316824815614,0.429,2,0,False,No Significativo
6505,0.27887365844066947,0.015,1,1,True,HH (Hot Spot)
6506,0.48394420543722116,0.055,3,0,False,No Significativo
6507,0.32261758452236156,0.192,3,0,False,No Significativo
6508,0.1303072810356589,0.202,1,0,False,No Significativo
6509,1.5474783277450124,0.001,3,3,True,LH (Low surrounded by High)
6510,1.289440872438834,0.016,1,1,True,HH (Hot Spot)
6511,0.20651548583215285,0.16,1,0,False,No Significativo
6512,0.2582926355902639,0.01,1,1,True,HH (Hot Spot)
6513,0.6936557925089891,0.073,3,0,False,No Significativo
6514,1.654838317287537,0.005,3,3,True,LH (Low surrounded by High)
6515,1.4568719514098019,0.009,1,1,True,HH (Hot Spot)
6516,1.6700609649572749,0.001,1,1,True,HH (Hot Spot)
6517,0.039067864361590716,0.114,1,0,False,No Significativo
6518,0.21084511590040422,0.187,1,0,False,No Significativo
6519,3.1417782302699035,0.001,1,1,True,HH (Hot Spot)
6520,0.6991396565421129,0.011,3,3,True,LH (Low surrounded by High)
6521,0.18914901011618146,0.127,3,0,False,No Significativo
6522,-0.26549710349256084,0.085,4,0,False,No Significativo
6523,3.4759432659181213,0.001,3,3,True,LH (Low surrounded by High)
6524,0.07581996842123685,0.406,3,0,False,No Significativo
6525,0.43641726317148966,0.044,1,1,True,HH (Hot Spot)
6526,1.7022728272064995,0.005,3,3,True,LH (Low surrounded by High)
6527,1.8617301035584997,0.002,3,3,True,LH (Low surrounded by High)
6528,-0.3256018317621524,0.057,4,0,False,No Significativo
6529,0.06346242134439557,0.037,3,3,True,LH (Low surrounded by High)
6531,0.41461689616580805,0.085,3,0,False,No Significativo
6532,0.4130275860060659,0.063,1,0,False,No Significativo
6533,-0.11702874646461434,0.259,2,0,False,No Significativo
6534,1.3372379720673904,0.005,1,1,True,HH (Hot Spot)
6535,3.5627450720182443,0.001,1,1,True,HH (Hot Spot)
6536,0.5731345736157449,0.01,1,1,True,HH (Hot Spot)
6537,-0.12372811143272358,0.049,4,4,True,HL (High surrounded by Low)
6538,1.0511101195462025,0.008,1,1,True,HH (Hot Spot)
6539,0.6731158275698997,0.008,1,1,True,HH (Hot Spot)
6540,0.07396760878125433,0.249,1,0,False,No Significativo
6541,1.659556111729512,0.007,3,3,True,LH (Low surrounded by High)
6542,0.0055381242383116,0.092,1,0,False,No Significativo
6543,0.19679091203884022,0.242,1,0,False,No Significativo
6544,0.48737430025919126,0.023,1,1,True,HH (Hot Spot)
6545,-0.005974990815817046,0.331,4,0,False,No Significativo
6546,2.1259763643866094,0.002,3,3,True,LH (Low surrounded by High)
6547,0.1681639985288321,0.283,3,0,False,No Significativo
6548,0.8474757059554896,0.008,1,1,True,HH (Hot Spot)
6549,0.3181812026458313,0.09,3,0,False,No Significativo
6550,1.5617912193328192,0.006,3,3,True,LH (Low surrounded by High)
6551,0.08470525441512011,0.266,1,0,False,No Significativo
6552,0.05386460309593797,0.393,3,0,False,No Significativo
6553,0.5721215356594185,0.093,1,0,False,No Significativo
6554,-0.01455841072410364,0.33,2,0,False,No Significativo
6555,0.059079187118459754,0.221,3,0,False,No Significativo
6556,2.1278281887926225,0.002,3,3,True,LH (Low surrounded by High)
6557,0.06957865931083822,0.366,3,0,False,No Significativo
6558,2.3237701300768263,0.001,1,1,True,HH (Hot Spot)
6559,0.08331904695344203,0.348,3,0,False,No Significativo
6560,0.14951564769992343,0.033,3,3,True,LH (Low surrounded by High)
6561,0.17820156382498845,0.136,1,0,False,No Significativo
6562,0.11256833182441114,0.153,3,0,False,No Significativo
6563,-0.001968348352029247,0.493,2,0,False,No Significativo
6564,0.021762215868831362,0.205,1,0,False,No Significativo
6565,0.7943679579028807,0.035,3,3,True,LH (Low surrounded by High)
6566,1.8802904729399632,0.001,1,1,True,HH (Hot Spot)
6567,1.8081269884652111,0.001,1,1,True,HH (Hot Spot)
6568,2.5804034045171567,0.002,3,3,True,LH (Low surrounded by High)
6569,-0.027502563681401155,0.299,4,0,False,No Significativo
6570,2.209228909676919,0.001,1,1,True,HH (Hot Spot)
6571,4.237186740557676,0.001,1,1,True,HH (Hot Spot)
6572,-0.022710098055818563,0.444,2,0,False,No Significativo
6573,0.5387774703356697,0.041,1,1,True,HH (Hot Spot)
6574,0.19354692200128462,0.046,1,1,True,HH (Hot Spot)
6575,0.0742398274214582,0.068,3,0,False,No Significativo
6576,-0.13692921366972047,0.027,2,2,True,LL (Cold Spot)
6577,0.1603288068946839,0.096,1,0,False,No Significativo
6578,0.07447986560344615,0.345,3,0,False,No Significativo
6579,1.2396417545305631,0.008,1,1,True,HH (Hot Spot)
6580,0.38204584005375103,0.04,3,3,True,LH (Low surrounded by High)
6581,0.1282949473485714,0.245,3,0,False,No Significativo
6582,0.12663012290096343,0.088,1,0,False,No Significativo
6583,1.7834409464671968,0.001,3,3,True,LH (Low surrounded by High)
6584,0.1930972563805977,0.147,3,0,False,No Significativo
6585,0.06973617566177401,0.155,1,0,False,No Significativo
6586,-0.5493258192185516,0.146,2,0,False,No Significativo
6587,0.4316550654679842,0.011,3,3,True,LH (Low surrounded by High)
6588,0.1236278717950584,0.111,1,0,False,No Significativo
6589,0.037648223682433396,0.274,3,0,False,No Significativo
6590,1.338241444844672,0.001,3,3,True,LH (Low surrounded by High)
6591,-0.012172173019874454,0.239,2,0,False,No Significativo
6592,0.00011770569219847909,0.498,3,0,False,No Significativo
6593,0.29351430164030334,0.194,3,0,False,No Significativo
6594,0.2638507107917634,0.076,1,0,False,No Significativo
6595,0.0879473796551898,0.293,1,0,False,No Significativo
6596,0.01631530640776027,0.213,1,0,False,No Significativo
6597,1.2325175798212702,0.011,3,3,True,LH (Low surrounded by High)
6598,-0.15343400981933156,0.131,2,0,False,No Significativo
6599,1.0386499220219212,0.05,1,0,False,No Significativo
6600,5.180748810746699,0.001,1,1,True,HH (Hot Spot)
6601,0.00753769528218293,0.464,3,0,False,No Significativo
6602,0.16884163913189562,0.233,3,0,False,No Significativo
6603,1.9130022346009359,0.005,3,3,True,LH (Low surrounded by High)
6604,0.9518479693065769,0.008,1,1,True,HH (Hot Spot)
6605,1.3208602473682174,0.022,3,3,True,LH (Low surrounded by High)
6606,1.563732706402826,0.007,3,3,True,LH (Low surrounded by High)
6607,0.19090464488897088,0.07,3,0,False,No Significativo
6608,0.24494219205373646,0.09,3,0,False,No Significativo
6609,0.17122277568802102,0.17,3,0,False,No Significativo
6610,0.75018117114745,0.008,1,1,True,HH (Hot Spot)
6611,0.14694900171403624,0.163,3,0,False,No Significativo
6612,1.5962839717771424,0.005,3,3,True,LH (Low surrounded by High)
6613,-0.008291223376600019,0.433,2,0,False,No Significativo
6614,1.8335021857910445,0.001,1,1,True,HH (Hot Spot)
6615,-0.05275732021213773,0.269,2,0,False,No Significativo
6616,0.3832971575153505,0.109,1,0,False,No Significativo
6617,0.052954982210412095,0.404,3,0,False,No Significativo
6618,0.07012917063445832,0.402,1,0,False,No Significativo
6619,0.03842100996944098,0.382,3,0,False,No Significativo
6620,0.6038367945727611,0.005,1,1,True,HH (Hot Spot)
6621,3.7548157210362016,0.001,3,3,True,LH (Low surrounded by High)
6622,0.18238343467104642,0.096,3,0,False,No Significativo
6623,1.8065389600493575,0.001,1,1,True,HH (Hot Spot)
6624,0.9518204497975772,0.019,1,1,True,HH (Hot Spot)
6625,2.407263251063413,0.001,3,3,True,LH (Low surrounded by High)
6626,0.5347781353396994,0.054,1,0,False,No Significativo
6627,-0.13138856032083338,0.089,4,0,False,No Significativo
6628,1.627787280723662,0.003,1,1,True,HH (Hot Spot)
6629,-0.0271573383854217,0.408,2,0,False,No Significativo
6630,-0.03478009332283556,0.284,4,0,False,No Significativo
6631,-0.13925839131783901,0.334,4,0,False,No Significativo
6632,0.6018602176199455,0.023,3,3,True,LH (Low surrounded by High)
6633,0.5374285751423796,0.028,1,1,True,HH (Hot Spot)
6634,0.5444922866276944,0.075,1,0,False,No Significativo
6635,3.503363925221725,0.002,3,3,True,LH (Low surrounded by High)
6636,-0.056071650053632,0.095,2,0,False,No Significativo
6637,-0.01688434674492024,0.168,4,0,False,No Significativo
6638,-0.007129244823210893,0.479,2,0,False,No Significativo
6639,0.43268244101155634,0.054,1,0,False,No Significativo
6640,3.015770625124188,0.001,3,3,True,LH (Low surrounded by High)
6641,2.006492647750215,0.002,3,3,True,LH (Low surrounded by High)
6642,0.6088347773007502,0.075,3,0,False,No Significativo
6643,0.01080979756227033,0.471,1,0,False,No Significativo
6644,3.1474285727879296,0.001,3,3,True,LH (Low surrounded by High)
6645,0.49900927225210734,0.019,1,1,True,HH (Hot Spot)
6646,3.4171365809798266,0.001,1,1,True,HH (Hot Spot)
6647,1.1774927305454093,0.008,1,1,True,HH (Hot Spot)
6648,0.5525453588751762,0.055,3,0,False,No Significativo
6649,1.0413169637517858,0.006,1,1,True,HH (Hot Spot)
6650,1.1096473787772838,0.008,1,1,True,HH (Hot Spot)
6651,0.21721434251331626,0.076,1,0,False,No Significativo
6652,0.007363688322606653,0.244,1,0,False,No Significativo
6653,0.09918908323302826,0.261,3,0,False,No Significativo
6654,0.0017898445714137619,0.158,3,0,False,No Significativo
6655,0.08201552198424164,0.346,1,0,False,No Significativo
6656,2.524525139910708,0.001,3,3,True,LH (Low surrounded by High)
6657,3.2039097036847313,0.001,3,3,True,LH (Low surrounded by High)
6658,1.2385593354186089,0.011,3,3,True,LH (Low surrounded by High)
6659,-0.014369516410685812,0.299,2,0,False,No Significativo
6660,0.6696497263914438,0.041,3,3,True,LH (Low surrounded by High)
6661,0.34434072763877815,0.124,1,0,False,No Significativo
6662,-0.02859182420197137,0.366,2,0,False,No Significativo
6663,0.6376624583347528,0.035,3,3,True,LH (Low surrounded by High)
6664,0.9870329897284703,0.035,3,3,True,LH (Low surrounded by High)
6665,-0.010293633483509503,0.247,2,0,False,No Significativo
6666,0.003841086247123907,0.492,3,0,False,No Significativo
6667,1.3196502120025924,0.008,1,1,True,HH (Hot Spot)
6668,1.4847881094259927,0.005,1,1,True,HH (Hot Spot)
6669,0.26286492248403953,0.149,3,0,False,No Significativo
6670,4.145678111399257,0.001,3,3,True,LH (Low surrounded by High)
6671,1.1499789949952128,0.002,3,3,True,LH (Low surrounded by High)
6672,0.068862683559106,0.15,3,0,False,No Significativo
6673,1.5908155587806185,0.001,1,1,True,HH (Hot Spot)
6674,0.9146871327664425,0.022,1,1,True,HH (Hot Spot)
6675,0.013023903571355905,0.462,3,0,False,No Significativo
6676,0.6946996423557386,0.04,3,3,True,LH (Low surrounded by High)
6677,0.4606919349354722,0.072,1,0,False,No Significativo
6678,0.02157431650152674,0.468,1,0,False,No Significativo
6679,0.20427124752117742,0.054,1,0,False,No Significativo
6680,1.695102102681121,0.04,3,3,True,LH (Low surrounded by High)
6681,0.5441534984384896,0.008,1,1,True,HH (Hot Spot)
6682,1.4212659830790633,0.007,1,1,True,HH (Hot Spot)
6683,3.5299310904049683,0.001,3,3,True,LH (Low surrounded by High)
6684,-0.0348511297849444,0.379,2,0,False,No Significativo
6685,-0.006647521228480655,0.393,2,0,False,No Significativo
6686,0.5511818515266793,0.053,1,0,False,No Significativo
6687,2.684136561209814,0.002,3,3,True,LH (Low surrounded by High)
6688,0.8179852071783205,0.01,1,1,True,HH (Hot Spot)
6689,0.3274607699180966,0.228,1,0,False,No Significativo
6690,-0.02179139070699831,0.397,2,0,False,No Significativo
6691,0.1417788057490222,0.101,1,0,False,No Significativo
6692,0.40647905908597864,0.029,1,1,True,HH (Hot Spot)
6693,0.0888428197447111,0.079,1,0,False,No Significativo
6694,0.006031790022983417,0.344,3,0,False,No Significativo
6695,0.1706878715841217,0.095,1,0,False,No Significativo
6696,3.8118149229567777,0.001,3,3,True,LH (Low surrounded by High)
6697,-0.0032463252680111957,0.421,4,0,False,No Significativo
6698,4.508294958034022,0.001,3,3,True,LH (Low surrounded by High)
6699,0.5969003468850945,0.011,1,1,True,HH (Hot Spot)
6700,0.014610689895821736,0.092,3,0,False,No Significativo
6701,0.12204696318200171,0.136,1,0,False,No Significativo
6702,0.20298235716258067,0.059,3,0,False,No Significativo
6703,1.141630427841546,0.01,3,3,True,LH (Low surrounded by High)
6704,1.4861820646631416,0.008,1,1,True,HH (Hot Spot)
6705,1.0090324139325402,0.023,1,1,True,HH (Hot Spot)
6706,1.6905750475196992,0.001,1,1,True,HH (Hot Spot)
6707,0.0636578249285087,0.257,3,0,False,No Significativo
6708,1.2029965599093793,0.009,3,3,True,LH (Low surrounded by High)
6709,0.17107511225834748,0.071,3,0,False,No Significativo
6710,0.8022840388944809,0.008,1,1,True,HH (Hot Spot)
6711,2.084259195617439,0.002,3,3,True,LH (Low surrounded by High)
6712,2.2699013719135595,0.001,1,1,True,HH (Hot Spot)
6713,0.03290374237569487,0.282,3,0,False,No Significativo
6714,1.45853751756795,0.006,3,3,True,LH (Low surrounded by High)
6715,0.9783927638025509,0.012,1,1,True,HH (Hot Spot)
6716,0.6861801078536489,0.029,1,1,True,HH (Hot Spot)
6717,0.5456700358507915,0.071,3,0,False,No Significativo
6718,0.7473359826306105,0.043,3,3,True,LH (Low surrounded by High)
6719,0.7921896864221566,0.024,3,3,True,LH (Low surrounded by High)
6720,1.2594341388010557,0.004,3,3,True,LH (Low surrounded by High)
6721,0.2995113314275322,0.07,1,0,False,No Significativo
6722,0.1483245081156977,0.174,1,0,False,No Significativo
6723,0.8876583309082624,0.03,1,1,True,HH (Hot Spot)
6724,1.009021504165662,0.013,1,1,True,HH (Hot Spot)
6725,0.1880329835058022,0.066,3,0,False,No Significativo
6726,-0.013701458678293981,0.484,4,0,False,No Significativo
6727,-0.12823438817736355,0.11,4,0,False,No Significativo
6728,2.439045112180739,0.001,1,1,True,HH (Hot Spot)
6729,-0.24912633555749253,0.16,4,0,False,No Significativo
6730,-0.052416818851441595,0.362,2,0,False,No Significativo
6731,2.0689305737990193,0.01,3,3,True,LH (Low surrounded by High)
6732,0.9142248709532009,0.008,1,1,True,HH (Hot Spot)
6733,1.5847092531806304,0.002,3,3,True,LH (Low surrounded by High)
6734,-0.04698545689841248,0.392,2,0,False,No Significativo
6735,1.1371270700216065,0.006,1,1,True,HH (Hot Spot)
6736,-0.007200236601235239,0.478,2,0,False,No Significativo
6737,0.3724257420778953,0.088,3,0,False,No Significativo
6738,1.2558553534826649,0.008,1,1,True,HH (Hot Spot)
6739,1.8449544257974737,0.002,1,1,True,HH (Hot Spot)
6740,0.9789179980451488,0.019,1,1,True,HH (Hot Spot)
6741,0.030626216266094772,0.053,1,0,False,No Significativo
6742,2.3518529109503374,0.002,3,3,True,LH (Low surrounded by High)
6743,-0.3100607416800102,0.037,4,4,True,HL (High surrounded by Low)
6744,0.41009958312370703,0.058,3,0,False,No Significativo
6745,0.03766362056066649,0.008,1,1,True,HH (Hot Spot)
6746,1.855999211412974,0.001,3,3,True,LH (Low surrounded by High)
6747,-0.38639973040797065,0.196,4,0,False,No Significativo
6748,0.727388730550395,0.02,1,1,True,HH (Hot Spot)
6749,0.517095909771855,0.021,3,3,True,LH (Low surrounded by High)
6750,2.0809284861360733,0.004,3,3,True,LH (Low surrounded by High)
6751,0.9953687008124723,0.004,3,3,True,LH (Low surrounded by High)
6752,-0.0366027923510522,0.426,2,0,False,No Significativo
6753,1.4246705823010555,0.011,1,1,True,HH (Hot Spot)
6754,1.0735041728123835,0.019,1,1,True,HH (Hot Spot)
6755,0.02657626855922656,0.458,1,0,False,No Significativo
6756,0.741316764901027,0.026,1,1,True,HH (Hot Spot)
6757,0.025261049862868104,0.432,3,0,False,No Significativo
6758,1.2812492504165378,0.005,1,1,True,HH (Hot Spot)
6759,1.30531144562806,0.001,1,1,True,HH (Hot Spot)
6760,0.8407880208746812,0.005,1,1,True,HH (Hot Spot)
6761,0.26471566184830536,0.257,1,0,False,No Significativo
6762,0.61169401779279,0.048,3,3,True,LH (Low surrounded by High)
6763,1.085966849969726,0.005,1,1,True,HH (Hot Spot)
6764,0.9947691547778229,0.011,1,1,True,HH (Hot Spot)
6765,2.6367477894324343,0.001,3,3,True,LH (Low surrounded by High)
6766,-0.11362889822824836,0.389,4,0,False,No Significativo
6767,0.22642593500857341,0.058,1,0,False,No Significativo
6768,0.9132019725998268,0.04,3,3,True,LH (Low surrounded by High)
6769,-0.2514816711795756,0.234,2,0,False,No Significativo
6770,0.02825909075558281,0.375,3,0,False,No Significativo
6771,0.7604572521560972,0.12,1,0,False,No Significativo
6772,0.04332101833736836,0.407,1,0,False,No Significativo
6773,0.09133368968892214,0.309,3,0,False,No Significativo
6774,1.4893740170162482,0.009,3,3,True,LH (Low surrounded by High)
6775,5.4131065100095785,0.001,3,3,True,LH (Low surrounded by High)
6776,-0.027370500155236926,0.224,4,0,False,No Significativo
6777,0.5385314321661208,0.008,1,1,True,HH (Hot Spot)
6778,-0.053624178455510395,0.391,2,0,False,No Significativo
6779,0.9322945923747908,0.04,3,3,True,LH (Low surrounded by High)
6780,0.2643959175856972,0.113,1,0,False,No Significativo
6781,0.12920140123601015,0.263,3,0,False,No Significativo
6782,-0.4981977877256184,0.092,4,0,False,No Significativo
6783,0.03957464291856098,0.389,1,0,False,No Significativo
6784,0.10822096744988247,0.097,3,0,False,No Significativo
6785,1.3818195475906931,0.001,1,1,True,HH (Hot Spot)
6786,1.2186769562172022,0.003,1,1,True,HH (Hot Spot)
6787,0.14879481078695583,0.003,1,1,True,HH (Hot Spot)
6788,1.449471621197011,0.005,3,3,True,LH (Low surrounded by High)
6789,-0.08588976891525937,0.328,2,0,False,No Significativo
6790,0.5884710294222701,0.035,3,3,True,LH (Low surrounded by High)
6791,1.8911148654262726,0.001,1,1,True,HH (Hot Spot)
6792,6.723530916856712,0.001,1,1,True,HH (Hot Spot)
6793,1.1390578428834013e-05,0.494,3,0,False,No Significativo
6794,0.0566480693185325,0.127,1,0,False,No Significativo
6795,0.9969981538821698,0.018,3,3,True,LH (Low surrounded by High)
6796,0.5062440498132056,0.054,1,0,False,No Significativo
6797,0.25132095621709544,0.142,3,0,False,No Significativo
6798,0.8919910999427689,0.07,3,0,False,No Significativo
6799,1.1904420318995077,0.005,1,1,True,HH (Hot Spot)
6800,-0.022615783867393935,0.312,2,0,False,No Significativo
6801,0.2615891382259083,0.158,3,0,False,No Significativo
6802,1.0470862792695634,0.011,1,1,True,HH (Hot Spot)
6803,4.3405284604628775,0.001,3,3,True,LH (Low surrounded by High)
6804,0.276175654587931,0.146,3,0,False,No Significativo
6805,0.14244607966426606,0.063,1,0,False,No Significativo
6806,-0.011567705030138748,0.39,2,0,False,No Significativo
6807,2.2395486971199254,0.002,3,3,True,LH (Low surrounded by High)
6808,-0.006589575708546289,0.405,4,0,False,No Significativo
6809,0.7960401953585339,0.014,1,1,True,HH (Hot Spot)
6810,0.2645513035654545,0.163,1,0,False,No Significativo
6811,0.8407608355163116,0.02,3,3,True,LH (Low surrounded by High)
6812,1.708771931531982,0.005,1,1,True,HH (Hot Spot)
6813,-0.08600285890141318,0.224,4,0,False,No Significativo
6814,0.3608398020120715,0.057,3,0,False,No Significativo
6815,0.05016286058554517,0.409,1,0,False,No Significativo
6816,1.040910363112191,0.001,3,3,True,LH (Low surrounded by High)
6817,0.5923502757469342,0.085,3,0,False,No Significativo
6818,1.4001515583557567,0.001,1,1,True,HH (Hot Spot)
6819,0.15402174848338127,0.213,1,0,False,No Significativo
6820,1.5177298732088584,0.005,3,3,True,LH (Low surrounded by High)
6821,0.38686789967684204,0.018,1,1,True,HH (Hot Spot)
6822,0.6673344434487606,0.029,1,1,True,HH (Hot Spot)
6823,4.853099697312289,0.001,1,1,True,HH (Hot Spot)
6824,0.6483051068145055,0.029,1,1,True,HH (Hot Spot)
6825,0.05283733419852937,0.188,1,0,False,No Significativo
6826,0.15656394179929747,0.163,3,0,False,No Significativo
6827,0.7171179892280051,0.033,3,3,True,LH (Low surrounded by High)
6828,0.9046282020743623,0.026,1,1,True,HH (Hot Spot)
6829,1.4785400106087134,0.01,3,3,True,LH (Low surrounded by High)
6830,0.7102968921440406,0.033,3,3,True,LH (Low surrounded by High)
6831,0.4334849791597144,0.061,3,0,False,No Significativo
6832,0.0532712584033083,0.238,3,0,False,No Significativo
6833,0.1270009839899978,0.148,1,0,False,No Significativo
6834,-0.010290510445495353,0.344,2,0,False,No Significativo
6835,1.4092564202294129,0.01,3,3,True,LH (Low surrounded by High)
6836,0.09332261322146618,0.356,3,0,False,No Significativo
6837,1.5160802408138163,0.001,1,1,True,HH (Hot Spot)
6838,0.5506769852257835,0.11,3,0,False,No Significativo
6839,0.17716393095189623,0.155,3,0,False,No Significativo
6840,-0.06380310898305923,0.242,2,0,False,No Significativo
6841,0.0745555141052187,0.34,3,0,False,No Significativo
6842,2.3973663811252552,0.001,1,1,True,HH (Hot Spot)
6843,2.6484619747343716,0.001,3,3,True,LH (Low surrounded by High)
6844,-0.0357353944733086,0.194,4,0,False,No Significativo
6845,2.8774099877905965,0.001,1,1,True,HH (Hot Spot)
6846,0.8942043339041965,0.006,1,1,True,HH (Hot Spot)
6847,3.1024843219377463,0.002,3,3,True,LH (Low surrounded by High)
6848,0.5264458302018071,0.045,1,1,True,HH (Hot Spot)
6849,-0.07206220478762568,0.442,2,0,False,No Significativo
6850,0.6180724584195019,0.046,1,1,True,HH (Hot Spot)
6851,1.3613903605176998,0.001,1,1,True,HH (Hot Spot)
6852,0.6037562139924246,0.071,1,0,False,No Significativo
6853,0.07042798955109157,0.269,3,0,False,No Significativo
6854,0.06594488274540822,0.338,1,0,False,No Significativo
6855,-0.05102078542776193,0.41,4,0,False,No Significativo
6856,1.222395457849421,0.028,3,3,True,LH (Low surrounded by High)
6857,0.750091928060696,0.055,1,0,False,No Significativo
6858,2.10918594987849,0.005,3,3,True,LH (Low surrounded by High)
6859,0.12976296223281514,0.122,1,0,False,No Significativo
6860,0.41950445297570876,0.095,3,0,False,No Significativo
6861,0.6013215438067049,0.017,1,1,True,HH (Hot Spot)
6862,2.6241245215679143,0.001,3,3,True,LH (Low surrounded by High)
6863,-0.0020972239877550683,0.487,2,0,False,No Significativo
6864,3.1288501653540224,0.001,3,3,True,LH (Low surrounded by High)
6865,0.05783722692133492,0.386,1,0,False,No Significativo
6866,0.18715171210693557,0.304,1,0,False,No Significativo
6867,0.7952739810039429,0.014,3,3,True,LH (Low surrounded by High)
6868,0.20165363638311237,0.155,1,0,False,No Significativo
6869,3.506106028931245,0.001,3,3,True,LH (Low surrounded by High)
6870,0.5037823081949685,0.006,1,1,True,HH (Hot Spot)
6871,2.6959585224831506,0.003,3,3,True,LH (Low surrounded by High)
6872,2.1587465162006922,0.001,1,1,True,HH (Hot Spot)
6873,0.9521454520800599,0.008,1,1,True,HH (Hot Spot)
6874,0.4307961210476751,0.072,3,0,False,No Significativo
6875,0.2658652124625113,0.047,1,1,True,HH (Hot Spot)
6876,0.5312700613952382,0.019,1,1,True,HH (Hot Spot)
6877,-0.06069057059636693,0.271,4,0,False,No Significativo
6878,-0.0184137974217016,0.347,2,0,False,No Significativo
6879,0.573149326395408,0.107,1,0,False,No Significativo
6880,0.8211373521075443,0.001,1,1,True,HH (Hot Spot)
6881,0.6564724791114774,0.066,1,0,False,No Significativo
6882,-0.009322315604791638,0.425,4,0,False,No Significativo
6883,3.132365706723543,0.001,3,3,True,LH (Low surrounded by High)
6884,3.8959796474412594,0.001,3,3,True,LH (Low surrounded by High)
6885,2.9096357120377054,0.001,3,3,True,LH (Low surrounded by High)
6886,0.006477879823470841,0.336,3,0,False,No Significativo
6887,0.0010087895099081484,0.462,3,0,False,No Significativo
6888,0.2247366008070832,0.073,1,0,False,No Significativo
6889,0.02146874250734755,0.377,1,0,False,No Significativo
6890,-0.05135666528173303,0.229,4,0,False,No Significativo
6891,0.5361517031989818,0.04,3,3,True,LH (Low surrounded by High)
6892,-0.027389638714739106,0.423,2,0,False,No Significativo
6893,1.783147551110133,0.003,1,1,True,HH (Hot Spot)
6894,0.28868528023495427,0.203,1,0,False,No Significativo
6895,4.05503792819812,0.001,3,3,True,LH (Low surrounded by High)
6896,2.618208303486992,0.002,3,3,True,LH (Low surrounded by High)
6897,0.4396875830211486,0.04,3,3,True,LH (Low surrounded by High)
6898,0.34801714778783704,0.143,1,0,False,No Significativo
6899,0.44685575798006266,0.075,1,0,False,No Significativo
6900,0.25770065766801203,0.269,1,0,False,No Significativo
6901,1.116647806862818,0.01,3,3,True,LH (Low surrounded by High)
6902,0.002027162958311242,0.435,3,0,False,No Significativo
6903,0.591458462281046,0.047,1,1,True,HH (Hot Spot)
6904,0.819257482221477,0.048,3,3,True,LH (Low surrounded by High)
6905,-0.2526557908947879,0.028,2,2,True,LL (Cold Spot)
6906,2.415879044479823,0.001,3,3,True,LH (Low surrounded by High)
6907,0.18704522246014854,0.296,1,0,False,No Significativo
6908,0.27217190772854716,0.109,1,0,False,No Significativo
6909,0.3472951375198229,0.152,1,0,False,No Significativo
6910,-0.001932755864053646,0.35,2,0,False,No Significativo
6911,2.5414558968760175,0.001,3,3,True,LH (Low surrounded by High)
6912,0.9908316783864166,0.005,1,1,True,HH (Hot Spot)
6913,0.8568952477471815,0.046,1,1,True,HH (Hot Spot)
6914,-0.0052660919913407565,0.261,2,0,False,No Significativo
6915,-0.004154298056350175,0.426,2,0,False,No Significativo
6916,0.18418649375584184,0.165,1,0,False,No Significativo
6917,0.19775821311577965,0.099,3,0,False,No Significativo
6918,1.3620440795602708,0.006,1,1,True,HH (Hot Spot)
6919,-0.15871083579471718,0.26,2,0,False,No Significativo
6920,0.0760372336499813,0.361,3,0,False,No Significativo
6921,0.4406824775275428,0.047,1,1,True,HH (Hot Spot)
6922,2.7137225359691652,0.001,3,3,True,LH (Low surrounded by High)
6923,0.32297376565723496,0.311,1,0,False,No Significativo
6924,3.986654396757495,0.001,3,3,True,LH (Low surrounded by High)
6925,0.015675753018206794,0.446,3,0,False,No Significativo
6926,1.6092339600826642,0.001,1,1,True,HH (Hot Spot)
6927,0.32028765967992956,0.031,1,1,True,HH (Hot Spot)
6928,0.0045334859361699864,0.351,3,0,False,No Significativo
6929,0.7244341447483874,0.021,3,3,True,LH (Low surrounded by High)
6930,0.000672002376665493,0.472,1,0,False,No Significativo
6931,0.4569668479348841,0.041,3,3,True,LH (Low surrounded by High)
6932,0.1550467827862731,0.105,1,0,False,No Significativo
6933,1.0011300738425815,0.02,3,3,True,LH (Low surrounded by High)
6934,1.3616626093601285,0.005,1,1,True,HH (Hot Spot)
6935,-0.04410645285560286,0.381,4,0,False,No Significativo
6936,2.007218677068253,0.001,1,1,True,HH (Hot Spot)
6937,0.9434958046935529,0.06,3,0,False,No Significativo
6938,0.43155132856915474,0.124,1,0,False,No Significativo
6939,-0.09710746718709341,0.005,2,2,True,LL (Cold Spot)
6940,1.7537629035500375,0.005,3,3,True,LH (Low surrounded by High)
6941,1.799626595453654,0.001,1,1,True,HH (Hot Spot)
6942,-0.2026324710750893,0.252,2,0,False,No Significativo
6943,0.02120718084455498,0.352,1,0,False,No Significativo
6944,1.0141455841835507,0.022,3,3,True,LH (Low surrounded by High)
6945,0.4444386734714056,0.003,1,1,True,HH (Hot Spot)
6946,2.6081103834602897,0.001,3,3,True,LH (Low surrounded by High)
6947,0.7874733618963958,0.041,3,3,True,LH (Low surrounded by High)
6948,1.7069859026875103,0.005,3,3,True,LH (Low surrounded by High)
6949,0.19455707532755265,0.011,1,1,True,HH (Hot Spot)
6950,0.3032285433544097,0.192,1,0,False,No Significativo
6951,1.1578704140076894,0.003,1,1,True,HH (Hot Spot)
6952,0.5049665148748174,0.01,1,1,True,HH (Hot Spot)
6953,0.3646355138080602,0.139,3,0,False,No Significativo
6954,0.15281086952280512,0.184,1,0,False,No Significativo
6955,1.5522984055083495,0.02,3,3,True,LH (Low surrounded by High)
6956,0.6902409912129844,0.026,1,1,True,HH (Hot Spot)
6957,0.15915161213268492,0.214,3,0,False,No Significativo
6958,1.529181339192334,0.002,1,1,True,HH (Hot Spot)
6959,0.07579658506570636,0.008,1,1,True,HH (Hot Spot)
6960,1.0583247104481965,0.001,1,1,True,HH (Hot Spot)
6961,1.8378876409017377,0.005,3,3,True,LH (Low surrounded by High)
6962,0.6001692120205667,0.007,1,1,True,HH (Hot Spot)
6963,0.016445664173091037,0.4,1,0,False,No Significativo
6964,0.9797021931361949,0.05,3,0,False,No Significativo
6965,0.44877146527238604,0.107,1,0,False,No Significativo
6966,2.3082607346335897,0.001,1,1,True,HH (Hot Spot)
6967,0.2909547964947593,0.074,1,0,False,No Significativo
6968,-0.011263356685925275,0.246,4,0,False,No Significativo
6969,0.48725693820733856,0.052,3,0,False,No Significativo
6970,1.1900018698877017,0.001,1,1,True,HH (Hot Spot)
6971,0.14077863338257518,0.079,3,0,False,No Significativo
6972,-0.04374736589415459,0.435,2,0,False,No Significativo
6973,0.048092918801304986,0.25,3,0,False,No Significativo
6974,0.6929936359024785,0.042,1,1,True,HH (Hot Spot)
6975,3.0510120474147246,0.001,3,3,True,LH (Low surrounded by High)
6976,0.23148961544869104,0.254,3,0,False,No Significativo
6977,1.6020993217911486,0.001,1,1,True,HH (Hot Spot)
6978,0.6564634202749697,0.075,3,0,False,No Significativo
6979,0.07939613214057296,0.147,3,0,False,No Significativo
6980,0.22284994110109435,0.079,1,0,False,No Significativo
6981,2.935400522859401,0.001,1,1,True,HH (Hot Spot)
6982,0.14309919747030317,0.119,1,0,False,No Significativo
6983,0.3066098876758069,0.087,3,0,False,No Significativo
6984,0.6894447473115182,0.016,1,1,True,HH (Hot Spot)
6985,0.1103197651059736,0.227,3,0,False,No Significativo
6986,0.9498713791971697,0.008,1,1,True,HH (Hot Spot)
6987,0.38946348332612596,0.008,1,1,True,HH (Hot Spot)
6988,1.2994322801015603,0.005,1,1,True,HH (Hot Spot)
6989,1.713087483612937,0.006,3,3,True,LH (Low surrounded by High)
6990,0.38324129924157085,0.041,1,1,True,HH (Hot Spot)
6991,0.513970852854723,0.051,1,0,False,No Significativo
6992,1.470826452445501,0.005,1,1,True,HH (Hot Spot)
6993,0.033516643086833955,0.298,3,0,False,No Significativo
6994,1.207773233888364,0.006,3,3,True,LH (Low surrounded by High)
6995,0.16559383974158226,0.14,3,0,False,No Significativo
6996,3.1606215347449753,0.001,3,3,True,LH (Low surrounded by High)
6997,0.07469148720968882,0.056,1,0,False,No Significativo
6998,0.0342263648779629,0.412,1,0,False,No Significativo
6999,-0.01184871249651257,0.358,2,0,False,No Significativo
7000,0.6354535444666666,0.067,3,0,False,No Significativo
7001,0.047566328289799106,0.464,3,0,False,No Significativo
7002,2.162402513114583,0.001,1,1,True,HH (Hot Spot)
7004,0.6333019280359464,0.041,3,3,True,LH (Low surrounded by High)
7005,0.4925709105936876,0.008,1,1,True,HH (Hot Spot)
7006,0.05216600348853646,0.172,3,0,False,No Significativo
7007,0.17073318010813127,0.033,3,3,True,LH (Low surrounded by High)
7008,1.252653807202939,0.008,1,1,True,HH (Hot Spot)
7009,0.6054570210670366,0.095,3,0,False,No Significativo
7010,1.1091865181014797,0.008,1,1,True,HH (Hot Spot)
7011,1.243279603745869,0.003,1,1,True,HH (Hot Spot)
7012,0.47742895121175805,0.025,1,1,True,HH (Hot Spot)
7013,2.7596006309314016,0.001,3,3,True,LH (Low surrounded by High)
7014,0.11019669632186103,0.363,3,0,False,No Significativo
7015,0.5093303121807248,0.161,3,0,False,No Significativo
7016,1.893408071563699,0.001,1,1,True,HH (Hot Spot)
7017,0.6639192005639335,0.015,1,1,True,HH (Hot Spot)
7018,0.562921958257108,0.054,3,0,False,No Significativo
7019,0.8464944971456292,0.039,1,1,True,HH (Hot Spot)
7020,0.7392533084084298,0.021,3,3,True,LH (Low surrounded by High)
7021,0.6062892126850843,0.057,1,0,False,No Significativo
7022,0.04532362169558503,0.302,3,0,False,No Significativo
7023,0.7427321411271568,0.091,3,0,False,No Significativo
7024,0.8348311994659752,0.018,1,1,True,HH (Hot Spot)
7025,0.9128732508165295,0.013,1,1,True,HH (Hot Spot)
7026,0.03277813898706848,0.347,3,0,False,No Significativo
7027,0.6455413077570381,0.001,1,1,True,HH (Hot Spot)
7028,3.9951039665909835,0.001,3,3,True,LH (Low surrounded by High)
7029,1.0365135264388974,0.035,3,3,True,LH (Low surrounded by High)
7030,0.07964522712619715,0.063,1,0,False,No Significativo
7031,0.047574338346454956,0.296,3,0,False,No Significativo
7032,2.429820271897968,0.002,3,3,True,LH (Low surrounded by High)
7033,1.195490588639758,0.031,3,3,True,LH (Low surrounded by High)
7034,0.3150302585279129,0.025,1,1,True,HH (Hot Spot)
7035,0.25714381492859295,0.167,1,0,False,No Significativo
7036,1.5420571584419194,0.001,1,1,True,HH (Hot Spot)
7037,1.1256020876113009,0.008,1,1,True,HH (Hot Spot)
7038,3.5789301953182857,0.001,3,3,True,LH (Low surrounded by High)
7039,1.6594846590534247,0.005,3,3,True,LH (Low surrounded by High)
7040,0.1621235424494049,0.15,3,0,False,No Significativo
7041,3.0107996842335027,0.002,3,3,True,LH (Low surrounded by High)
7042,0.5031141524022847,0.012,1,1,True,HH (Hot Spot)
7043,0.07305264917333919,0.218,1,0,False,No Significativo
7044,1.2164797833910062,0.013,1,1,True,HH (Hot Spot)
7045,0.8076181184997703,0.01,3,3,True,LH (Low surrounded by High)
7046,1.3707254653982701,0.007,3,3,True,LH (Low surrounded by High)
7047,0.6620444208641181,0.041,1,1,True,HH (Hot Spot)
7048,-0.33768174093156145,0.047,2,2,True,LL (Cold Spot)
7049,4.8819228722738135,0.001,1,1,True,HH (Hot Spot)
7050,0.0004600468459988458,0.022,1,1,True,HH (Hot Spot)
7051,-0.0016201355193453575,0.496,4,0,False,No Significativo
7052,1.4693889449547308,0.02,3,3,True,LH (Low surrounded by High)
7053,1.0984134887159358,0.005,1,1,True,HH (Hot Spot)
7054,0.10377568427252624,0.066,3,0,False,No Significativo
7055,1.6214732028768877,0.003,3,3,True,LH (Low surrounded by High)
7056,0.03285546973719211,0.253,3,0,False,No Significativo
7057,0.943995934626537,0.01,3,3,True,LH (Low surrounded by High)
7058,0.09205817068439538,0.296,1,0,False,No Significativo
7059,0.4507604722764044,0.047,1,1,True,HH (Hot Spot)
7060,1.491667646936298,0.02,3,3,True,LH (Low surrounded by High)
7061,1.7065187230648715,0.002,3,3,True,LH (Low surrounded by High)
7062,2.7054340440584794,0.001,1,1,True,HH (Hot Spot)
7063,0.19463262124939917,0.208,3,0,False,No Significativo
7064,-0.0142435091729008,0.264,2,0,False,No Significativo
7065,-0.00476573717678733,0.465,2,0,False,No Significativo
7066,0.06548769415155337,0.316,3,0,False,No Significativo
7067,0.14326115835921516,0.208,1,0,False,No Significativo
7068,1.0579746329853066,0.033,1,1,True,HH (Hot Spot)
7069,1.9150275065698361,0.001,3,3,True,LH (Low surrounded by High)
7070,-0.03842891980260956,0.154,4,0,False,No Significativo
7071,0.09385844275881294,0.333,3,0,False,No Significativo
7072,1.31454236756372,0.004,1,1,True,HH (Hot Spot)
7073,0.5061605081991905,0.008,1,1,True,HH (Hot Spot)
7074,3.91997908371229,0.001,3,3,True,LH (Low surrounded by High)
7075,0.2936607332773245,0.135,1,0,False,No Significativo
7076,0.010196990493162559,0.335,3,0,False,No Significativo
7077,0.7041371485751862,0.068,1,0,False,No Significativo
7078,1.6732803722709388,0.001,1,1,True,HH (Hot Spot)
7079,0.12156875668763924,0.062,1,0,False,No Significativo
7080,0.5473296654373592,0.073,3,0,False,No Significativo
7081,-0.01216533287242298,0.447,4,0,False,No Significativo
7082,0.2022777382334022,0.141,1,0,False,No Significativo
7083,0.15155257304973507,0.16,3,0,False,No Significativo
7084,0.48301922872577396,0.019,1,1,True,HH (Hot Spot)
7085,3.072286867567126,0.002,3,3,True,LH (Low surrounded by High)
7086,0.4750624661438369,0.114,1,0,False,No Significativo
7087,1.8987839252455145,0.003,3,3,True,LH (Low surrounded by High)
7088,-0.09718263653693049,0.267,2,0,False,No Significativo
7089,0.126600083942518,0.156,1,0,False,No Significativo
7090,1.2407579861169464,0.007,3,3,True,LH (Low surrounded by High)
7091,0.19886918030933062,0.171,3,0,False,No Significativo
7092,2.66165801765358,0.001,3,3,True,LH (Low surrounded by High)
7093,0.03359425155116625,0.382,1,0,False,No Significativo
7094,0.23179093556180502,0.105,1,0,False,No Significativo
7095,1.9002679993610105,0.005,3,3,True,LH (Low surrounded by High)
7096,0.5190740349397549,0.035,1,1,True,HH (Hot Spot)
7097,-0.03194016599122851,0.402,2,0,False,No Significativo
7098,1.125007954116427,0.008,1,1,True,HH (Hot Spot)
7099,1.7350574919743913,0.033,3,3,True,LH (Low surrounded by High)
7100,0.2582595419564658,0.084,1,0,False,No Significativo
7101,0.5645143775045448,0.025,1,1,True,HH (Hot Spot)
7102,-0.26106013010469437,0.056,4,0,False,No Significativo
7103,0.14157194595765887,0.076,3,0,False,No Significativo
7104,-0.027326561680912232,0.015,2,2,True,LL (Cold Spot)
7105,0.7458770758972635,0.003,1,1,True,HH (Hot Spot)
7106,-0.09283022252754596,0.22,2,0,False,No Significativo
7107,1.1885041080720373,0.008,1,1,True,HH (Hot Spot)
7108,1.2530148253804718,0.005,1,1,True,HH (Hot Spot)
7109,0.09952038645825123,0.257,1,0,False,No Significativo
7110,-0.0683311085590644,0.415,4,0,False,No Significativo
7111,3.193801266077118,0.001,3,3,True,LH (Low surrounded by High)
7112,0.06293809686055606,0.293,3,0,False,No Significativo
7113,0.13218667481926602,0.273,3,0,False,No Significativo
7114,0.0024497549839583763,0.486,3,0,False,No Significativo
7115,-0.035802506813038926,0.138,2,0,False,No Significativo
7116,0.2158346226296501,0.222,1,0,False,No Significativo
7117,0.15242160994010748,0.158,3,0,False,No Significativo
7118,0.2382979929348903,0.118,3,0,False,No Significativo
7119,0.03540853277238692,0.451,3,0,False,No Significativo
7120,0.07631801083551357,0.296,3,0,False,No Significativo
7121,1.2490181096653012,0.008,1,1,True,HH (Hot Spot)
7122,0.2904468461222808,0.005,3,3,True,LH (Low surrounded by High)
7123,-0.06652664223515853,0.414,4,0,False,No Significativo
7124,3.73139923483928,0.001,3,3,True,LH (Low surrounded by High)
7125,0.7143145593006978,0.016,3,3,True,LH (Low surrounded by High)
7126,0.08020376478764062,0.237,3,0,False,No Significativo
7127,0.10909243604971298,0.205,1,0,False,No Significativo
7128,-0.1992577540858388,0.023,2,2,True,LL (Cold Spot)
7129,0.17555153175679958,0.092,3,0,False,No Significativo
7130,1.4173989100772693,0.011,3,3,True,LH (Low surrounded by High)
7131,0.6638677113220719,0.033,3,3,True,LH (Low surrounded by High)
7132,1.5589637167309982,0.01,1,1,True,HH (Hot Spot)
7133,0.0802331036357117,0.074,3,0,False,No Significativo
7134,0.9475526604345745,0.026,1,1,True,HH (Hot Spot)
7135,0.9851170127093587,0.005,1,1,True,HH (Hot Spot)
7136,3.367329702545812,0.001,3,3,True,LH (Low surrounded by High)
7137,-0.013860489357777004,0.467,2,0,False,No Significativo
7138,0.10015336482747993,0.315,1,0,False,No Significativo
7139,-0.030058621348339046,0.371,2,0,False,No Significativo
7140,-0.02444538443752082,0.144,2,0,False,No Significativo
7141,1.9098766131852511,0.001,3,3,True,LH (Low surrounded by High)
7142,1.9193451002882986,0.001,1,1,True,HH (Hot Spot)
7143,-0.027083689914120714,0.364,2,0,False,No Significativo
7144,0.36836108873797124,0.067,1,0,False,No Significativo
7145,0.018055382833965964,0.179,1,0,False,No Significativo
7146,0.29812628685776055,0.273,1,0,False,No Significativo
7147,0.23947134532120046,0.143,3,0,False,No Significativo
7148,0.293494473005034,0.031,1,1,True,HH (Hot Spot)
7149,0.7762710176725692,0.04,1,1,True,HH (Hot Spot)
7150,0.8538561206326614,0.034,1,1,True,HH (Hot Spot)
7151,0.03341174088313352,0.246,1,0,False,No Significativo
7152,0.8850692129836394,0.003,1,1,True,HH (Hot Spot)
7153,3.936308725622746,0.001,3,3,True,LH (Low surrounded by High)
7154,-0.013491476308598151,0.455,2,0,False,No Significativo
7155,0.16145131302610807,0.17,3,0,False,No Significativo
7156,4.941687621242451,0.001,3,3,True,LH (Low surrounded by High)
7157,0.07585041065545703,0.329,3,0,False,No Significativo
7158,0.15254440463700777,0.167,1,0,False,No Significativo
7159,0.2026433539846383,0.001,1,1,True,HH (Hot Spot)
7160,0.82895861651656,0.062,3,0,False,No Significativo
7161,-0.049518340920865815,0.356,4,0,False,No Significativo
7162,0.693271332709734,0.006,3,3,True,LH (Low surrounded by High)
7163,0.7116942365321345,0.047,1,1,True,HH (Hot Spot)
7164,1.7803396394865016,0.005,3,3,True,LH (Low surrounded by High)
7165,-0.08576632490648356,0.248,2,0,False,No Significativo
7166,1.161687811905068,0.005,3,3,True,LH (Low surrounded by High)
7167,0.8056047112441542,0.019,1,1,True,HH (Hot Spot)
7168,0.47776771422969067,0.014,1,1,True,HH (Hot Spot)
7169,0.060465026619913834,0.34,3,0,False,No Significativo
7170,0.02719066750664587,0.447,3,0,False,No Significativo
7171,0.07809489163550316,0.054,1,0,False,No Significativo
7172,1.4986344348052656,0.005,1,1,True,HH (Hot Spot)
7173,3.1039878193502934,0.001,1,1,True,HH (Hot Spot)
7174,2.370208235921036,0.003,3,3,True,LH (Low surrounded by High)
7175,1.5308556299458165,0.001,1,1,True,HH (Hot Spot)
7176,0.005614310621177707,0.497,3,0,False,No Significativo
7177,1.676589142999884,0.011,3,3,True,LH (Low surrounded by High)
7178,2.6665554934600033,0.002,3,3,True,LH (Low surrounded by High)
7179,0.20156392246962346,0.203,3,0,False,No Significativo
7180,0.004882558391117496,0.465,1,0,False,No Significativo
7181,3.5939282861934734,0.001,3,3,True,LH (Low surrounded by High)
7182,1.0598351648029662,0.011,1,1,True,HH (Hot Spot)
7183,0.0767954024895545,0.266,3,0,False,No Significativo
7184,1.691635636563512,0.001,1,1,True,HH (Hot Spot)
7185,1.105158706517387,0.005,1,1,True,HH (Hot Spot)
7186,0.3240204341768433,0.176,3,0,False,No Significativo
7187,0.0617862094637645,0.352,1,0,False,No Significativo
7188,2.453347255200611,0.001,1,1,True,HH (Hot Spot)
7189,0.237030624605764,0.049,3,3,True,LH (Low surrounded by High)
7190,0.0052585664129633,0.229,3,0,False,No Significativo
7191,0.2739388286436575,0.089,1,0,False,No Significativo
7192,2.7703994959422626,0.008,3,3,True,LH (Low surrounded by High)
7193,0.430731551012094,0.095,3,0,False,No Significativo
7194,1.5859950133009333,0.001,1,1,True,HH (Hot Spot)
7195,1.3597311716665195,0.012,3,3,True,LH (Low surrounded by High)
7196,0.21580491411090222,0.205,3,0,False,No Significativo
7197,0.006494638114229874,0.487,3,0,False,No Significativo
7198,0.2648413384995537,0.08,3,0,False,No Significativo
7199,0.8017891670091966,0.024,1,1,True,HH (Hot Spot)
7200,2.2137495359611528,0.001,1,1,True,HH (Hot Spot)
7201,0.969318476351267,0.016,1,1,True,HH (Hot Spot)
7202,0.01079942678322837,0.462,1,0,False,No Significativo
7203,0.07731287380029475,0.198,1,0,False,No Significativo
7204,1.7956465024625818,0.007,3,3,True,LH (Low surrounded by High)
7205,0.0568339160721994,0.057,3,0,False,No Significativo
7206,0.3511889188034895,0.091,3,0,False,No Significativo
7207,0.40222853552210114,0.078,3,0,False,No Significativo
7208,0.0713787990938438,0.184,1,0,False,No Significativo
7209,3.206781282815795,0.001,3,3,True,LH (Low surrounded by High)
7210,-0.12338024026466804,0.186,4,0,False,No Significativo
7211,-0.01212856155721058,0.361,2,0,False,No Significativo
7212,0.017633990710121467,0.456,3,0,False,No Significativo
7213,1.1947511307199208,0.017,3,3,True,LH (Low surrounded by High)
7214,0.14926543474317558,0.229,3,0,False,No Significativo
7215,-0.04822783699847474,0.248,4,0,False,No Significativo
7216,0.33053067157178156,0.054,1,0,False,No Significativo
7217,1.0559432156622433,0.005,1,1,True,HH (Hot Spot)
7218,1.614851407014839,0.001,1,1,True,HH (Hot Spot)
7219,0.615972380311083,0.039,1,1,True,HH (Hot Spot)
7220,0.11451721680619463,0.222,1,0,False,No Significativo
7221,0.7633836630712584,0.134,1,0,False,No Significativo
7222,0.726659648406318,0.023,1,1,True,HH (Hot Spot)
7223,0.9268859216127608,0.008,1,1,True,HH (Hot Spot)
7224,1.532439109109036,0.001,1,1,True,HH (Hot Spot)
7225,1.0195431185845472,0.018,1,1,True,HH (Hot Spot)
7226,-0.04149123806181502,0.241,2,0,False,No Significativo
7227,-0.014622189701233934,0.102,4,0,False,No Significativo
7228,1.6418568483623073,0.008,1,1,True,HH (Hot Spot)
7229,0.05803093577915919,0.159,1,0,False,No Significativo
7230,0.5090902432078169,0.01,1,1,True,HH (Hot Spot)
7231,0.32318901162222013,0.099,3,0,False,No Significativo
7232,1.7461667638026457,0.003,3,3,True,LH (Low surrounded by High)
7233,-0.004589634793313508,0.465,2,0,False,No Significativo
7234,0.9697806982383113,0.008,1,1,True,HH (Hot Spot)
7235,0.025545897748642507,0.314,3,0,False,No Significativo
7236,-0.015773907295670256,0.409,4,0,False,No Significativo
7237,0.3386421496869028,0.228,3,0,False,No Significativo
7238,0.02001053603123036,0.43,3,0,False,No Significativo
7239,0.9576981428489835,0.001,3,3,True,LH (Low surrounded by High)
7240,0.013860489158050082,0.447,1,0,False,No Significativo
7241,1.1731240565155296,0.005,1,1,True,HH (Hot Spot)
7242,1.5592849320683708,0.005,3,3,True,LH (Low surrounded by High)
7243,0.7824153587208513,0.057,3,0,False,No Significativo
7244,0.04774700397721473,0.268,3,0,False,No Significativo
7245,0.0006809067375546793,0.488,1,0,False,No Significativo
7246,1.3028510709332988,0.01,1,1,True,HH (Hot Spot)
7247,-0.068019960052994,0.245,4,0,False,No Significativo
7248,0.7201126625023692,0.01,1,1,True,HH (Hot Spot)
7249,0.6434777597939807,0.001,1,1,True,HH (Hot Spot)
7250,0.19774664817076076,0.209,1,0,False,No Significativo
7251,1.846051572020729,0.002,3,3,True,LH (Low surrounded by High)
7252,0.03456120535864043,0.134,3,0,False,No Significativo
7253,-0.02677146764777791,0.095,4,0,False,No Significativo
7254,1.3590397713882794,0.035,3,3,True,LH (Low surrounded by High)
7255,2.849583144700788,0.001,1,1,True,HH (Hot Spot)
7256,0.2855192717553435,0.119,3,0,False,No Significativo
7257,0.24679532587263947,0.163,1,0,False,No Significativo
7258,1.5230072424272512,0.01,3,3,True,LH (Low surrounded by High)
7259,1.8942303336563726,0.005,1,1,True,HH (Hot Spot)
7260,0.7932631486474401,0.035,1,1,True,HH (Hot Spot)
7261,0.11126217777237457,0.204,3,0,False,No Significativo
7262,-0.1634650403582411,0.135,4,0,False,No Significativo
7263,-0.14787745608036873,0.144,2,0,False,No Significativo
7264,0.30949654818820593,0.107,1,0,False,No Significativo
7265,0.344130261981347,0.174,3,0,False,No Significativo
7266,1.5358652092979608,0.005,1,1,True,HH (Hot Spot)
7267,0.012513751119881709,0.322,3,0,False,No Significativo
7268,0.23347915261351726,0.138,1,0,False,No Significativo
7269,0.07255223130620057,0.435,1,0,False,No Significativo
7270,2.2142948583406064,0.001,3,3,True,LH (Low surrounded by High)
7271,0.8115255044428726,0.051,3,0,False,No Significativo
7272,1.0046741699089679,0.014,1,1,True,HH (Hot Spot)
7273,0.13000988334848826,0.217,1,0,False,No Significativo
7274,1.6011207625210024,0.001,1,1,True,HH (Hot Spot)
7275,0.2071218947795708,0.265,3,0,False,No Significativo
7276,0.5444658545411897,0.035,1,1,True,HH (Hot Spot)
7277,3.510515845473646,0.001,3,3,True,LH (Low surrounded by High)
7278,0.19865254105594027,0.014,3,3,True,LH (Low surrounded by High)
7279,-0.10981215662852359,0.297,2,0,False,No Significativo
7280,-0.021789519593176734,0.19,4,0,False,No Significativo
7281,1.9680599418718452,0.012,3,3,True,LH (Low surrounded by High)
7282,0.8110597492232574,0.101,3,0,False,No Significativo
7283,1.6708959854092709,0.006,1,1,True,HH (Hot Spot)
7284,0.14257824952848433,0.247,1,0,False,No Significativo
7285,0.12301708690219877,0.064,1,0,False,No Significativo
7286,-0.028912087999942805,0.037,4,4,True,HL (High surrounded by Low)
7287,0.47429411255447673,0.053,1,0,False,No Significativo
7288,-0.11972183497539024,0.053,2,0,False,No Significativo
7289,7.092118848620116,0.001,1,1,True,HH (Hot Spot)
7290,1.2221246790897877,0.005,1,1,True,HH (Hot Spot)
7291,0.3426095647735943,0.083,3,0,False,No Significativo
7292,0.29759118448860333,0.019,3,3,True,LH (Low surrounded by High)
7293,0.8682066688513695,0.008,1,1,True,HH (Hot Spot)
7294,2.8342449947021198,0.001,3,3,True,LH (Low surrounded by High)
7295,0.7617911893969781,0.01,1,1,True,HH (Hot Spot)
7296,-0.007589731393166383,0.48,2,0,False,No Significativo
7297,0.03953396221191462,0.341,1,0,False,No Significativo
7298,0.9304540821440473,0.007,1,1,True,HH (Hot Spot)
7299,1.2108863835193642,0.005,3,3,True,LH (Low surrounded by High)
7300,0.718717892697503,0.039,1,1,True,HH (Hot Spot)
7301,1.6494688374667623,0.001,1,1,True,HH (Hot Spot)
7302,0.19349727374528208,0.173,3,0,False,No Significativo
7303,0.1437242190962975,0.185,1,0,False,No Significativo
7304,3.4747283161839317,0.001,1,1,True,HH (Hot Spot)
7305,-0.08009661437587044,0.186,2,0,False,No Significativo
7306,0.02139401003259363,0.276,1,0,False,No Significativo
7307,0.14792956822976647,0.169,1,0,False,No Significativo
7308,2.4327014598562493,0.001,1,1,True,HH (Hot Spot)
7309,2.9075425425664796,0.001,3,3,True,LH (Low surrounded by High)
7310,-0.16795115127526608,0.413,2,0,False,No Significativo
7311,0.1266426479371519,0.178,3,0,False,No Significativo
7312,1.4948233480161923,0.007,1,1,True,HH (Hot Spot)
7313,0.7800992220919516,0.048,1,1,True,HH (Hot Spot)
7314,0.36794272702805214,0.04,3,3,True,LH (Low surrounded by High)
7315,0.2732935167970978,0.07,1,0,False,No Significativo
7316,0.09474636322585485,0.307,3,0,False,No Significativo
7317,0.2612598392356522,0.147,1,0,False,No Significativo
7318,-0.002525571814388629,0.447,4,0,False,No Significativo
7319,-0.04492845533662582,0.361,4,0,False,No Significativo
7320,0.6839008446274496,0.08,3,0,False,No Significativo
7321,-0.08821651344779345,0.4,2,0,False,No Significativo
7322,0.20000090547441055,0.231,1,0,False,No Significativo
7323,0.5905524026648217,0.052,3,0,False,No Significativo
7324,0.11607287170803354,0.174,1,0,False,No Significativo
7325,0.12033312743438218,0.296,1,0,False,No Significativo
7326,3.6696517434771847,0.001,3,3,True,LH (Low surrounded by High)
7327,0.10358455367462106,0.276,3,0,False,No Significativo
7328,0.5673801991929298,0.015,1,1,True,HH (Hot Spot)
7329,2.5011534441560146,0.003,3,3,True,LH (Low surrounded by High)
7330,0.011978867023702208,0.274,3,0,False,No Significativo
7331,2.62028486273517,0.001,3,3,True,LH (Low surrounded by High)
7332,0.4007514471647526,0.109,1,0,False,No Significativo
7333,0.1285646983965196,0.265,3,0,False,No Significativo
7334,0.6605793320254318,0.03,3,3,True,LH (Low surrounded by High)
7335,0.981264266548742,0.027,1,1,True,HH (Hot Spot)
7336,-0.0698249230072986,0.135,2,0,False,No Significativo
7337,1.9857049231382717,0.001,1,1,True,HH (Hot Spot)
7338,0.9711829032612554,0.038,3,3,True,LH (Low surrounded by High)
7339,0.14213050423762455,0.335,3,0,False,No Significativo
7340,1.2561853113347043,0.008,1,1,True,HH (Hot Spot)
7341,0.5825385136488306,0.16,3,0,False,No Significativo
7342,0.7132805878201011,0.061,3,0,False,No Significativo
7343,1.0773089531089097,0.005,1,1,True,HH (Hot Spot)
7344,0.1714302607251315,0.266,3,0,False,No Significativo
7345,0.47351903520517225,0.018,3,3,True,LH (Low surrounded by High)
7346,0.6242294431534815,0.028,1,1,True,HH (Hot Spot)
7347,0.20314613758253575,0.113,1,0,False,No Significativo
7348,1.4788865418083235,0.005,1,1,True,HH (Hot Spot)
7349,0.10844485005368341,0.119,1,0,False,No Significativo
7350,1.342029012150201,0.014,3,3,True,LH (Low surrounded by High)
7351,3.5455833118323334,0.001,3,3,True,LH (Low surrounded by High)
7352,-0.02272841390043276,0.314,2,0,False,No Significativo
7353,0.4979900025829677,0.08,3,0,False,No Significativo
7354,0.09047413994230986,0.322,3,0,False,No Significativo
7355,0.5116542875967283,0.057,1,0,False,No Significativo
7356,0.037932791376646686,0.271,1,0,False,No Significativo
7357,-0.003761413817571794,0.457,2,0,False,No Significativo
7358,0.03445311782411975,0.411,1,0,False,No Significativo
7359,0.9295291906095504,0.024,3,3,True,LH (Low surrounded by High)
7360,1.332436575000258,0.033,3,3,True,LH (Low surrounded by High)
7361,-0.08485127995356605,0.366,2,0,False,No Significativo
7362,1.4659628308473351,0.005,1,1,True,HH (Hot Spot)
7363,1.0898591791648715,0.01,3,3,True,LH (Low surrounded by High)
7364,0.2173485903017122,0.103,3,0,False,No Significativo
7365,3.401172388706579,0.001,3,3,True,LH (Low surrounded by High)
7366,0.06351216344023296,0.389,3,0,False,No Significativo
7367,0.7975166756848348,0.037,1,1,True,HH (Hot Spot)
7368,-0.30090862525235795,0.023,2,2,True,LL (Cold Spot)
7369,0.1056197763686682,0.145,3,0,False,No Significativo
7370,0.27810733901618917,0.114,3,0,False,No Significativo
7371,0.7295322544285124,0.009,1,1,True,HH (Hot Spot)
7372,1.282505842391298,0.003,3,3,True,LH (Low surrounded by High)
7373,0.3359195564106114,0.099,3,0,False,No Significativo
7374,-0.23551435136204116,0.193,2,0,False,No Significativo
7375,0.9334373358932961,0.009,1,1,True,HH (Hot Spot)
7376,0.14808444349379124,0.126,1,0,False,No Significativo
7377,2.609640377425074,0.001,3,3,True,LH (Low surrounded by High)
7378,0.3993741684324456,0.039,1,1,True,HH (Hot Spot)
7379,0.43520615452083267,0.023,1,1,True,HH (Hot Spot)
7380,0.7858536637771958,0.045,1,1,True,HH (Hot Spot)
7381,-0.011563833014547688,0.416,4,0,False,No Significativo
7382,1.0109980956313036,0.013,3,3,True,LH (Low surrounded by High)
7383,0.12097257270569121,0.266,1,0,False,No Significativo
7384,0.021675673047644232,0.462,3,0,False,No Significativo
7385,0.008498239317497932,0.35,1,0,False,No Significativo
7386,0.020893472415307656,0.355,1,0,False,No Significativo
7387,0.20730409695332516,0.179,3,0,False,No Significativo
7388,0.40775179033169057,0.005,1,1,True,HH (Hot Spot)
7389,0.22048644265888584,0.25,1,0,False,No Significativo
7390,0.2415940400677023,0.09,1,0,False,No Significativo
7391,2.430165878293189,0.001,1,1,True,HH (Hot Spot)
7392,1.914249495495701,0.002,3,3,True,LH (Low surrounded by High)
7393,-0.01155834072859773,0.474,2,0,False,No Significativo
7394,0.3823928190480073,0.106,3,0,False,No Significativo
7395,4.886726944622152,0.001,3,3,True,LH (Low surrounded by High)
7396,0.006239116759012923,0.422,1,0,False,No Significativo
7397,1.3822120373486542,0.004,1,1,True,HH (Hot Spot)
7398,0.08352451813044441,0.074,1,0,False,No Significativo
7399,0.2960321738562156,0.024,3,3,True,LH (Low surrounded by High)
7400,0.016918412345216013,0.366,1,0,False,No Significativo
7401,0.8121734536333587,0.059,3,0,False,No Significativo
7402,0.08698429899202774,0.143,1,0,False,No Significativo
7403,0.07801763768034924,0.303,3,0,False,No Significativo
7404,0.5917113107187915,0.065,1,0,False,No Significativo
7405,0.13381123587704224,0.165,1,0,False,No Significativo
7406,0.769858828603278,0.004,1,1,True,HH (Hot Spot)
7407,-0.07528961318793922,0.17,4,0,False,No Significativo
7408,0.35746928965095326,0.037,3,3,True,LH (Low surrounded by High)
7409,-0.07088432354541642,0.258,2,0,False,No Significativo
7410,0.1671347699566064,0.106,1,0,False,No Significativo
7411,0.5780392752688281,0.013,1,1,True,HH (Hot Spot)
7412,2.406098838269056,0.002,3,3,True,LH (Low surrounded by High)
7413,3.571051914438566,0.001,1,1,True,HH (Hot Spot)
7414,0.6377677826193886,0.036,1,1,True,HH (Hot Spot)
7415,0.055241821132601836,0.199,1,0,False,No Significativo
7416,0.5655829133952637,0.012,3,3,True,LH (Low surrounded by High)
7417,0.08048143355959919,0.254,1,0,False,No Significativo
7418,0.9926069112634286,0.016,3,3,True,LH (Low surrounded by High)
7419,1.1398147976495825,0.018,3,3,True,LH (Low surrounded by High)
7420,0.22998839383364042,0.056,1,0,False,No Significativo
7421,0.15991327825082724,0.228,3,0,False,No Significativo
7422,1.4922695578736185,0.034,3,3,True,LH (Low surrounded by High)
7423,0.9103916433531472,0.035,3,3,True,LH (Low surrounded by High)
7424,0.8287427293514849,0.011,1,1,True,HH (Hot Spot)
7425,0.7023204394200349,0.008,1,1,True,HH (Hot Spot)
7426,0.5232147556657675,0.079,3,0,False,No Significativo
7427,1.535474872129777,0.006,1,1,True,HH (Hot Spot)
7428,1.0994014744743166,0.012,3,3,True,LH (Low surrounded by High)
7429,1.3026765826874895,0.009,3,3,True,LH (Low surrounded by High)
7430,3.3901301576644776,0.001,1,1,True,HH (Hot Spot)
7431,0.4891337393783378,0.055,1,0,False,No Significativo
7432,2.0773553992793126,0.013,3,3,True,LH (Low surrounded by High)
7433,-0.0708976596136496,0.43,4,0,False,No Significativo
7434,1.6582923975716986,0.008,3,3,True,LH (Low surrounded by High)
7435,0.06789916448916813,0.21,3,0,False,No Significativo
7436,0.2761609188755951,0.013,1,1,True,HH (Hot Spot)
7437,-0.013485492875214352,0.42,2,0,False,No Significativo
7438,0.17329065286198328,0.238,3,0,False,No Significativo
7439,0.34455101078175293,0.135,1,0,False,No Significativo
7440,2.066265679419599,0.001,1,1,True,HH (Hot Spot)
7441,0.08249486977848525,0.166,3,0,False,No Significativo
7442,0.1747035085944694,0.061,1,0,False,No Significativo
7443,-0.006820064292602909,0.005,4,4,True,HL (High surrounded by Low)
7444,0.12271127245279549,0.291,3,0,False,No Significativo
7445,0.010854368175483893,0.366,1,0,False,No Significativo
7446,0.9753382569573044,0.036,3,3,True,LH (Low surrounded by High)
7447,0.329744278478068,0.085,1,0,False,No Significativo
7448,3.8255144157359204,0.001,3,3,True,LH (Low surrounded by High)
7449,0.011686384267273796,0.044,3,3,True,LH (Low surrounded by High)
7450,0.15622912470951522,0.146,1,0,False,No Significativo
7451,0.11484999859245992,0.009,3,3,True,LH (Low surrounded by High)
7452,0.013154562367891679,0.397,3,0,False,No Significativo
7453,0.3567358323103687,0.118,3,0,False,No Significativo
7454,-0.033663390574427125,0.292,2,0,False,No Significativo
7455,0.8931278588775657,0.021,1,1,True,HH (Hot Spot)
7456,0.02678233627823618,0.166,1,0,False,No Significativo
7457,0.5820045758369543,0.076,1,0,False,No Significativo
7458,3.68570270977472,0.001,1,1,True,HH (Hot Spot)
7459,0.020339559537569725,0.247,1,0,False,No Significativo
7460,0.364217593604485,0.154,3,0,False,No Significativo
7461,0.07631488855212222,0.252,1,0,False,No Significativo
7462,0.879822982446444,0.009,1,1,True,HH (Hot Spot)
7463,-0.00578178119330337,0.485,4,0,False,No Significativo
7464,0.9421657586109935,0.001,1,1,True,HH (Hot Spot)
7465,1.4673600657862615,0.005,1,1,True,HH (Hot Spot)
7466,1.6458113040782592,0.001,1,1,True,HH (Hot Spot)
7467,0.20341681642478113,0.215,1,0,False,No Significativo
7468,0.38769596677862533,0.062,1,0,False,No Significativo
7469,0.20032194393545044,0.139,1,0,False,No Significativo
7470,0.02556228338214247,0.366,1,0,False,No Significativo
7471,2.02062648034819,0.005,3,3,True,LH (Low surrounded by High)
7472,0.06555096764589592,0.172,3,0,False,No Significativo
7473,0.6062887798430319,0.079,3,0,False,No Significativo
7474,1.2213107431960726,0.004,1,1,True,HH (Hot Spot)
7475,0.670417959273337,0.071,3,0,False,No Significativo
7476,-0.016843634529383752,0.406,2,0,False,No Significativo
7477,0.574028635407881,0.168,3,0,False,No Significativo
7478,-0.03322367660369496,0.306,2,0,False,No Significativo
7479,4.911538255850782,0.001,3,3,True,LH (Low surrounded by High)
7480,1.4036895392915096,0.016,1,1,True,HH (Hot Spot)
7481,3.596261178348257,0.001,1,1,True,HH (Hot Spot)
7482,-0.0009232120630326391,0.396,2,0,False,No Significativo
7483,0.23825720751233634,0.116,3,0,False,No Significativo
7484,0.00437031572045079,0.122,3,0,False,No Significativo
7485,0.25741564311560944,0.05,3,0,False,No Significativo
7486,0.5898907563967843,0.066,1,0,False,No Significativo
7487,0.17778259769584576,0.168,3,0,False,No Significativo
7488,0.8172972744797466,0.001,1,1,True,HH (Hot Spot)
7489,0.4548897758993705,0.099,1,0,False,No Significativo
7490,2.6198555625942572,0.002,3,3,True,LH (Low surrounded by High)
7491,-8.277806992002645e-05,0.479,2,0,False,No Significativo
7492,1.6050039618466598,0.006,3,3,True,LH (Low surrounded by High)
7493,3.977940421695858,0.001,1,1,True,HH (Hot Spot)
7494,0.44173297023751384,0.058,1,0,False,No Significativo
7495,1.5443377526826916,0.005,3,3,True,LH (Low surrounded by High)
7496,0.4981206581412015,0.011,1,1,True,HH (Hot Spot)
7497,0.9287162147333023,0.008,1,1,True,HH (Hot Spot)
7498,0.040329429259882435,0.389,3,0,False,No Significativo
7499,0.038088072743538266,0.262,1,0,False,No Significativo
7500,0.024490973032896237,0.16,1,0,False,No Significativo
7501,0.2064777784298117,0.194,3,0,False,No Significativo
7502,0.37559134153198975,0.057,1,0,False,No Significativo
7503,-0.005928504339235504,0.263,4,0,False,No Significativo
7504,1.092850109848838,0.001,1,1,True,HH (Hot Spot)
7505,0.6177439275419059,0.031,3,3,True,LH (Low surrounded by High)
7506,0.27070046308336965,0.149,1,0,False,No Significativo
7507,-0.01754174386161763,0.468,4,0,False,No Significativo
7508,3.0859046705924373,0.001,3,3,True,LH (Low surrounded by High)
7509,-0.08490068256619213,0.378,2,0,False,No Significativo
7510,0.5350467381161444,0.009,1,1,True,HH (Hot Spot)
7511,0.13925166681537468,0.135,1,0,False,No Significativo
7512,1.1074061248393599,0.019,1,1,True,HH (Hot Spot)
7513,0.27741824350112726,0.117,3,0,False,No Significativo
7514,0.09967179156604929,0.254,1,0,False,No Significativo
7515,1.7121298177760498,0.015,3,3,True,LH (Low surrounded by High)
7516,2.0004247652927556,0.003,3,3,True,LH (Low surrounded by High)
7517,0.028375022861042706,0.354,1,0,False,No Significativo
7518,0.02147065544196392,0.499,3,0,False,No Significativo
7519,0.13284085127279474,0.174,1,0,False,No Significativo
7520,1.427167193532045,0.002,3,3,True,LH (Low surrounded by High)
7521,0.25210482274425344,0.078,3,0,False,No Significativo
7522,1.4898891691688774,0.003,1,1,True,HH (Hot Spot)
7523,1.6725010787203096,0.001,1,1,True,HH (Hot Spot)
7524,0.09006271871452892,0.432,3,0,False,No Significativo
7525,0.9259360362611956,0.01,3,3,True,LH (Low surrounded by High)
7526,-0.09059753106807439,0.421,4,0,False,No Significativo
7527,1.2355487058608077,0.001,1,1,True,HH (Hot Spot)
7528,5.721883146332453,0.001,1,1,True,HH (Hot Spot)
7529,0.2692080748047242,0.019,1,1,True,HH (Hot Spot)
7530,1.3278289467307327,0.012,3,3,True,LH (Low surrounded by High)
7531,0.9667983906043475,0.006,1,1,True,HH (Hot Spot)
7532,3.0554835702356247,0.001,3,3,True,LH (Low surrounded by High)
7533,0.5439243216504744,0.07,1,0,False,No Significativo
7534,0.1922194908101316,0.117,3,0,False,No Significativo
7535,2.4809877849339346,0.002,3,3,True,LH (Low surrounded by High)
7536,0.0012545976587573227,0.446,1,0,False,No Significativo
7537,0.6692538180872947,0.011,1,1,True,HH (Hot Spot)
7538,1.2976412219863422,0.015,1,1,True,HH (Hot Spot)
7539,2.609367718070539,0.001,1,1,True,HH (Hot Spot)
7540,0.05786799285403185,0.102,1,0,False,No Significativo
7541,2.6715226499343756,0.001,1,1,True,HH (Hot Spot)
7542,0.12667554513519297,0.302,3,0,False,No Significativo
7543,0.16636713012738424,0.148,1,0,False,No Significativo
7544,0.04087374097463104,0.255,1,0,False,No Significativo
7545,-0.05108359562033131,0.262,2,0,False,No Significativo
7546,0.1114374291444483,0.032,3,3,True,LH (Low surrounded by High)
7547,0.31056905663856854,0.151,3,0,False,No Significativo
7548,1.8044560859293242,0.006,1,1,True,HH (Hot Spot)
7549,0.9188235569690597,0.009,1,1,True,HH (Hot Spot)
7550,1.79896760450089,0.004,3,3,True,LH (Low surrounded by High)
7551,-0.21122009239007547,0.017,2,2,True,LL (Cold Spot)
7552,0.4875093569523669,0.104,3,0,False,No Significativo
7553,0.4639245873571336,0.036,1,1,True,HH (Hot Spot)
7554,1.3898709605870057,0.008,1,1,True,HH (Hot Spot)
7555,0.05029612752427369,0.424,3,0,False,No Significativo
7556,-0.37001099760245854,0.193,4,0,False,No Significativo
7557,-0.08651677805292719,0.051,4,0,False,No Significativo
7558,0.4636246087879043,0.123,3,0,False,No Significativo
7559,0.26625113826053076,0.127,3,0,False,No Significativo
7560,0.6121396488589115,0.056,3,0,False,No Significativo
7561,0.26755641196996116,0.122,1,0,False,No Significativo
7562,0.9586706173851784,0.027,1,1,True,HH (Hot Spot)
7563,1.3423423914908859,0.007,3,3,True,LH (Low surrounded by High)
7564,0.047832144179676704,0.446,1,0,False,No Significativo
7565,2.395483418068635,0.001,3,3,True,LH (Low surrounded by High)
7566,0.4292548145771173,0.04,3,3,True,LH (Low surrounded by High)
7567,0.18591475726448772,0.002,3,3,True,LH (Low surrounded by High)
7568,0.7264883403392766,0.021,1,1,True,HH (Hot Spot)
7569,0.13083628104858977,0.243,1,0,False,No Significativo
7570,2.2195295569092104,0.004,3,3,True,LH (Low surrounded by High)
7571,-0.025950207758787678,0.262,4,0,False,No Significativo
7572,0.0018580341209950499,0.487,3,0,False,No Significativo
7573,1.728558701124402,0.001,1,1,True,HH (Hot Spot)
7574,1.6759780956799437,0.029,3,3,True,LH (Low surrounded by High)
7575,2.103964131920446,0.001,1,1,True,HH (Hot Spot)
7576,0.9113786288715533,0.025,1,1,True,HH (Hot Spot)
7577,0.4587428318033288,0.147,3,0,False,No Significativo
7578,0.22648031117936496,0.08,3,0,False,No Significativo
7579,1.3825860916144799,0.006,1,1,True,HH (Hot Spot)
7580,0.21420346320196415,0.086,1,0,False,No Significativo
7581,0.25052342402911576,0.174,3,0,False,No Significativo
7582,0.6665759745118509,0.05,3,0,False,No Significativo
7583,0.8840557973679389,0.002,1,1,True,HH (Hot Spot)
7584,1.0429090833353012,0.008,1,1,True,HH (Hot Spot)
7585,0.2585928222203433,0.09,1,0,False,No Significativo
7586,0.8282889282007078,0.004,1,1,True,HH (Hot Spot)
7587,1.5272548649815463,0.014,3,3,True,LH (Low surrounded by High)
7588,2.4467511416550254,0.002,3,3,True,LH (Low surrounded by High)
7589,0.06410668239017363,0.247,3,0,False,No Significativo
7590,5.590927934330087,0.001,3,3,True,LH (Low surrounded by High)
7591,0.19288774729109875,0.193,1,0,False,No Significativo
7592,0.30325547092327326,0.104,1,0,False,No Significativo
7593,0.08909164163622153,0.396,1,0,False,No Significativo
7594,1.4661043492416101,0.018,3,3,True,LH (Low surrounded by High)
7595,-0.00019565603613960942,0.487,4,0,False,No Significativo
7596,0.8740854336216963,0.014,3,3,True,LH (Low surrounded by High)
7597,1.0829390920006463,0.023,3,3,True,LH (Low surrounded by High)
7598,0.42125341409068723,0.102,3,0,False,No Significativo
7599,0.34160966004727633,0.006,1,1,True,HH (Hot Spot)
7600,2.4373433892837126,0.004,3,3,True,LH (Low surrounded by High)
7601,0.32348042880099365,0.143,3,0,False,No Significativo
7602,2.9140554241922314,0.001,3,3,True,LH (Low surrounded by High)
7603,0.06948751880413523,0.408,3,0,False,No Significativo
7604,4.256441687614261,0.001,3,3,True,LH (Low surrounded by High)
7605,0.40154375631529615,0.078,3,0,False,No Significativo
7606,0.18346605682985528,0.303,3,0,False,No Significativo
7607,0.1747610292588567,0.073,1,0,False,No Significativo
7608,-0.17013357862091624,0.27,2,0,False,No Significativo
7609,0.025397481115515715,0.38,3,0,False,No Significativo
7610,0.6077531092828536,0.029,3,3,True,LH (Low surrounded by High)
7611,0.0812656671875509,0.199,1,0,False,No Significativo
7612,1.3407464825960382,0.004,1,1,True,HH (Hot Spot)
7613,-0.010491547338709727,0.399,2,0,False,No Significativo
7614,0.2715994004764872,0.072,1,0,False,No Significativo
7615,0.22085549734560572,0.104,1,0,False,No Significativo
7616,0.5034406143221641,0.05,1,0,False,No Significativo
7617,0.7612540530444527,0.018,3,3,True,LH (Low surrounded by High)
7618,-0.19482723798707843,0.214,2,0,False,No Significativo
7619,-0.0029328663213300187,0.468,4,0,False,No Significativo
7620,-0.014736895435183918,0.301,2,0,False,No Significativo
7621,0.08959898199934802,0.26,3,0,False,No Significativo
7622,0.2630941594973574,0.023,1,1,True,HH (Hot Spot)
7623,0.7746475373574264,0.022,1,1,True,HH (Hot Spot)
7624,0.1520956489616209,0.14,1,0,False,No Significativo
7625,0.23326600663114905,0.151,1,0,False,No Significativo
7626,0.7423827885968849,0.018,1,1,True,HH (Hot Spot)
7627,0.2958790571991131,0.192,3,0,False,No Significativo
7628,0.36605353213360803,0.082,3,0,False,No Significativo
7629,2.6400715218353414,0.002,3,3,True,LH (Low surrounded by High)
7630,-0.07262019995789899,0.457,4,0,False,No Significativo
7631,-0.13805414492771925,0.005,2,2,True,LL (Cold Spot)
7632,0.0907367162679043,0.177,1,0,False,No Significativo
7633,0.9610810715936219,0.055,3,0,False,No Significativo
7634,0.10537733672471082,0.353,3,0,False,No Significativo
7635,2.0867905256038877,0.004,3,3,True,LH (Low surrounded by High)
7636,0.0942767806350478,0.167,1,0,False,No Significativo
7637,1.116385138482684,0.016,1,1,True,HH (Hot Spot)
7638,0.004095865875356701,0.423,1,0,False,No Significativo
7639,0.7038322561362633,0.005,1,1,True,HH (Hot Spot)
7640,0.04856710600918247,0.29,1,0,False,No Significativo
7641,0.11889465488086746,0.073,3,0,False,No Significativo
7642,0.11006486697019684,0.17,3,0,False,No Significativo
7643,0.030591022134800562,0.108,3,0,False,No Significativo
7644,0.775546226558706,0.004,1,1,True,HH (Hot Spot)
7645,1.9507683278778156,0.001,3,3,True,LH (Low surrounded by High)
7646,0.9387091449500707,0.001,1,1,True,HH (Hot Spot)
7647,-0.03515292467750959,0.353,2,0,False,No Significativo
7648,0.2770639809089127,0.059,1,0,False,No Significativo
7649,0.43293703857942456,0.089,1,0,False,No Significativo
7650,0.033243846846912777,0.299,3,0,False,No Significativo
7651,1.4116695228741085,0.005,3,3,True,LH (Low surrounded by High)
7652,0.08035301594399565,0.278,1,0,False,No Significativo
7653,0.7015647252090751,0.038,3,3,True,LH (Low surrounded by High)
7654,0.2801742089740138,0.137,1,0,False,No Significativo
7655,0.38353099228640736,0.07,1,0,False,No Significativo
7656,-0.07865231429588783,0.28,2,0,False,No Significativo
7657,1.589162284578789,0.006,1,1,True,HH (Hot Spot)
7658,0.15565150862300947,0.188,3,0,False,No Significativo
7659,1.3031255272741376,0.004,1,1,True,HH (Hot Spot)
7660,2.704705195568644,0.001,1,1,True,HH (Hot Spot)
7661,0.4390121255069426,0.042,3,3,True,LH (Low surrounded by High)
7662,1.5122772426044726,0.003,1,1,True,HH (Hot Spot)
7663,0.9556813339341804,0.027,1,1,True,HH (Hot Spot)
7664,1.2449580663982895,0.034,3,3,True,LH (Low surrounded by High)
7665,0.611105995092683,0.059,1,0,False,No Significativo
7666,1.8409726316282617,0.006,3,3,True,LH (Low surrounded by High)
7667,0.017586277469781548,0.486,3,0,False,No Significativo
7668,0.5566544812587676,0.037,1,1,True,HH (Hot Spot)
7669,0.047148350427894274,0.373,1,0,False,No Significativo
7670,0.12024345125350726,0.218,3,0,False,No Significativo
7671,1.0573023807440625,0.008,1,1,True,HH (Hot Spot)
7672,0.8491383737530138,0.006,1,1,True,HH (Hot Spot)
7673,0.09955611984091144,0.356,3,0,False,No Significativo
7674,1.867376197082128,0.004,3,3,True,LH (Low surrounded by High)
7675,0.002893048681644474,0.46,1,0,False,No Significativo
7676,0.7867108316231536,0.107,3,0,False,No Significativo
7677,0.05641077395234225,0.174,3,0,False,No Significativo
7678,0.15427244306801025,0.024,3,3,True,LH (Low surrounded by High)
7679,1.5621497757465395,0.015,1,1,True,HH (Hot Spot)
7680,2.0344017759496444,0.001,3,3,True,LH (Low surrounded by High)
7681,-0.06878849309227382,0.341,4,0,False,No Significativo
7682,0.03876135683198169,0.416,1,0,False,No Significativo
7683,0.2435973964915469,0.188,3,0,False,No Significativo
7684,1.7174307567892186,0.004,3,3,True,LH (Low surrounded by High)
7685,1.8125070596766972,0.009,3,3,True,LH (Low surrounded by High)
7686,0.2373373710844815,0.106,3,0,False,No Significativo
7687,-0.05716816758015141,0.239,2,0,False,No Significativo
7688,0.8563695247526772,0.02,1,1,True,HH (Hot Spot)
7689,0.818085615237754,0.006,1,1,True,HH (Hot Spot)
7690,0.5444077642090952,0.009,1,1,True,HH (Hot Spot)
7691,2.6714531723812627,0.001,1,1,True,HH (Hot Spot)
7692,0.15200407853959305,0.198,3,0,False,No Significativo
7693,0.27563986734581675,0.085,1,0,False,No Significativo
7694,0.07858987361891787,0.248,3,0,False,No Significativo
7695,0.008173813891255861,0.122,1,0,False,No Significativo
7696,1.190968486356059,0.006,1,1,True,HH (Hot Spot)
7697,-0.17800135396918343,0.073,2,0,False,No Significativo
7698,1.8558688853545335,0.001,1,1,True,HH (Hot Spot)
7699,2.7205523322487504,0.001,1,1,True,HH (Hot Spot)
7700,0.558837808791384,0.051,1,0,False,No Significativo
7701,0.0599474483647454,0.071,1,0,False,No Significativo
7702,-0.0983501270071884,0.286,4,0,False,No Significativo
7703,1.3891477286918885,0.001,1,1,True,HH (Hot Spot)
7704,-0.001399544061294019,0.471,2,0,False,No Significativo
7705,0.012752243548546354,0.435,1,0,False,No Significativo
7706,0.007638732213017522,0.434,1,0,False,No Significativo
7707,1.0700587869227738,0.005,1,1,True,HH (Hot Spot)
7708,1.2161300408579565,0.012,3,3,True,LH (Low surrounded by High)
7709,0.2997655085139339,0.105,3,0,False,No Significativo
7710,1.382096312596494,0.006,1,1,True,HH (Hot Spot)
7711,-0.18076766999945246,0.048,4,4,True,HL (High surrounded by Low)
7712,0.07093061829501733,0.218,1,0,False,No Significativo
7713,0.21451306150068725,0.236,3,0,False,No Significativo
7714,1.9376331295727542,0.001,3,3,True,LH (Low surrounded by High)
7715,1.2518668342557082,0.037,3,3,True,LH (Low surrounded by High)
7716,0.18054350053879561,0.109,3,0,False,No Significativo
7717,0.20716530048362725,0.169,3,0,False,No Significativo
7718,0.40041777143562346,0.08,3,0,False,No Significativo
7719,2.5383830043080255,0.002,3,3,True,LH (Low surrounded by High)
7720,0.21566190093222282,0.234,3,0,False,No Significativo
7721,0.7680294461847273,0.008,1,1,True,HH (Hot Spot)
7722,1.6979909717885582,0.005,1,1,True,HH (Hot Spot)
7723,-0.0806352307000718,0.422,4,0,False,No Significativo
7724,0.1951817145093962,0.229,3,0,False,No Significativo
7725,0.24291100233174706,0.059,3,0,False,No Significativo
7726,0.9284828109306009,0.005,1,1,True,HH (Hot Spot)
7727,0.0049330327720826786,0.438,1,0,False,No Significativo
7728,0.4312802124926178,0.01,3,3,True,LH (Low surrounded by High)
7729,0.8726363369200262,0.006,1,1,True,HH (Hot Spot)
7730,0.39541060204651224,0.094,1,0,False,No Significativo
7731,0.20848418226275053,0.194,3,0,False,No Significativo
7732,0.0047712163524457375,0.179,1,0,False,No Significativo
7733,0.381422157791774,0.095,1,0,False,No Significativo
7734,0.02589316929275328,0.296,1,0,False,No Significativo
7735,1.0374227865683054,0.008,1,1,True,HH (Hot Spot)
7736,1.0528186546922789,0.028,3,3,True,LH (Low surrounded by High)
7737,0.12686023453199533,0.219,1,0,False,No Significativo
7738,0.015193082328402337,0.292,3,0,False,No Significativo
7739,1.8348945743236846,0.002,3,3,True,LH (Low surrounded by High)
7740,-0.00581171995522277,0.495,4,0,False,No Significativo
7741,1.3456599765654533,0.008,1,1,True,HH (Hot Spot)
7742,0.06443093983003852,0.285,1,0,False,No Significativo
7743,0.47386508920539255,0.018,1,1,True,HH (Hot Spot)
7744,0.04459424290415156,0.435,1,0,False,No Significativo
7745,0.7502529238994569,0.001,1,1,True,HH (Hot Spot)
7746,1.4022848419478535,0.009,3,3,True,LH (Low surrounded by High)
7747,-0.04270565249484799,0.362,2,0,False,No Significativo
7748,-0.020299477582114568,0.467,4,0,False,No Significativo
7749,2.5965668595269706,0.001,3,3,True,LH (Low surrounded by High)
7750,0.9803359227957191,0.034,3,3,True,LH (Low surrounded by High)
7751,1.3483254228689903,0.004,1,1,True,HH (Hot Spot)
7752,0.06284159519317828,0.344,1,0,False,No Significativo
7753,0.7185788341979651,0.024,1,1,True,HH (Hot Spot)
7754,0.5527357377450269,0.081,3,0,False,No Significativo
7755,-0.01230905645977077,0.458,2,0,False,No Significativo
7756,0.0816255498430736,0.33,1,0,False,No Significativo
7757,1.4405987247017018,0.003,1,1,True,HH (Hot Spot)
7758,5.642812464910157,0.001,1,1,True,HH (Hot Spot)
7759,0.5468353759241749,0.006,1,1,True,HH (Hot Spot)
7760,0.0009902865695439987,0.482,3,0,False,No Significativo
7761,0.47765773965962255,0.098,3,0,False,No Significativo
7762,0.5689873358455766,0.01,1,1,True,HH (Hot Spot)
7763,2.3398258080235053,0.001,3,3,True,LH (Low surrounded by High)
7764,0.09180898426608894,0.247,1,0,False,No Significativo
7765,0.7838904118175485,0.197,3,0,False,No Significativo
7766,0.19235080287206036,0.151,3,0,False,No Significativo
7767,0.7325987139834971,0.005,1,1,True,HH (Hot Spot)
7768,1.4487155093876565,0.005,3,3,True,LH (Low surrounded by High)
7769,0.03254643349427082,0.202,1,0,False,No Significativo
7770,0.06638367810993172,0.375,1,0,False,No Significativo
7771,0.6656470631654772,0.025,1,1,True,HH (Hot Spot)
7772,0.43755334066004253,0.072,1,0,False,No Significativo
7773,0.04865266365542672,0.283,3,0,False,No Significativo
7774,1.6196066535087148,0.001,1,1,True,HH (Hot Spot)
7775,-0.0032942200914068695,0.462,2,0,False,No Significativo
7776,0.10520598428151398,0.205,1,0,False,No Significativo
7777,0.7830311552183197,0.025,1,1,True,HH (Hot Spot)
7778,0.11708373996396605,0.32,3,0,False,No Significativo
7779,0.954425395848809,0.004,1,1,True,HH (Hot Spot)
7780,-1.1941817697553336,0.007,4,4,True,HL (High surrounded by Low)
7781,-0.08502551072026025,0.134,4,0,False,No Significativo
7782,0.14675122514842806,0.062,1,0,False,No Significativo
7783,0.7339597488523469,0.013,1,1,True,HH (Hot Spot)
7784,0.010843342123581741,0.382,1,0,False,No Significativo
7785,0.1215330423451015,0.273,1,0,False,No Significativo
7786,0.3367597723267113,0.082,3,0,False,No Significativo
7787,0.842148537313863,0.048,3,3,True,LH (Low surrounded by High)
7788,0.03841336704396672,0.363,3,0,False,No Significativo
7789,0.9800224996628429,0.009,3,3,True,LH (Low surrounded by High)
7790,0.053088767625492604,0.027,1,1,True,HH (Hot Spot)
7791,2.69347205350827,0.001,3,3,True,LH (Low surrounded by High)
7792,0.06589208264752129,0.422,1,0,False,No Significativo
7793,2.8867453447309273,0.001,3,3,True,LH (Low surrounded by High)
7794,0.040682106840051274,0.114,1,0,False,No Significativo
7795,2.67299225110312,0.002,3,3,True,LH (Low surrounded by High)
7796,0.5364558387449891,0.061,3,0,False,No Significativo
7797,0.2977403750794827,0.218,1,0,False,No Significativo
7798,1.076056452500421,0.008,3,3,True,LH (Low surrounded by High)
7799,0.1863804213521732,0.102,1,0,False,No Significativo
7800,0.14535239464611355,0.258,1,0,False,No Significativo
7801,1.2141038189716449,0.004,1,1,True,HH (Hot Spot)
7802,0.7889931603806322,0.005,1,1,True,HH (Hot Spot)
7803,1.3861281965871635,0.018,3,3,True,LH (Low surrounded by High)
7804,0.00535760478695603,0.465,3,0,False,No Significativo
7805,0.5854202279985352,0.005,1,1,True,HH (Hot Spot)
7806,0.5099628518796726,0.048,1,1,True,HH (Hot Spot)
7807,0.008741501683128787,0.432,1,0,False,No Significativo
7808,1.1501941369688846,0.03,1,1,True,HH (Hot Spot)
7809,-0.011186753932732902,0.334,4,0,False,No Significativo
7810,1.6947237412803835,0.001,1,1,True,HH (Hot Spot)
7811,0.03219977287015847,0.347,1,0,False,No Significativo
7812,0.10398221659626496,0.14,3,0,False,No Significativo
7813,3.2440467018440162,0.001,3,3,True,LH (Low surrounded by High)
7814,0.009324466500042055,0.432,1,0,False,No Significativo
7815,4.3136948535765764,0.001,3,3,True,LH (Low surrounded by High)
7816,0.38752543134414275,0.044,1,1,True,HH (Hot Spot)
7817,-0.03387462295109072,0.393,2,0,False,No Significativo
7818,0.23400732147481348,0.304,1,0,False,No Significativo
7819,0.31064589852270996,0.081,3,0,False,No Significativo
7820,0.6984636212423915,0.014,3,3,True,LH (Low surrounded by High)
7821,0.02323187600546156,0.356,1,0,False,No Significativo
7822,0.1679330437583115,0.212,3,0,False,No Significativo
7823,-0.5800975675652584,0.033,4,4,True,HL (High surrounded by Low)
7824,0.037013190831019754,0.406,3,0,False,No Significativo
7825,2.1962979708047814,0.007,3,3,True,LH (Low surrounded by High)
7826,0.6524161733379331,0.021,1,1,True,HH (Hot Spot)
7827,1.5202342905207826,0.005,3,3,True,LH (Low surrounded by High)
7828,4.47924391076617,0.001,3,3,True,LH (Low surrounded by High)
7829,0.3759634840697043,0.058,1,0,False,No Significativo
7830,0.3778264203992785,0.003,1,1,True,HH (Hot Spot)
7831,0.6785710638042534,0.037,3,3,True,LH (Low surrounded by High)
7832,0.48887667194218126,0.035,1,1,True,HH (Hot Spot)
7833,-0.031999191433687964,0.32,4,0,False,No Significativo
7834,1.760175325470994,0.009,3,3,True,LH (Low surrounded by High)
7835,-0.16437271102541356,0.259,2,0,False,No Significativo
7836,0.8821614767640847,0.01,1,1,True,HH (Hot Spot)
7837,0.426627137583239,0.058,1,0,False,No Significativo
7838,5.025979988032969,0.001,3,3,True,LH (Low surrounded by High)
7839,0.35750310451287654,0.055,1,0,False,No Significativo
7840,-0.0006423627989968267,0.409,4,0,False,No Significativo
7841,0.06314779351514188,0.317,1,0,False,No Significativo
7842,2.9772930233183796,0.001,3,3,True,LH (Low surrounded by High)
7843,0.37168022507834136,0.124,1,0,False,No Significativo
7844,0.10885977047908818,0.248,1,0,False,No Significativo
7845,0.053635609825264746,0.206,1,0,False,No Significativo
7846,0.05735425177765482,0.202,1,0,False,No Significativo
7847,0.03389586552871804,0.233,3,0,False,No Significativo
7848,1.1031994164618908,0.011,1,1,True,HH (Hot Spot)
7849,0.49954977712281057,0.025,1,1,True,HH (Hot Spot)
7850,0.771145587900435,0.017,1,1,True,HH (Hot Spot)
7851,1.839601519918955,0.003,1,1,True,HH (Hot Spot)
7852,0.5505074630053455,0.036,3,3,True,LH (Low surrounded by High)
7853,0.540874556873109,0.031,1,1,True,HH (Hot Spot)
7854,0.011290303443218875,0.059,3,0,False,No Significativo
7855,2.324291495280474,0.001,3,3,True,LH (Low surrounded by High)
7856,0.2876517397210976,0.034,3,3,True,LH (Low surrounded by High)
7857,0.8846061779482409,0.016,1,1,True,HH (Hot Spot)
7858,1.9792766333363023,0.004,1,1,True,HH (Hot Spot)
7859,-0.10798061418058845,0.135,4,0,False,No Significativo
7860,0.04512193809206255,0.363,3,0,False,No Significativo
7861,1.1691937927246665,0.031,3,3,True,LH (Low surrounded by High)
7862,0.0002071793393540993,0.488,3,0,False,No Significativo
7863,0.025410697045333865,0.214,1,0,False,No Significativo
7864,0.6211184571695476,0.064,1,0,False,No Significativo
7865,0.24284874848224441,0.098,3,0,False,No Significativo
7866,2.3319202634665857,0.002,3,3,True,LH (Low surrounded by High)
7867,0.019731104021694777,0.228,3,0,False,No Significativo
7868,0.5727960686557738,0.016,1,1,True,HH (Hot Spot)
7869,2.3612918844565813,0.004,3,3,True,LH (Low surrounded by High)
7870,1.4133976082345774,0.005,1,1,True,HH (Hot Spot)
7871,0.02104957434098078,0.453,1,0,False,No Significativo
7872,0.49445368552632457,0.09,3,0,False,No Significativo
7873,0.1488444532053979,0.198,1,0,False,No Significativo
7874,1.4251174983123804,0.009,3,3,True,LH (Low surrounded by High)
7875,0.0374440689386633,0.212,1,0,False,No Significativo
7876,-0.0011340800392610274,0.478,2,0,False,No Significativo
7877,1.154400082141949,0.005,3,3,True,LH (Low surrounded by High)
7878,0.4573794022515755,0.17,1,0,False,No Significativo
7879,0.09227240837471941,0.241,3,0,False,No Significativo
7880,2.0632868725992033,0.007,3,3,True,LH (Low surrounded by High)
7881,-0.004984542032466275,0.424,4,0,False,No Significativo
7882,0.9639388026698029,0.032,1,1,True,HH (Hot Spot)
7883,1.451231533768635,0.001,1,1,True,HH (Hot Spot)
7884,1.0581676479484232,0.012,1,1,True,HH (Hot Spot)
7885,0.05572554774070649,0.184,3,0,False,No Significativo
7886,1.9969938473188287,0.001,1,1,True,HH (Hot Spot)
7887,0.034840634099086484,0.423,1,0,False,No Significativo
7888,0.3808942470228526,0.017,3,3,True,LH (Low surrounded by High)
7889,0.7479409095017236,0.021,1,1,True,HH (Hot Spot)
7890,0.19583282871765104,0.066,1,0,False,No Significativo
7891,-0.012053443080347889,0.465,2,0,False,No Significativo
7892,0.28692029799556545,0.038,1,1,True,HH (Hot Spot)
7893,1.539278473498991,0.002,3,3,True,LH (Low surrounded by High)
7894,0.05265018090867203,0.378,3,0,False,No Significativo
7895,0.7504860282547525,0.028,1,1,True,HH (Hot Spot)
7896,0.007906981941411751,0.387,1,0,False,No Significativo
7897,0.09021904633418935,0.056,1,0,False,No Significativo
7898,2.0358835870964014,0.001,1,1,True,HH (Hot Spot)
7899,0.19284728216570274,0.225,3,0,False,No Significativo
7900,0.734705407493836,0.038,3,3,True,LH (Low surrounded by High)
7901,-0.042934096241163726,0.455,4,0,False,No Significativo
7902,0.5598065071720723,0.129,3,0,False,No Significativo
7903,-0.012283160130793539,0.319,2,0,False,No Significativo
7904,0.22437603125800631,0.084,3,0,False,No Significativo
7905,1.5340548116647177,0.012,1,1,True,HH (Hot Spot)
7906,0.4969719510469159,0.222,3,0,False,No Significativo
7907,0.9374063886772511,0.034,3,3,True,LH (Low surrounded by High)
7908,0.3256772827051449,0.098,3,0,False,No Significativo
7909,0.005066289869411758,0.276,3,0,False,No Significativo
7910,0.23488204575694316,0.177,1,0,False,No Significativo
7911,0.11967163787071641,0.268,1,0,False,No Significativo
7912,0.40123357125291104,0.073,1,0,False,No Significativo
7913,0.5518763264152369,0.03,1,1,True,HH (Hot Spot)
7914,2.0706671821140783,0.001,1,1,True,HH (Hot Spot)
7915,0.10883608197480131,0.091,3,0,False,No Significativo
7916,-0.010308034994819599,0.124,2,0,False,No Significativo
7917,0.1284917193413689,0.105,3,0,False,No Significativo
7918,-0.25517974596635046,0.122,2,0,False,No Significativo
7919,0.375682938884461,0.058,1,0,False,No Significativo
7920,0.31151892794315417,0.104,1,0,False,No Significativo
7921,0.3498545013013595,0.001,1,1,True,HH (Hot Spot)
7922,0.8526801421901044,0.019,1,1,True,HH (Hot Spot)
7923,0.2818600383231379,0.257,1,0,False,No Significativo
7924,0.16225910755597212,0.332,1,0,False,No Significativo
7925,0.09605023762763854,0.032,1,1,True,HH (Hot Spot)
7926,0.07356623628891684,0.33,3,0,False,No Significativo
7927,4.088184786248566,0.001,3,3,True,LH (Low surrounded by High)
7928,0.05930992591734275,0.319,3,0,False,No Significativo
7929,0.007433287030032961,0.438,1,0,False,No Significativo
7930,0.0262490331280141,0.308,3,0,False,No Significativo
7931,1.1214837671952995,0.013,1,1,True,HH (Hot Spot)
7932,4.071415588632185,0.001,3,3,True,LH (Low surrounded by High)
7933,1.0607839236857388,0.022,3,3,True,LH (Low surrounded by High)
7934,0.07195431428482141,0.354,1,0,False,No Significativo
7935,0.27845935646594266,0.084,3,0,False,No Significativo
7936,-0.2219908620451008,0.018,4,4,True,HL (High surrounded by Low)
7937,-0.04664356924568562,0.17,2,0,False,No Significativo
7938,-0.0007433426541997467,0.487,4,0,False,No Significativo
7939,-0.00029631542312674345,0.476,2,0,False,No Significativo
7940,3.3207148174843772,0.001,1,1,True,HH (Hot Spot)
7941,0.11775706771835241,0.343,1,0,False,No Significativo
7942,1.2904811091343082,0.004,3,3,True,LH (Low surrounded by High)
7943,0.37637063596500353,0.108,3,0,False,No Significativo
7944,1.872623045044676,0.004,3,3,True,LH (Low surrounded by High)
7945,0.666515812325715,0.037,3,3,True,LH (Low surrounded by High)
7946,0.7827969591425806,0.008,1,1,True,HH (Hot Spot)
7947,0.4616794324319658,0.039,1,1,True,HH (Hot Spot)
7948,0.17606772015602135,0.169,1,0,False,No Significativo
7949,1.9765118561365547,0.014,1,1,True,HH (Hot Spot)
7950,0.3839535173455113,0.133,3,0,False,No Significativo
7951,0.008571557742747692,0.383,3,0,False,No Significativo
7952,0.6706119383181941,0.123,3,0,False,No Significativo
7953,0.033280935826623115,0.065,3,0,False,No Significativo
7954,2.061974405406817,0.001,1,1,True,HH (Hot Spot)
7955,0.5129527934791077,0.037,3,3,True,LH (Low surrounded by High)
7956,0.3382647996691159,0.013,1,1,True,HH (Hot Spot)
7957,1.290094823003471,0.008,1,1,True,HH (Hot Spot)
7958,0.21145091156765725,0.216,3,0,False,No Significativo
7959,0.14788026735069829,0.302,1,0,False,No Significativo
7960,1.860903610720326,0.002,3,3,True,LH (Low surrounded by High)
7961,0.6129069576613706,0.006,1,1,True,HH (Hot Spot)
7962,0.10301882681806228,0.284,3,0,False,No Significativo
7963,0.6426489720221854,0.007,3,3,True,LH (Low surrounded by High)
7964,0.2811739410750665,0.245,1,0,False,No Significativo
7965,0.04698101826224796,0.348,3,0,False,No Significativo
7966,-0.2615216609753485,0.039,4,4,True,HL (High surrounded by Low)
7967,0.7893922334558015,0.013,1,1,True,HH (Hot Spot)
7968,2.7449863789150384,0.001,1,1,True,HH (Hot Spot)
7969,0.027745705351710538,0.422,3,0,False,No Significativo
7970,1.3876261637963894,0.005,3,3,True,LH (Low surrounded by High)
7971,1.470676132510149,0.007,3,3,True,LH (Low surrounded by High)
7972,0.035382084482600745,0.424,1,0,False,No Significativo
7973,0.4414324946183486,0.061,1,0,False,No Significativo
7974,2.3162446188893133,0.001,3,3,True,LH (Low surrounded by High)
7975,0.18108238561736795,0.047,3,3,True,LH (Low surrounded by High)
7976,0.9672649637012543,0.017,1,1,True,HH (Hot Spot)
7977,0.059627590299706025,0.34,1,0,False,No Significativo
7978,1.0191361139457202,0.008,1,1,True,HH (Hot Spot)
7979,2.059970364880279,0.002,3,3,True,LH (Low surrounded by High)
7980,0.07381549863006032,0.252,3,0,False,No Significativo
7981,0.04732526256007505,0.222,1,0,False,No Significativo
7982,1.242759526811712,0.013,1,1,True,HH (Hot Spot)
7983,0.5101935780521966,0.058,1,0,False,No Significativo
7984,-0.03508555415122806,0.292,2,0,False,No Significativo
7985,1.2197976364393115,0.004,1,1,True,HH (Hot Spot)
7986,0.5024393542828492,0.028,3,3,True,LH (Low surrounded by High)
7987,-0.037669829852154155,0.334,2,0,False,No Significativo
7988,-0.07978025753052055,0.321,4,0,False,No Significativo
7989,1.563267854281198,0.062,1,0,False,No Significativo
7990,1.110173404544662,0.004,3,3,True,LH (Low surrounded by High)
7991,1.4236108589109058,0.011,3,3,True,LH (Low surrounded by High)
7992,0.06976466659564416,0.399,3,0,False,No Significativo
7993,1.3517876548694425,0.014,1,1,True,HH (Hot Spot)
7994,0.34215854992544853,0.092,1,0,False,No Significativo
7995,1.160510527851679,0.016,1,1,True,HH (Hot Spot)
7996,2.006041000266066,0.001,1,1,True,HH (Hot Spot)
7997,1.2502454396399159,0.001,1,1,True,HH (Hot Spot)
7998,0.41540368168673214,0.021,3,3,True,LH (Low surrounded by High)
7999,0.18847370112800377,0.088,1,0,False,No Significativo
8000,0.08666225660570888,0.128,1,0,False,No Significativo
8001,1.6084811217040447,0.005,1,1,True,HH (Hot Spot)
8002,0.9420179048210264,0.081,1,0,False,No Significativo
8003,0.05176261724819167,0.456,3,0,False,No Significativo
8004,0.46303386950397885,0.021,1,1,True,HH (Hot Spot)
8005,0.13450166164679378,0.311,3,0,False,No Significativo
8006,0.4603289157737712,0.067,1,0,False,No Significativo
8007,1.826587132844021,0.001,1,1,True,HH (Hot Spot)
8008,0.0868435383332234,0.378,3,0,False,No Significativo
8009,0.9674922988427186,0.032,3,3,True,LH (Low surrounded by High)
8010,0.3402696580903328,0.115,3,0,False,No Significativo
8011,-0.03346884931390803,0.165,4,0,False,No Significativo
8012,0.7414515740308127,0.016,3,3,True,LH (Low surrounded by High)
8013,0.15999133829614542,0.135,1,0,False,No Significativo
8014,0.3498432681091884,0.199,3,0,False,No Significativo
8015,1.2272130682325089,0.027,3,3,True,LH (Low surrounded by High)
8016,-0.05643782975392763,0.303,2,0,False,No Significativo
8017,2.0792532424445667,0.001,3,3,True,LH (Low surrounded by High)
8018,-0.017002096246287304,0.45,4,0,False,No Significativo
8019,2.0944950654398546,0.004,3,3,True,LH (Low surrounded by High)
8020,0.48824337448804384,0.091,3,0,False,No Significativo
8021,1.0306491015501003,0.023,1,1,True,HH (Hot Spot)
8022,0.6717546671570327,0.004,3,3,True,LH (Low surrounded by High)
8023,0.5330949835570837,0.048,1,1,True,HH (Hot Spot)
8024,0.016622537809149778,0.454,3,0,False,No Significativo
8025,0.9161054507377301,0.019,1,1,True,HH (Hot Spot)
8026,0.23172340540213995,0.059,1,0,False,No Significativo
8027,0.019736709780799045,0.456,3,0,False,No Significativo
8028,-0.0437798094875153,0.125,4,0,False,No Significativo
8029,0.1026142171776811,0.164,3,0,False,No Significativo
8030,0.3208628777836582,0.068,1,0,False,No Significativo
8031,0.43118709722034976,0.095,1,0,False,No Significativo
8032,1.0155063108548275,0.089,3,0,False,No Significativo
8033,3.057361809864889,0.004,3,3,True,LH (Low surrounded by High)
8034,-0.03755027034848087,0.43,4,0,False,No Significativo
8035,1.3459213569323485,0.001,1,1,True,HH (Hot Spot)
8036,0.13161683461968213,0.176,1,0,False,No Significativo
8037,2.488616564625394,0.001,3,3,True,LH (Low surrounded by High)
8038,0.43633282464794476,0.097,3,0,False,No Significativo
8039,5.177732495196917,0.001,3,3,True,LH (Low surrounded by High)
8040,0.601331040669542,0.063,3,0,False,No Significativo
8041,-0.022183073767768013,0.232,2,0,False,No Significativo
8042,0.03920657293794677,0.427,1,0,False,No Significativo
8043,0.026039890715354196,0.425,1,0,False,No Significativo
8044,0.1728873646151578,0.104,3,0,False,No Significativo
8045,0.5103248894952874,0.008,3,3,True,LH (Low surrounded by High)
8046,0.2204404279404262,0.078,3,0,False,No Significativo
8047,0.45825552011415843,0.057,3,0,False,No Significativo
8048,0.04717500387977694,0.072,3,0,False,No Significativo
8049,0.019216695822028323,0.384,1,0,False,No Significativo
8050,0.6113771945104547,0.026,1,1,True,HH (Hot Spot)
8051,0.3652536336726452,0.072,3,0,False,No Significativo
8052,0.47502821959050545,0.025,1,1,True,HH (Hot Spot)
8053,2.1532191797007076,0.004,3,3,True,LH (Low surrounded by High)
8054,4.483098142003643,0.001,3,3,True,LH (Low surrounded by High)
8055,1.056963539547344,0.005,1,1,True,HH (Hot Spot)
8056,1.505205015342949,0.007,1,1,True,HH (Hot Spot)
8057,-0.14685499749889946,0.439,4,0,False,No Significativo
8058,0.21289939930600324,0.054,1,0,False,No Significativo
8059,-0.08517848863759461,0.1,2,0,False,No Significativo
8060,0.020187052961563305,0.491,3,0,False,No Significativo
8061,0.27277399670946484,0.127,3,0,False,No Significativo
8062,1.4399705093810675,0.005,1,1,True,HH (Hot Spot)
8063,0.023944329009615357,0.317,1,0,False,No Significativo
8064,3.652916670412815,0.001,3,3,True,LH (Low surrounded by High)
8065,0.2375596894151625,0.083,3,0,False,No Significativo
8066,0.09090751989237841,0.193,3,0,False,No Significativo
8067,0.01181055651363379,0.397,1,0,False,No Significativo
8068,0.37789779579204896,0.087,3,0,False,No Significativo
8069,0.04850733916435305,0.151,3,0,False,No Significativo
8070,0.006962288332451053,0.434,3,0,False,No Significativo
8071,0.33511787029883733,0.077,1,0,False,No Significativo
8072,0.07259128494448058,0.373,1,0,False,No Significativo
8073,0.4840282501616041,0.098,3,0,False,No Significativo
8074,0.5902785906041265,0.019,1,1,True,HH (Hot Spot)
8075,0.41960578578035806,0.024,1,1,True,HH (Hot Spot)
8076,-0.017168351207874674,0.274,2,0,False,No Significativo
8077,0.2336453227510729,0.199,3,0,False,No Significativo
8078,0.2520439477036732,0.001,1,1,True,HH (Hot Spot)
8079,0.34740883995433874,0.035,3,3,True,LH (Low surrounded by High)
8080,0.1390033657616742,0.382,1,0,False,No Significativo
8081,-0.008002457601085287,0.468,4,0,False,No Significativo
8082,4.265142085514396,0.001,3,3,True,LH (Low surrounded by High)
8083,0.3051921700965333,0.083,3,0,False,No Significativo
8084,1.0023772250903367,0.014,1,1,True,HH (Hot Spot)
8085,0.7535069029047915,0.038,1,1,True,HH (Hot Spot)
8087,0.26897550109622737,0.032,3,3,True,LH (Low surrounded by High)
8088,-0.03406385894030978,0.318,4,0,False,No Significativo
8089,1.3681131549238763,0.004,3,3,True,LH (Low surrounded by High)
8090,0.5562294636683496,0.064,1,0,False,No Significativo
8091,1.8082416180864758,0.002,1,1,True,HH (Hot Spot)
8092,0.05684771620048563,0.066,1,0,False,No Significativo
8093,0.2887602837430655,0.123,1,0,False,No Significativo
8094,-0.01128666272667743,0.345,2,0,False,No Significativo
8095,0.19577547114478847,0.17,3,0,False,No Significativo
8096,1.6766780166559463,0.004,3,3,True,LH (Low surrounded by High)
8097,8.518047747102735e-06,0.495,3,0,False,No Significativo
8098,0.8304071869984198,0.07,1,0,False,No Significativo
8099,1.2723812009391462,0.01,3,3,True,LH (Low surrounded by High)
8100,1.771298757968529,0.001,1,1,True,HH (Hot Spot)
8101,-0.15456015020479386,0.163,4,0,False,No Significativo
8102,0.5042800245651321,0.096,3,0,False,No Significativo
8103,0.669587168436205,0.124,1,0,False,No Significativo
8104,0.761281209695245,0.03,3,3,True,LH (Low surrounded by High)
8105,1.035025428568572,0.006,1,1,True,HH (Hot Spot)
8106,0.00037254687152066615,0.481,1,0,False,No Significativo
8107,0.6703471566300511,0.044,3,3,True,LH (Low surrounded by High)
8108,0.019515895361943546,0.17,1,0,False,No Significativo
8109,-0.09687172846296288,0.296,2,0,False,No Significativo
8110,0.2348711809620154,0.275,1,0,False,No Significativo
8111,1.2806440308219056,0.01,3,3,True,LH (Low surrounded by High)
8112,-0.155558791477986,0.063,2,0,False,No Significativo
8113,0.053976552720209674,0.154,3,0,False,No Significativo
8114,0.33999627716904585,0.031,1,1,True,HH (Hot Spot)
8115,0.9868014214972103,0.003,1,1,True,HH (Hot Spot)
8116,0.9775924073225961,0.018,1,1,True,HH (Hot Spot)
8117,0.2091640635126764,0.158,3,0,False,No Significativo
8118,0.22426714332655098,0.051,1,0,False,No Significativo
8119,0.8667965509431865,0.054,1,0,False,No Significativo
8120,0.09091636812230529,0.145,1,0,False,No Significativo
8121,0.25801612658859735,0.2,1,0,False,No Significativo
8122,0.4459954670647852,0.107,1,0,False,No Significativo
8123,0.10791907767575946,0.252,3,0,False,No Significativo
8124,0.15946060125272163,0.165,1,0,False,No Significativo
8125,1.4814036432055722,0.005,3,3,True,LH (Low surrounded by High)
8126,0.051752978037142114,0.166,3,0,False,No Significativo
8127,0.07738405142519494,0.063,1,0,False,No Significativo
8128,0.02649738348068573,0.34,3,0,False,No Significativo
8129,0.37960359491685847,0.089,3,0,False,No Significativo
8130,1.9521837766338725,0.001,1,1,True,HH (Hot Spot)
8131,0.006917737568868302,0.487,3,0,False,No Significativo
8132,0.008964514445777162,0.476,3,0,False,No Significativo
8133,0.5708098328381224,0.103,3,0,False,No Significativo
8134,0.07913092300669548,0.137,3,0,False,No Significativo
8135,0.22047487480054057,0.092,1,0,False,No Significativo
8136,3.6408639693928486,0.001,3,3,True,LH (Low surrounded by High)
8137,1.3061312672420424,0.014,3,3,True,LH (Low surrounded by High)
8138,-0.04772350161652542,0.281,4,0,False,No Significativo
8139,1.6226988638953932,0.001,3,3,True,LH (Low surrounded by High)
8140,0.037643499601166336,0.285,3,0,False,No Significativo
8141,0.7907662596447531,0.03,3,3,True,LH (Low surrounded by High)
8142,0.554224504029058,0.097,1,0,False,No Significativo
8143,0.11368925964669131,0.107,1,0,False,No Significativo
8144,0.8578469787466118,0.008,1,1,True,HH (Hot Spot)
8145,0.5489087118874876,0.001,1,1,True,HH (Hot Spot)
8146,0.42713381034069325,0.088,3,0,False,No Significativo
8147,0.49488351984070217,0.077,1,0,False,No Significativo
8148,0.809775418177651,0.113,1,0,False,No Significativo
8149,2.347356229919038,0.001,1,1,True,HH (Hot Spot)
8150,0.44353149070776765,0.029,1,1,True,HH (Hot Spot)
8151,0.5890276814953034,0.09,1,0,False,No Significativo
8152,0.46233121357806467,0.029,1,1,True,HH (Hot Spot)
8153,4.828412271645403,0.001,1,1,True,HH (Hot Spot)
8154,-0.02547949007420058,0.297,2,0,False,No Significativo
8155,0.31528543652835533,0.108,3,0,False,No Significativo
8156,1.074033510965864,0.001,1,1,True,HH (Hot Spot)
8157,0.6072114816422404,0.019,3,3,True,LH (Low surrounded by High)
8158,4.984678048539069,0.001,3,3,True,LH (Low surrounded by High)
8159,-0.1254295340431679,0.275,2,0,False,No Significativo
8160,0.0004206254500409112,0.471,3,0,False,No Significativo
8161,0.06024076090976454,0.169,3,0,False,No Significativo
8162,0.2816230019604274,0.005,1,1,True,HH (Hot Spot)
8163,0.20560254895195798,0.336,1,0,False,No Significativo
8164,0.38292807418979075,0.077,3,0,False,No Significativo
8165,1.070436833156101,0.012,1,1,True,HH (Hot Spot)
8166,0.7362623739695534,0.016,3,3,True,LH (Low surrounded by High)
8167,0.11051556673250951,0.062,3,0,False,No Significativo
8168,0.18026173334556433,0.2,1,0,False,No Significativo
8169,0.24748525148253753,0.269,3,0,False,No Significativo
8170,0.004874938640173896,0.375,1,0,False,No Significativo
8171,2.281367394964126,0.001,1,1,True,HH (Hot Spot)
8172,-0.01613119513138534,0.278,4,0,False,No Significativo
8173,2.0638742866285034,0.003,3,3,True,LH (Low surrounded by High)
8174,1.4252745074681967,0.004,3,3,True,LH (Low surrounded by High)
8175,0.10738010732581091,0.103,1,0,False,No Significativo
8176,0.14356230946789506,0.123,3,0,False,No Significativo
8177,0.3144372054182741,0.051,3,0,False,No Significativo
8178,0.99044164739435,0.003,1,1,True,HH (Hot Spot)
8179,0.7219572177735469,0.001,1,1,True,HH (Hot Spot)
8180,-0.07119836110874427,0.1,2,0,False,No Significativo
8181,0.3889980503566541,0.08,1,0,False,No Significativo
8182,0.8724704305690264,0.081,3,0,False,No Significativo
8183,1.7476430725710521,0.016,3,3,True,LH (Low surrounded by High)
8184,0.29143687333147805,0.108,3,0,False,No Significativo
8185,0.23873266469959187,0.043,3,3,True,LH (Low surrounded by High)
8186,2.3071562496219022,0.001,1,1,True,HH (Hot Spot)
8187,-0.03760670341069996,0.276,2,0,False,No Significativo
8188,1.1649594644335444,0.012,3,3,True,LH (Low surrounded by High)
8189,2.8494428930021223,0.001,1,1,True,HH (Hot Spot)
8190,0.5726851671094711,0.04,1,1,True,HH (Hot Spot)
8191,0.17532450997821752,0.233,3,0,False,No Significativo
8192,3.5434544111095296,0.001,3,3,True,LH (Low surrounded by High)
8193,0.5029630287660989,0.017,1,1,True,HH (Hot Spot)
8194,0.7316957903030503,0.029,1,1,True,HH (Hot Spot)
8195,0.3142469564176589,0.034,3,3,True,LH (Low surrounded by High)
8196,-0.001459462699058214,0.477,2,0,False,No Significativo
8197,-0.028161813963097176,0.372,2,0,False,No Significativo
8198,0.6362365304207216,0.003,1,1,True,HH (Hot Spot)
8199,0.5581858138126515,0.014,1,1,True,HH (Hot Spot)
8200,2.231600731088733,0.001,1,1,True,HH (Hot Spot)
8201,0.12380591048795404,0.106,3,0,False,No Significativo
8202,2.680696185151469,0.001,1,1,True,HH (Hot Spot)
8203,0.35349474523308627,0.015,3,3,True,LH (Low surrounded by High)
8204,0.8330141472161616,0.03,3,3,True,LH (Low surrounded by High)
8205,0.19953983924609367,0.108,1,0,False,No Significativo
8206,0.15791212703956362,0.301,1,0,False,No Significativo
8207,2.167698289385614,0.001,3,3,True,LH (Low surrounded by High)
8208,0.2825366288959518,0.141,3,0,False,No Significativo
8209,1.2263622351217824,0.001,1,1,True,HH (Hot Spot)
8210,-0.1982594502047676,0.161,2,0,False,No Significativo
8211,-0.038332955004751326,0.073,2,0,False,No Significativo
8212,1.3792903428702945,0.018,3,3,True,LH (Low surrounded by High)
8213,0.046521278831924216,0.445,3,0,False,No Significativo
8214,0.5354753094102441,0.248,3,0,False,No Significativo
8215,0.051865282450965916,0.304,1,0,False,No Significativo
8216,5.121230262621117,0.001,1,1,True,HH (Hot Spot)
8217,1.4235671866718376,0.004,1,1,True,HH (Hot Spot)
8218,-0.0002556785728812925,0.479,2,0,False,No Significativo
8219,1.3637531017848838,0.015,3,3,True,LH (Low surrounded by High)
8220,1.5412977740784415,0.008,3,3,True,LH (Low surrounded by High)
8221,1.947956751992622,0.008,1,1,True,HH (Hot Spot)
8222,0.35305217919308074,0.197,1,0,False,No Significativo
8223,0.013356579078916523,0.172,3,0,False,No Significativo
8224,-0.10659976094258215,0.147,2,0,False,No Significativo
8225,1.2184091887729598,0.015,3,3,True,LH (Low surrounded by High)
8226,1.2026936752636435,0.005,3,3,True,LH (Low surrounded by High)
8227,-0.06857820201609591,0.064,2,0,False,No Significativo
8228,0.1586582155609434,0.142,1,0,False,No Significativo
8229,1.4990104274961638,0.029,1,1,True,HH (Hot Spot)
8230,0.04776470561477769,0.418,1,0,False,No Significativo
8231,2.2262170111106863,0.001,1,1,True,HH (Hot Spot)
8232,1.9064153637787167,0.001,1,1,True,HH (Hot Spot)
8233,2.0283613149421513,0.001,1,1,True,HH (Hot Spot)
8234,0.7519737926121353,0.033,3,3,True,LH (Low surrounded by High)
8235,0.04721322758501967,0.378,3,0,False,No Significativo
8236,0.0923808811229675,0.162,1,0,False,No Significativo
8237,1.3273718200834312,0.006,3,3,True,LH (Low surrounded by High)
8238,0.6304112807920211,0.001,1,1,True,HH (Hot Spot)
8239,0.9180511210335229,0.001,1,1,True,HH (Hot Spot)
8240,0.17863921891951368,0.191,3,0,False,No Significativo
8241,0.7606995853407041,0.037,1,1,True,HH (Hot Spot)
8242,1.536591622840943,0.001,3,3,True,LH (Low surrounded by High)
8243,0.06705852085331727,0.121,1,0,False,No Significativo
8244,0.7628446678755285,0.001,1,1,True,HH (Hot Spot)
8245,0.046649701892074534,0.282,3,0,False,No Significativo
8246,0.44305846675033916,0.092,1,0,False,No Significativo
8247,0.08508950730842373,0.236,3,0,False,No Significativo
8248,0.03658150924304301,0.467,3,0,False,No Significativo
8249,1.2945855823476127,0.012,3,3,True,LH (Low surrounded by High)
8250,0.10383142388939284,0.213,1,0,False,No Significativo
8251,-0.08557810111812338,0.358,4,0,False,No Significativo
8252,1.0078529563142782,0.035,3,3,True,LH (Low surrounded by High)
8253,0.6756015477587001,0.02,3,3,True,LH (Low surrounded by High)
8254,2.495528453493533,0.001,3,3,True,LH (Low surrounded by High)
8255,0.5915951312480796,0.16,3,0,False,No Significativo
8256,0.32073277357957486,0.156,1,0,False,No Significativo
8257,0.021792946884307614,0.414,1,0,False,No Significativo
8258,-0.1666881969824451,0.397,2,0,False,No Significativo
8259,0.3014208201071717,0.224,1,0,False,No Significativo
8260,1.7173850067501246,0.003,1,1,True,HH (Hot Spot)
8261,0.25270023986158485,0.034,3,3,True,LH (Low surrounded by High)
8262,-0.1668827534968942,0.075,2,0,False,No Significativo
8263,4.236137880316258,0.001,1,1,True,HH (Hot Spot)
8264,-0.07853821781114545,0.175,4,0,False,No Significativo
8265,-0.0012734495735573094,0.347,4,0,False,No Significativo
8266,-0.1373416045431266,0.182,4,0,False,No Significativo
8267,1.5220509266862845,0.001,1,1,True,HH (Hot Spot)
8268,0.18430341448578316,0.019,1,1,True,HH (Hot Spot)
8269,0.5907334945440812,0.106,3,0,False,No Significativo
8270,0.4575186685478493,0.057,1,0,False,No Significativo
8271,1.3707386781080848,0.005,1,1,True,HH (Hot Spot)
8272,0.03137359606288702,0.444,1,0,False,No Significativo
8273,0.018918926313563105,0.144,3,0,False,No Significativo
8274,3.5867159916212716,0.001,3,3,True,LH (Low surrounded by High)
8275,0.16066302049041625,0.142,3,0,False,No Significativo
8276,0.7949530477302339,0.026,1,1,True,HH (Hot Spot)
8277,0.16560841816456032,0.28,1,0,False,No Significativo
8278,-0.07121052629279591,0.335,2,0,False,No Significativo
8279,0.2770942627448963,0.144,3,0,False,No Significativo
8280,-0.38610043635624686,0.089,4,0,False,No Significativo
8281,0.6921095781318573,0.031,3,3,True,LH (Low surrounded by High)
8282,0.09051823880735967,0.172,3,0,False,No Significativo
8283,1.02235407893657,0.032,3,3,True,LH (Low surrounded by High)
8284,2.1680876685303927,0.002,3,3,True,LH (Low surrounded by High)
8285,0.2435990980849977,0.27,1,0,False,No Significativo
8286,0.27957587583113946,0.029,1,1,True,HH (Hot Spot)
8287,1.0263790927864591,0.049,3,3,True,LH (Low surrounded by High)
8288,0.5289331881683288,0.072,1,0,False,No Significativo
8289,-0.022489110872998284,0.031,4,4,True,HL (High surrounded by Low)
8290,4.830876089905602,0.001,3,3,True,LH (Low surrounded by High)
8291,0.5262820641029365,0.015,1,1,True,HH (Hot Spot)
8292,0.9231716919015847,0.044,1,1,True,HH (Hot Spot)
8293,-0.01818549731037848,0.439,4,0,False,No Significativo
8294,2.7981174254760144,0.003,3,3,True,LH (Low surrounded by High)
8295,1.4549371769871957,0.006,1,1,True,HH (Hot Spot)
8296,0.032859658257669774,0.364,3,0,False,No Significativo
8297,0.48589433924718767,0.086,3,0,False,No Significativo
8298,0.5129687022266579,0.087,3,0,False,No Significativo
8299,0.911590047660466,0.025,1,1,True,HH (Hot Spot)
8300,0.5797575738803855,0.004,1,1,True,HH (Hot Spot)
8301,0.08599102914832484,0.051,1,0,False,No Significativo
8302,4.890721252477013,0.001,3,3,True,LH (Low surrounded by High)
8303,0.4757733366625148,0.03,3,3,True,LH (Low surrounded by High)
8304,0.10894666171046337,0.229,1,0,False,No Significativo
8305,0.000642730750007845,0.485,3,0,False,No Significativo
8306,0.2330231580063446,0.099,1,0,False,No Significativo
8307,-0.09767546588768,0.241,4,0,False,No Significativo
8308,1.8539798125660396,0.005,3,3,True,LH (Low surrounded by High)
8309,0.006537929051151384,0.365,1,0,False,No Significativo
8310,-0.01302444030357904,0.447,4,0,False,No Significativo
8311,0.028707936847444163,0.456,3,0,False,No Significativo
8312,0.1913504329421875,0.251,3,0,False,No Significativo
8313,0.4836010016821381,0.027,1,1,True,HH (Hot Spot)
8314,0.06166427136689943,0.281,3,0,False,No Significativo
8315,-0.005191333019078668,0.333,4,0,False,No Significativo
8316,0.06525138782716938,0.29,3,0,False,No Significativo
8317,0.948424037581799,0.004,1,1,True,HH (Hot Spot)
8318,1.5996162116252768,0.003,1,1,True,HH (Hot Spot)
8319,2.1019795803330115,0.001,3,3,True,LH (Low surrounded by High)
8320,0.45056832240777817,0.149,1,0,False,No Significativo
8321,-0.05200446890233512,0.391,2,0,False,No Significativo
8322,0.05008771973482537,0.297,3,0,False,No Significativo
8323,0.7506373846291194,0.056,1,0,False,No Significativo
8324,1.5272504447890385,0.005,3,3,True,LH (Low surrounded by High)
8325,0.03673820541758158,0.217,1,0,False,No Significativo
8326,-0.14726646864419415,0.218,4,0,False,No Significativo
8327,-0.15689951982920297,0.351,4,0,False,No Significativo
8328,0.7779959683904961,0.027,1,1,True,HH (Hot Spot)
8329,-0.006382418200165482,0.493,4,0,False,No Significativo
8330,0.3733659795039085,0.019,1,1,True,HH (Hot Spot)
8331,-0.18208186409016355,0.155,4,0,False,No Significativo
8332,0.08526729565151825,0.212,3,0,False,No Significativo
8333,0.05319263830208262,0.315,1,0,False,No Significativo
8334,1.0983938485299,0.013,1,1,True,HH (Hot Spot)
8335,0.049788591348864916,0.318,1,0,False,No Significativo
8336,0.03778452906032938,0.447,3,0,False,No Significativo
8337,0.0011268794306216058,0.479,1,0,False,No Significativo
8338,0.8706139767213257,0.005,3,3,True,LH (Low surrounded by High)
8339,-0.08429633100873138,0.208,2,0,False,No Significativo
8340,0.0170097147169668,0.267,1,0,False,No Significativo
8341,0.6779738033627193,0.035,3,3,True,LH (Low surrounded by High)
8342,0.5711720027455757,0.011,1,1,True,HH (Hot Spot)
8343,0.33919479594820373,0.146,1,0,False,No Significativo
8344,0.3194275061717572,0.11,3,0,False,No Significativo
8345,0.6903670068550388,0.011,3,3,True,LH (Low surrounded by High)
8346,0.3751390188913334,0.087,1,0,False,No Significativo
8347,0.07501476331808755,0.147,3,0,False,No Significativo
8348,0.6782537421171112,0.019,1,1,True,HH (Hot Spot)
8349,1.9624530418828912,0.001,1,1,True,HH (Hot Spot)
8350,1.5679806718294353,0.001,1,1,True,HH (Hot Spot)
8351,0.952014398916337,0.003,1,1,True,HH (Hot Spot)
8352,0.08654661165261364,0.348,3,0,False,No Significativo
8353,0.08504035105384805,0.278,1,0,False,No Significativo
8354,1.2813580241952358,0.001,1,1,True,HH (Hot Spot)
8355,0.11297134170451748,0.092,1,0,False,No Significativo
8356,-0.043285508064094674,0.417,2,0,False,No Significativo
8357,0.029048142326616348,0.182,1,0,False,No Significativo
8358,0.40122180908977473,0.08,1,0,False,No Significativo
8359,0.3503846651069778,0.163,3,0,False,No Significativo
8360,0.7591877011343522,0.012,1,1,True,HH (Hot Spot)
8361,0.5782395274382875,0.064,3,0,False,No Significativo
8362,0.01924917292957913,0.304,3,0,False,No Significativo
8363,1.1138733356976194,0.001,1,1,True,HH (Hot Spot)
8364,0.1269145342680575,0.211,3,0,False,No Significativo
8365,0.0587083359637742,0.291,3,0,False,No Significativo
8366,0.5469469574297029,0.13,1,0,False,No Significativo
8367,-0.041731174170892074,0.258,4,0,False,No Significativo
8368,2.979367678231793,0.001,3,3,True,LH (Low surrounded by High)
8369,0.9011990895122712,0.015,3,3,True,LH (Low surrounded by High)
8370,2.0091506180783445,0.001,3,3,True,LH (Low surrounded by High)
8371,1.6138629771450959,0.006,3,3,True,LH (Low surrounded by High)
8373,0.45294748643372795,0.078,3,0,False,No Significativo
8374,0.4193432395683735,0.089,3,0,False,No Significativo
8375,0.3795956169401636,0.036,3,3,True,LH (Low surrounded by High)
8376,0.8379448162708892,0.014,1,1,True,HH (Hot Spot)
8377,0.15282132580199329,0.209,1,0,False,No Significativo
8378,2.1119084874590546,0.001,1,1,True,HH (Hot Spot)
8379,0.2106349478120415,0.109,3,0,False,No Significativo
8380,0.004938570053233248,0.466,1,0,False,No Significativo
8381,-1.2578906775665668,0.004,2,2,True,LL (Cold Spot)
8382,0.4733001852324446,0.033,1,1,True,HH (Hot Spot)
8383,-0.04225779648001697,0.37,2,0,False,No Significativo
8384,0.8424986619620226,0.001,1,1,True,HH (Hot Spot)
8385,5.373207405502804,0.001,1,1,True,HH (Hot Spot)
8386,-0.013068603173385637,0.16,2,0,False,No Significativo
8387,0.010816288845628436,0.466,1,0,False,No Significativo
8388,0.5589020447372587,0.004,1,1,True,HH (Hot Spot)
8389,0.44934245818261737,0.031,1,1,True,HH (Hot Spot)
8390,-0.04429361230875735,0.401,4,0,False,No Significativo
8391,2.32075460464882,0.001,3,3,True,LH (Low surrounded by High)
8392,-0.004793738782351745,0.43,2,0,False,No Significativo
8393,-0.0005819697991999158,0.474,4,0,False,No Significativo
8394,0.21268397111312864,0.126,3,0,False,No Significativo
8395,0.9490216169005748,0.005,1,1,True,HH (Hot Spot)
8396,0.19895588482667853,0.057,3,0,False,No Significativo
8397,0.5637552041489731,0.228,1,0,False,No Significativo
8398,0.6149976546510006,0.06,3,0,False,No Significativo
8399,-0.02342794529438209,0.104,4,0,False,No Significativo
8400,-0.007880130890519761,0.465,4,0,False,No Significativo
8401,0.03839568812507161,0.454,3,0,False,No Significativo
8402,1.8109745079304365,0.005,1,1,True,HH (Hot Spot)
8403,2.7606749449681596,0.001,1,1,True,HH (Hot Spot)
8404,0.010929966707886932,0.358,1,0,False,No Significativo
8405,2.4872979979144416,0.002,3,3,True,LH (Low surrounded by High)
8406,1.1767874427870126,0.014,3,3,True,LH (Low surrounded by High)
8407,0.6482456907745159,0.034,1,1,True,HH (Hot Spot)
8408,0.6785418599051398,0.006,1,1,True,HH (Hot Spot)
8409,0.3716160728767361,0.164,3,0,False,No Significativo
8410,0.8210198476849527,0.084,3,0,False,No Significativo
8411,1.3370901879611166,0.004,1,1,True,HH (Hot Spot)
8412,0.46194457458193916,0.003,1,1,True,HH (Hot Spot)
8413,0.30023983728207443,0.163,1,0,False,No Significativo
8414,0.032119062260811466,0.481,3,0,False,No Significativo
8415,-0.10643633073298397,0.088,4,0,False,No Significativo
8416,0.6402873734593896,0.063,3,0,False,No Significativo
8417,-0.0029138651309308706,0.473,2,0,False,No Significativo
8418,4.93291636169343,0.001,1,1,True,HH (Hot Spot)
8419,0.21372648280337647,0.132,1,0,False,No Significativo
8420,0.00792988223778748,0.366,1,0,False,No Significativo
8421,0.9565945246382211,0.003,1,1,True,HH (Hot Spot)
8422,1.445257842931658,0.003,1,1,True,HH (Hot Spot)
8423,1.7977103739413296,0.001,3,3,True,LH (Low surrounded by High)
8424,0.10887521731997504,0.081,1,0,False,No Significativo
8425,0.002111480794302753,0.425,3,0,False,No Significativo
8426,1.315356698469261,0.004,1,1,True,HH (Hot Spot)
8427,0.02016130499591714,0.282,3,0,False,No Significativo
8428,2.4714502922907315,0.001,3,3,True,LH (Low surrounded by High)
8429,1.109310340407999,0.018,1,1,True,HH (Hot Spot)
8430,-0.014352474061462521,0.462,4,0,False,No Significativo
8431,0.36491270068445647,0.133,3,0,False,No Significativo
8432,1.1703910476981605,0.018,1,1,True,HH (Hot Spot)
8433,2.4523762943742127,0.001,1,1,True,HH (Hot Spot)
8434,0.039772977764088495,0.436,1,0,False,No Significativo
8435,0.8469180076799081,0.041,3,3,True,LH (Low surrounded by High)
8436,2.539658708564552,0.001,1,1,True,HH (Hot Spot)
8437,1.4018900688924096,0.014,3,3,True,LH (Low surrounded by High)
8438,2.8630242243686714,0.001,3,3,True,LH (Low surrounded by High)
8439,0.02804148121109561,0.278,1,0,False,No Significativo
8440,-0.0008075729349299227,0.478,2,0,False,No Significativo
8441,0.08181350652760651,0.042,3,3,True,LH (Low surrounded by High)
8442,0.19145368100297647,0.13,1,0,False,No Significativo
8443,2.404216598168914,0.001,1,1,True,HH (Hot Spot)
8444,1.8633457111071274,0.006,3,3,True,LH (Low surrounded by High)
8445,0.010134546484495995,0.445,1,0,False,No Significativo
8446,0.016422395167886166,0.3,1,0,False,No Significativo
8447,0.06494707832553048,0.362,1,0,False,No Significativo
8448,5.397299661840986,0.001,1,1,True,HH (Hot Spot)
8449,0.00268687082013551,0.328,3,0,False,No Significativo
8450,0.8336296665257282,0.028,3,3,True,LH (Low surrounded by High)
8451,0.7272291953268447,0.025,1,1,True,HH (Hot Spot)
8452,1.2149933998929252,0.002,3,3,True,LH (Low surrounded by High)
8453,1.3844012694506682,0.003,1,1,True,HH (Hot Spot)
8454,0.3049877334079158,0.28,1,0,False,No Significativo
8455,0.054309205234044484,0.247,3,0,False,No Significativo
8456,3.7278143058126454,0.001,3,3,True,LH (Low surrounded by High)
8457,0.44018078671944755,0.063,3,0,False,No Significativo
8458,0.011262312179106278,0.458,1,0,False,No Significativo
8459,0.8163388191580585,0.042,1,1,True,HH (Hot Spot)
8460,0.6288797132649084,0.028,1,1,True,HH (Hot Spot)
8461,-0.3406174525615853,0.043,2,2,True,LL (Cold Spot)
8462,1.7285410274053357,0.001,1,1,True,HH (Hot Spot)
8463,2.510983341820401,0.001,1,1,True,HH (Hot Spot)
8464,2.842102718929784,0.001,1,1,True,HH (Hot Spot)
8465,0.7097466540391698,0.02,3,3,True,LH (Low surrounded by High)
8466,-0.009188169779535321,0.465,4,0,False,No Significativo
8467,0.1702128369102991,0.19,1,0,False,No Significativo
8468,1.7747985419685222,0.001,1,1,True,HH (Hot Spot)
8469,1.0781267971557684,0.005,3,3,True,LH (Low surrounded by High)
8470,0.8357212979896088,0.018,1,1,True,HH (Hot Spot)
8471,0.00519327347282938,0.292,1,0,False,No Significativo
8472,0.042497546932718636,0.377,1,0,False,No Significativo
8473,3.57758024860763,0.001,3,3,True,LH (Low surrounded by High)
8474,0.9081975182410928,0.048,1,1,True,HH (Hot Spot)
8475,-0.20634173089890495,0.203,2,0,False,No Significativo
8476,0.8645169611530092,0.005,1,1,True,HH (Hot Spot)
8477,0.913005530450715,0.071,3,0,False,No Significativo
8478,0.1467734917775,0.11,1,0,False,No Significativo
8479,1.054695200758383,0.002,3,3,True,LH (Low surrounded by High)
8480,0.0756047498969327,0.183,3,0,False,No Significativo
8481,1.301247843268648,0.006,3,3,True,LH (Low surrounded by High)
8482,-0.026711869407230675,0.436,2,0,False,No Significativo
8483,-0.017351395951784247,0.467,2,0,False,No Significativo
8484,0.8484992555870481,0.092,3,0,False,No Significativo
8485,0.08700317946384739,0.168,3,0,False,No Significativo
8486,-0.047114413121570616,0.015,4,4,True,HL (High surrounded by Low)
8487,-0.026797953738528616,0.027,4,4,True,HL (High surrounded by Low)
8488,1.8592484255560138,0.002,3,3,True,LH (Low surrounded by High)
8489,3.815099663830624,0.001,3,3,True,LH (Low surrounded by High)
8490,0.11196991104108797,0.126,1,0,False,No Significativo
8491,0.010148708590744458,0.319,3,0,False,No Significativo
8492,1.45219005092287,0.025,1,1,True,HH (Hot Spot)
8493,0.12490443064066298,0.077,1,0,False,No Significativo
8494,-0.920451822359775,0.046,2,2,True,LL (Cold Spot)
8495,0.34035884461110827,0.071,1,0,False,No Significativo
8496,-0.06615332473515402,0.112,4,0,False,No Significativo
8497,0.3940959844039327,0.105,3,0,False,No Significativo
8498,-0.02599838623381846,0.235,4,0,False,No Significativo
8499,2.1152850421278133,0.001,1,1,True,HH (Hot Spot)
8500,0.034916899670117234,0.1,1,0,False,No Significativo
8501,-0.4351866565562343,0.027,4,4,True,HL (High surrounded by Low)
8502,2.379412986419079,0.001,1,1,True,HH (Hot Spot)
8503,0.4113476393465285,0.071,1,0,False,No Significativo
8504,0.46524344219328406,0.041,1,1,True,HH (Hot Spot)
8505,2.763636108514614,0.007,3,3,True,LH (Low surrounded by High)
8506,3.0817806971332136,0.001,3,3,True,LH (Low surrounded by High)
8507,0.21370620677463276,0.071,3,0,False,No Significativo
8508,4.111803000752295,0.001,3,3,True,LH (Low surrounded by High)
8509,0.23251306853799006,0.103,3,0,False,No Significativo
8510,0.03363210778090134,0.075,1,0,False,No Significativo
8511,-0.1280329607628385,0.317,2,0,False,No Significativo
8512,0.12806902108637416,0.183,3,0,False,No Significativo
8513,0.07954737380599151,0.287,3,0,False,No Significativo
8514,0.627498302890103,0.016,3,3,True,LH (Low surrounded by High)
8515,0.019272186301572198,0.454,3,0,False,No Significativo
8516,1.7450373885866983,0.01,3,3,True,LH (Low surrounded by High)
8517,1.5627111735416657,0.001,3,3,True,LH (Low surrounded by High)
8518,0.2416715574938748,0.216,3,0,False,No Significativo
8519,0.3578613096708073,0.059,1,0,False,No Significativo
8520,0.6094954261494473,0.021,3,3,True,LH (Low surrounded by High)
8521,3.993990423126652,0.001,3,3,True,LH (Low surrounded by High)
8522,3.467876576532081,0.001,3,3,True,LH (Low surrounded by High)
8523,0.478901344518296,0.071,1,0,False,No Significativo
8524,0.753973432052528,0.005,1,1,True,HH (Hot Spot)
8525,0.25186568043879826,0.319,3,0,False,No Significativo
8526,1.1638931562868442,0.013,3,3,True,LH (Low surrounded by High)
8527,0.5370942924551275,0.038,1,1,True,HH (Hot Spot)
8528,-0.0352756489427922,0.417,4,0,False,No Significativo
8529,0.033575333767239396,0.255,3,0,False,No Significativo
8530,0.29563891164666056,0.09,3,0,False,No Significativo
8531,1.4039761777220243,0.033,1,1,True,HH (Hot Spot)
8532,1.3284551816645116,0.003,1,1,True,HH (Hot Spot)
8533,0.1319474410743866,0.327,1,0,False,No Significativo
8534,0.8396453972210293,0.033,1,1,True,HH (Hot Spot)
8535,3.7600972575873084,0.001,3,3,True,LH (Low surrounded by High)
8536,0.8533734264207046,0.027,3,3,True,LH (Low surrounded by High)
8537,0.04941524692125328,0.426,1,0,False,No Significativo
8538,0.016111359167732393,0.439,1,0,False,No Significativo
8539,0.26078244033773657,0.081,3,0,False,No Significativo
8540,0.867163534665099,0.001,3,3,True,LH (Low surrounded by High)
8541,0.8811979731931541,0.084,3,0,False,No Significativo
8542,-0.0381546163542352,0.372,4,0,False,No Significativo
8543,0.22457072244677612,0.216,3,0,False,No Significativo
8544,1.1387883720015397,0.006,1,1,True,HH (Hot Spot)
8545,0.18946411123515083,0.17,1,0,False,No Significativo
8546,0.21828037654375804,0.224,3,0,False,No Significativo
8547,0.8249870330297354,0.044,3,3,True,LH (Low surrounded by High)
8548,0.6796594234230527,0.01,1,1,True,HH (Hot Spot)
8549,0.7704827041232318,0.031,1,1,True,HH (Hot Spot)
8550,1.1619856339318921,0.003,3,3,True,LH (Low surrounded by High)
8551,0.06288404895172167,0.426,3,0,False,No Significativo
8552,1.9422108634371709,0.002,3,3,True,LH (Low surrounded by High)
8553,0.26421463610899665,0.156,1,0,False,No Significativo
8554,-0.01377942154894381,0.46,2,0,False,No Significativo
8555,0.2758082755752433,0.015,1,1,True,HH (Hot Spot)
8556,0.11698509622576096,0.269,1,0,False,No Significativo
8557,0.4378963289769009,0.071,1,0,False,No Significativo
8558,0.7945857143219495,0.018,1,1,True,HH (Hot Spot)
8559,-0.07057970640351102,0.38,2,0,False,No Significativo
8560,0.18029752105174474,0.192,3,0,False,No Significativo
8561,0.0014426215491259952,0.482,1,0,False,No Significativo
8562,0.06175049615194506,0.328,3,0,False,No Significativo
8563,2.4635249828327384,0.011,3,3,True,LH (Low surrounded by High)
8564,2.412432407006681,0.001,1,1,True,HH (Hot Spot)
8565,0.11692825087745357,0.384,3,0,False,No Significativo
8566,0.03137190619223048,0.096,3,0,False,No Significativo
8567,0.9958278054528584,0.121,3,0,False,No Significativo
8568,-0.11169030085496597,0.186,2,0,False,No Significativo
8569,0.6473305586859662,0.058,3,0,False,No Significativo
8570,0.15473025512278324,0.19,1,0,False,No Significativo
8571,0.0014648644542315857,0.5,3,0,False,No Significativo
8572,1.1655738021011965,0.011,3,3,True,LH (Low surrounded by High)
8573,0.06260950425913785,0.162,1,0,False,No Significativo
8574,0.2551805080174953,0.143,3,0,False,No Significativo
8575,0.903307883420736,0.028,1,1,True,HH (Hot Spot)
8576,0.6690057895330309,0.031,3,3,True,LH (Low surrounded by High)
8577,0.3382171490922205,0.012,1,1,True,HH (Hot Spot)
8578,0.5269466988765141,0.126,1,0,False,No Significativo
8579,0.3939567440620753,0.045,1,1,True,HH (Hot Spot)
8580,0.5853224375514094,0.023,1,1,True,HH (Hot Spot)
8581,0.988998819491605,0.001,1,1,True,HH (Hot Spot)
8582,-0.108013088701773,0.084,4,0,False,No Significativo
8583,1.3239725160226055,0.008,1,1,True,HH (Hot Spot)
8584,0.029584072654644866,0.427,1,0,False,No Significativo
8585,0.12263036758532424,0.305,1,0,False,No Significativo
8586,-0.0391848628110329,0.045,2,2,True,LL (Cold Spot)
8587,0.8337092242804293,0.033,3,3,True,LH (Low surrounded by High)
8588,0.8155744041132975,0.004,1,1,True,HH (Hot Spot)
8589,0.2576373833904311,0.064,3,0,False,No Significativo
8590,0.008059133217672286,0.44,1,0,False,No Significativo
8591,0.7344664583820429,0.027,1,1,True,HH (Hot Spot)
8592,0.49848197813351597,0.027,1,1,True,HH (Hot Spot)
8593,1.1583095681956204,0.007,1,1,True,HH (Hot Spot)
8594,0.7652044423530011,0.036,3,3,True,LH (Low surrounded by High)
8595,1.8904770402233753,0.063,3,0,False,No Significativo
8596,0.037731538793259634,0.325,3,0,False,No Significativo
8597,1.400140597979277,0.001,1,1,True,HH (Hot Spot)
8598,0.05075432435010617,0.433,3,0,False,No Significativo
8599,-0.1053335458118228,0.253,4,0,False,No Significativo
8600,0.21372388982474105,0.265,3,0,False,No Significativo
8601,0.4662244168472529,0.028,1,1,True,HH (Hot Spot)
8602,2.450537741864932,0.001,3,3,True,LH (Low surrounded by High)
8603,1.6499853713334978,0.006,3,3,True,LH (Low surrounded by High)
8604,1.2556079430163116,0.004,3,3,True,LH (Low surrounded by High)
8605,-0.003520210727986877,0.401,2,0,False,No Significativo
8606,2.259851567829813,0.001,3,3,True,LH (Low surrounded by High)
8607,0.20864456263053502,0.162,3,0,False,No Significativo
8608,0.7679005353471057,0.023,1,1,True,HH (Hot Spot)
8609,1.6171780669701945,0.005,3,3,True,LH (Low surrounded by High)
8610,0.9354354778770834,0.028,1,1,True,HH (Hot Spot)
8611,-0.015405327643207479,0.373,2,0,False,No Significativo
8612,-0.1194614118572439,0.181,4,0,False,No Significativo
8613,3.327706739984611,0.001,1,1,True,HH (Hot Spot)
8614,-0.038204106081944446,0.426,2,0,False,No Significativo
8615,2.1352259081567335,0.001,1,1,True,HH (Hot Spot)
8616,0.4302407317323212,0.006,1,1,True,HH (Hot Spot)
8617,4.334105393921985,0.001,1,1,True,HH (Hot Spot)
8618,-0.0001752375761975354,0.353,2,0,False,No Significativo
8619,0.10867549128818745,0.314,3,0,False,No Significativo
8620,1.079209299061075,0.003,1,1,True,HH (Hot Spot)
8621,0.8372757280406143,0.005,1,1,True,HH (Hot Spot)
8622,4.1915442742416,0.001,3,3,True,LH (Low surrounded by High)
8623,-0.33151284769354417,0.12,2,0,False,No Significativo
8624,-0.023738410625717188,0.424,2,0,False,No Significativo
8625,0.28562071319526094,0.125,3,0,False,No Significativo
8626,0.8508511372929713,0.009,1,1,True,HH (Hot Spot)
8627,0.591993472147944,0.037,3,3,True,LH (Low surrounded by High)
8628,0.9612654869651264,0.023,1,1,True,HH (Hot Spot)
8629,0.8536054439218946,0.021,3,3,True,LH (Low surrounded by High)
8630,0.2981911024400236,0.184,3,0,False,No Significativo
8631,-0.0704649115009293,0.278,2,0,False,No Significativo
8632,-0.16335286669731008,0.057,4,0,False,No Significativo
8633,1.1577043459102903,0.032,3,3,True,LH (Low surrounded by High)
8634,2.3332570200657976,0.001,1,1,True,HH (Hot Spot)
8635,0.03983505445435672,0.221,3,0,False,No Significativo
8636,1.5352501897851611,0.008,3,3,True,LH (Low surrounded by High)
8637,1.1883178052864245,0.023,3,3,True,LH (Low surrounded by High)
8638,0.6272965837357529,0.052,1,0,False,No Significativo
8639,0.7781914682787161,0.029,1,1,True,HH (Hot Spot)
8640,2.905901530220721,0.001,3,3,True,LH (Low surrounded by High)
8641,0.7248065171189637,0.016,3,3,True,LH (Low surrounded by High)
8642,0.6511287370007605,0.003,1,1,True,HH (Hot Spot)
8643,1.8366785688560694,0.003,1,1,True,HH (Hot Spot)
8644,0.0995607466333546,0.109,1,0,False,No Significativo
8645,-0.0038863483528568084,0.464,4,0,False,No Significativo
8646,0.41306753290059395,0.06,3,0,False,No Significativo
8647,0.9382514166220761,0.027,3,3,True,LH (Low surrounded by High)
8648,0.2752977181867733,0.193,3,0,False,No Significativo
8649,0.4515020553362563,0.111,3,0,False,No Significativo
8650,0.3303392496017742,0.002,1,1,True,HH (Hot Spot)
8651,0.056227424248048566,0.118,1,0,False,No Significativo
8652,-0.003872256436114108,0.463,2,0,False,No Significativo
8653,3.2455202419514944,0.001,1,1,True,HH (Hot Spot)
8654,0.23518228911808983,0.038,1,1,True,HH (Hot Spot)
8655,1.3233781863867118,0.007,1,1,True,HH (Hot Spot)
8656,3.3824871623158788,0.001,3,3,True,LH (Low surrounded by High)
8657,0.486790389969371,0.027,1,1,True,HH (Hot Spot)
8658,0.06275470350950295,0.395,3,0,False,No Significativo
8659,0.18327684518235104,0.007,1,1,True,HH (Hot Spot)
8660,0.07860994002257878,0.138,3,0,False,No Significativo
8661,3.756075920637839,0.007,3,3,True,LH (Low surrounded by High)
8662,1.406107572497802,0.001,3,3,True,LH (Low surrounded by High)
8663,-0.08063737397790903,0.341,4,0,False,No Significativo
8664,0.533675254937485,0.053,1,0,False,No Significativo
8665,0.035820480148818244,0.446,3,0,False,No Significativo
8666,0.0723845858636599,0.138,1,0,False,No Significativo
8667,0.46474916205189143,0.024,1,1,True,HH (Hot Spot)
8668,0.28134421860874936,0.074,1,0,False,No Significativo
8669,0.0023039695439391558,0.436,3,0,False,No Significativo
8670,-0.03508690712762337,0.308,2,0,False,No Significativo
8671,3.201768675990623,0.001,1,1,True,HH (Hot Spot)
8672,0.7763510476067272,0.069,3,0,False,No Significativo
8673,0.024245797116382334,0.389,1,0,False,No Significativo
8674,0.0011044393536044448,0.488,3,0,False,No Significativo
8675,2.903906613301329,0.001,3,3,True,LH (Low surrounded by High)
8676,0.4771382682857949,0.023,3,3,True,LH (Low surrounded by High)
8677,1.470705452746836,0.001,1,1,True,HH (Hot Spot)
8678,0.09388535598939783,0.319,1,0,False,No Significativo
8679,-0.06268869421879941,0.424,4,0,False,No Significativo
8680,0.13190542184090104,0.159,1,0,False,No Significativo
8681,0.002167823612899031,0.445,3,0,False,No Significativo
8682,5.883449924495384,0.001,1,1,True,HH (Hot Spot)
8683,0.059605554757758805,0.208,1,0,False,No Significativo
8684,0.06301320105997536,0.271,1,0,False,No Significativo
8685,1.018592507808825,0.004,3,3,True,LH (Low surrounded by High)
8686,0.793032351390626,0.012,1,1,True,HH (Hot Spot)
8687,0.83612136427157,0.009,1,1,True,HH (Hot Spot)
8688,0.4166535784586522,0.048,1,1,True,HH (Hot Spot)
8689,1.6712814157018634,0.02,3,3,True,LH (Low surrounded by High)
8690,3.5822067199452694,0.001,1,1,True,HH (Hot Spot)
8691,2.6227515715682967,0.001,3,3,True,LH (Low surrounded by High)
8692,0.44408100310099496,0.032,3,3,True,LH (Low surrounded by High)
8693,0.59019806600201,0.149,1,0,False,No Significativo
8694,0.043130127203516826,0.319,1,0,False,No Significativo
8695,0.043494847921349736,0.243,1,0,False,No Significativo
8696,0.0798492345586987,0.103,1,0,False,No Significativo
8697,1.867331167200398,0.001,1,1,True,HH (Hot Spot)
8698,1.7490957047574887,0.001,1,1,True,HH (Hot Spot)
8699,2.1138087049395855,0.001,1,1,True,HH (Hot Spot)
8700,1.4444676650477237,0.016,3,3,True,LH (Low surrounded by High)
8701,0.10087001286332262,0.411,3,0,False,No Significativo
8702,2.67040304942045,0.001,1,1,True,HH (Hot Spot)
8703,0.7591659445091599,0.021,3,3,True,LH (Low surrounded by High)
8704,0.5784905251742517,0.001,1,1,True,HH (Hot Spot)
8705,0.023339882547439947,0.027,1,1,True,HH (Hot Spot)
8706,0.12425653066109547,0.308,1,0,False,No Significativo
8707,0.20869803654510102,0.283,3,0,False,No Significativo
8708,2.748057636034525,0.001,3,3,True,LH (Low surrounded by High)
8709,0.7874943221235021,0.006,1,1,True,HH (Hot Spot)
8710,0.024388013674572617,0.462,3,0,False,No Significativo
8711,0.08130676895579202,0.327,3,0,False,No Significativo
8712,0.9646121490721974,0.005,1,1,True,HH (Hot Spot)
8713,0.48048677862026185,0.016,1,1,True,HH (Hot Spot)
8714,0.10441707139659503,0.076,1,0,False,No Significativo
8715,0.7529477919152838,0.027,3,3,True,LH (Low surrounded by High)
8716,0.34091427229210547,0.13,3,0,False,No Significativo
8717,2.4661864854276376,0.001,3,3,True,LH (Low surrounded by High)
8718,-0.012938768781676152,0.06,2,0,False,No Significativo
8719,0.09838462698222587,0.35,3,0,False,No Significativo
8720,0.4153531020221803,0.167,3,0,False,No Significativo
8721,0.588152390507079,0.046,1,1,True,HH (Hot Spot)
8722,0.8038608490746155,0.051,3,0,False,No Significativo
8723,0.28552052114807364,0.131,3,0,False,No Significativo
8724,-0.08703706614574214,0.319,2,0,False,No Significativo
8725,3.9128211825474684,0.001,3,3,True,LH (Low surrounded by High)
8726,0.20348179432116295,0.133,3,0,False,No Significativo
8727,0.6815629452006492,0.06,1,0,False,No Significativo
8728,0.8241661969611167,0.118,1,0,False,No Significativo
8729,0.8350286071765521,0.007,1,1,True,HH (Hot Spot)
8730,0.0012301725475750412,0.076,1,0,False,No Significativo
8731,0.9081519620966391,0.142,3,0,False,No Significativo
8732,2.0889767152658636,0.005,1,1,True,HH (Hot Spot)
8733,0.17845780672408434,0.021,1,1,True,HH (Hot Spot)
8734,0.007627310748906312,0.453,1,0,False,No Significativo
8735,0.2672904752566658,0.303,3,0,False,No Significativo
8736,1.0531075418709044,0.002,1,1,True,HH (Hot Spot)
8737,0.6108136455488518,0.073,1,0,False,No Significativo
8738,2.8166846581254923,0.001,3,3,True,LH (Low surrounded by High)
8739,3.4949171373668255,0.01,3,3,True,LH (Low surrounded by High)
8740,1.20728278615485,0.005,1,1,True,HH (Hot Spot)
8741,0.08713416781825159,0.218,1,0,False,No Significativo
8742,1.6057410240624488,0.001,1,1,True,HH (Hot Spot)
8743,-0.036489280593713286,0.427,4,0,False,No Significativo
8744,1.7304527456784737,0.002,3,3,True,LH (Low surrounded by High)
8745,3.001707631227738,0.001,3,3,True,LH (Low surrounded by High)
8746,0.0288761531389803,0.339,3,0,False,No Significativo
8747,1.1745277153194302,0.018,1,1,True,HH (Hot Spot)
8748,-0.0020060682944662528,0.268,2,0,False,No Significativo
8749,0.35714315706572375,0.101,3,0,False,No Significativo
8750,0.2968696319975028,0.224,3,0,False,No Significativo
8751,0.7357753712468771,0.034,3,3,True,LH (Low surrounded by High)
8752,0.10210218867343147,0.131,3,0,False,No Significativo
8753,2.1004465743778344,0.004,3,3,True,LH (Low surrounded by High)
8754,0.07776192385577989,0.132,1,0,False,No Significativo
8755,0.1794344616212391,0.29,1,0,False,No Significativo
8756,3.4700357956313765,0.001,3,3,True,LH (Low surrounded by High)
8757,3.069208090649134,0.001,3,3,True,LH (Low surrounded by High)
8758,0.0657244359594202,0.408,3,0,False,No Significativo
8759,0.46527414396213196,0.01,1,1,True,HH (Hot Spot)
8760,0.3569745404899901,0.166,3,0,False,No Significativo
8761,2.739617434749062,0.001,3,3,True,LH (Low surrounded by High)
8762,1.7638503738835696,0.007,1,1,True,HH (Hot Spot)
8763,-0.008961893267267405,0.453,4,0,False,No Significativo
8764,0.22194746123317408,0.141,3,0,False,No Significativo
8765,0.8098598200971899,0.121,3,0,False,No Significativo
8766,0.6574926587704286,0.016,1,1,True,HH (Hot Spot)
8767,0.7632221355039972,0.046,1,1,True,HH (Hot Spot)
8768,-0.31612959122376644,0.012,2,2,True,LL (Cold Spot)
8769,4.32978501661759,0.001,3,3,True,LH (Low surrounded by High)
8770,1.8817367641395866,0.016,3,3,True,LH (Low surrounded by High)
8771,0.01160949521128202,0.455,3,0,False,No Significativo
8772,-0.05496020740277925,0.331,4,0,False,No Significativo
8773,0.15002666351953284,0.271,3,0,False,No Significativo
8774,0.23864028992442904,0.235,3,0,False,No Significativo
8775,1.5807365742779806,0.001,3,3,True,LH (Low surrounded by High)
8776,0.062152728801170204,0.249,3,0,False,No Significativo
8777,-0.1588154810386001,0.353,2,0,False,No Significativo
8778,0.08242953641429368,0.429,3,0,False,No Significativo
8779,0.7923735201609767,0.022,1,1,True,HH (Hot Spot)
8780,0.1989319168648235,0.128,3,0,False,No Significativo
8781,0.5575562462211133,0.006,1,1,True,HH (Hot Spot)
8782,-0.07125955248936092,0.311,2,0,False,No Significativo
8783,0.014757391357363465,0.112,1,0,False,No Significativo
8784,0.6183021422255407,0.051,3,0,False,No Significativo
8785,0.16029361117915228,0.245,1,0,False,No Significativo
8786,0.18401224926771584,0.157,3,0,False,No Significativo
8787,1.2861117678093594,0.016,3,3,True,LH (Low surrounded by High)
8788,0.6048707411688791,0.053,3,0,False,No Significativo
8789,0.3337627613041751,0.116,3,0,False,No Significativo
8790,1.010516502457225,0.008,1,1,True,HH (Hot Spot)
8791,0.5239902116617025,0.07,1,0,False,No Significativo
8793,-0.00880751971846733,0.452,2,0,False,No Significativo
8794,-0.006294401725733694,0.455,2,0,False,No Significativo
8795,0.0017694204809014437,0.481,3,0,False,No Significativo
8796,0.9117885090867502,0.004,1,1,True,HH (Hot Spot)
8797,0.193298461823439,0.046,1,1,True,HH (Hot Spot)
8798,-0.02549623102077602,0.105,2,0,False,No Significativo
8799,0.1205932306721248,0.237,1,0,False,No Significativo
8800,1.1741880466735621,0.027,3,3,True,LH (Low surrounded by High)
8801,0.003754233566714009,0.492,3,0,False,No Significativo
8802,2.0709956328639496,0.004,1,1,True,HH (Hot Spot)
8803,2.9149007797320765,0.001,3,3,True,LH (Low surrounded by High)
8804,2.4160477590762564,0.001,1,1,True,HH (Hot Spot)
8805,-0.10157037035331423,0.217,4,0,False,No Significativo
8806,0.06308024550299793,0.214,3,0,False,No Significativo
8807,-0.05055921514585797,0.364,2,0,False,No Significativo
8808,1.4236101489545954,0.012,3,3,True,LH (Low surrounded by High)
8809,-0.06645704800613501,0.316,2,0,False,No Significativo
8810,1.0564794071563104,0.007,1,1,True,HH (Hot Spot)
8811,0.0046165335298490135,0.477,3,0,False,No Significativo
8812,2.204730129200305,0.001,3,3,True,LH (Low surrounded by High)
8813,1.253721296602217,0.022,1,1,True,HH (Hot Spot)
8814,-0.0021320286162867927,0.3,2,0,False,No Significativo
8815,1.1576390244925023,0.004,1,1,True,HH (Hot Spot)
8816,0.9841937514761129,0.007,1,1,True,HH (Hot Spot)
8817,0.6010502090932596,0.045,1,1,True,HH (Hot Spot)
8818,0.2691767360041664,0.144,3,0,False,No Significativo
8819,2.391007645560383,0.001,1,1,True,HH (Hot Spot)
8820,0.17935355707587555,0.26,3,0,False,No Significativo
8821,0.017851790050474037,0.213,1,0,False,No Significativo
8822,1.1320733142554353,0.03,3,3,True,LH (Low surrounded by High)
8823,0.5202993223753889,0.05,1,0,False,No Significativo
8824,0.7750978513274471,0.006,1,1,True,HH (Hot Spot)
8825,0.0014847249074384113,0.483,3,0,False,No Significativo
8826,-0.18151246204106675,0.053,2,0,False,No Significativo
8827,1.2761716637614229,0.005,1,1,True,HH (Hot Spot)
8828,0.6007102375476548,0.043,1,1,True,HH (Hot Spot)
8829,1.1707820645376037,0.025,3,3,True,LH (Low surrounded by High)
8830,0.030864852434384162,0.397,3,0,False,No Significativo
8831,1.8238532586134342,0.001,1,1,True,HH (Hot Spot)
8832,0.29447720216791945,0.087,1,0,False,No Significativo
8833,-0.048372608278763815,0.376,4,0,False,No Significativo
8834,0.04851625152208268,0.341,1,0,False,No Significativo
8835,0.10112317404572549,0.114,3,0,False,No Significativo
8836,-0.038736224601372195,0.177,2,0,False,No Significativo
8837,0.20678913403391083,0.242,1,0,False,No Significativo
8838,2.5413643101146186,0.001,3,3,True,LH (Low surrounded by High)
8839,0.6023350343745396,0.049,3,3,True,LH (Low surrounded by High)
8840,1.348247045990527,0.001,3,3,True,LH (Low surrounded by High)
8841,0.6050247838392457,0.012,3,3,True,LH (Low surrounded by High)
8842,-0.021704655351197852,0.154,2,0,False,No Significativo
8843,1.2343802363319247,0.002,3,3,True,LH (Low surrounded by High)
8844,0.14863484695048748,0.109,1,0,False,No Significativo
8845,-0.008623039635666857,0.416,2,0,False,No Significativo
8846,0.5907872716749456,0.008,1,1,True,HH (Hot Spot)
8847,0.35645460880546115,0.146,3,0,False,No Significativo
8848,0.5081568058963365,0.074,1,0,False,No Significativo
8849,0.4135060087762331,0.05,1,0,False,No Significativo
8850,-0.23473170528231935,0.141,2,0,False,No Significativo
8851,0.6274248078214492,0.003,1,1,True,HH (Hot Spot)
8852,0.7801785881552381,0.048,1,1,True,HH (Hot Spot)
8853,5.173641786871867,0.001,1,1,True,HH (Hot Spot)
8854,-0.2625256851545102,0.238,2,0,False,No Significativo
8855,0.14156460508839078,0.048,1,1,True,HH (Hot Spot)
8856,0.49888990413089257,0.023,1,1,True,HH (Hot Spot)
8857,1.0378313001492465,0.022,3,3,True,LH (Low surrounded by High)
8858,2.0005337244539434,0.001,3,3,True,LH (Low surrounded by High)
8859,0.11132857412672777,0.395,3,0,False,No Significativo
8860,-0.003199035997845846,0.382,4,0,False,No Significativo
8861,-0.0024005496789752194,0.491,4,0,False,No Significativo
8862,0.1393778881707934,0.025,3,3,True,LH (Low surrounded by High)
8863,-0.21235926742860947,0.146,2,0,False,No Significativo
8864,0.02198496117713416,0.204,3,0,False,No Significativo
8865,-0.09637894805310938,0.348,4,0,False,No Significativo
8866,0.11672564254768797,0.151,3,0,False,No Significativo
8867,1.626348650455589,0.001,1,1,True,HH (Hot Spot)
8868,0.023160747135234923,0.308,1,0,False,No Significativo
8869,2.441874404914536,0.001,3,3,True,LH (Low surrounded by High)
8870,2.0809245676476746,0.001,3,3,True,LH (Low surrounded by High)
8871,1.3947430917875039,0.004,1,1,True,HH (Hot Spot)
8872,1.1662703489794188,0.001,1,1,True,HH (Hot Spot)
8873,2.983920510330806,0.001,3,3,True,LH (Low surrounded by High)
8874,0.43120336871271875,0.076,3,0,False,No Significativo
8875,0.967555070036605,0.011,1,1,True,HH (Hot Spot)
8876,0.024767724870122777,0.164,1,0,False,No Significativo
8877,0.153829492609498,0.181,1,0,False,No Significativo
8878,0.06031140224715635,0.377,3,0,False,No Significativo
8879,1.3667235164737892,0.025,3,3,True,LH (Low surrounded by High)
8880,-0.5147148731238278,0.057,4,0,False,No Significativo
8881,-0.02257217591158369,0.206,4,0,False,No Significativo
8882,0.41117872676388645,0.064,3,0,False,No Significativo
8883,0.20777891898186868,0.155,1,0,False,No Significativo
8884,0.38303658876837593,0.102,1,0,False,No Significativo
8885,1.6715771647434527,0.002,1,1,True,HH (Hot Spot)
8886,0.5998311244331304,0.004,1,1,True,HH (Hot Spot)
8887,1.0307560126298685,0.028,3,3,True,LH (Low surrounded by High)
8888,0.04083173085147574,0.249,1,0,False,No Significativo
8889,-0.00044570589499992483,0.48,4,0,False,No Significativo
8890,1.058545381592474,0.008,1,1,True,HH (Hot Spot)
8891,-0.15566637114996124,0.066,4,0,False,No Significativo
8892,1.0983189750270261,0.001,3,3,True,LH (Low surrounded by High)
8893,0.35802407316591467,0.121,3,0,False,No Significativo
8894,0.1243733398944028,0.377,3,0,False,No Significativo
8895,0.49662300432071094,0.048,1,1,True,HH (Hot Spot)
8896,0.021099144336942727,0.43,1,0,False,No Significativo
8897,-0.009974461562258579,0.369,2,0,False,No Significativo
8898,2.1064703584853826,0.001,1,1,True,HH (Hot Spot)
8899,0.8671699221102214,0.008,1,1,True,HH (Hot Spot)
8900,0.0017117001843381093,0.46,1,0,False,No Significativo
8901,3.4260322141619124,0.001,1,1,True,HH (Hot Spot)
8902,0.9663906369115235,0.02,3,3,True,LH (Low surrounded by High)
8903,0.1596274376578077,0.115,3,0,False,No Significativo
8904,0.2819499701853664,0.155,1,0,False,No Significativo
8905,3.476216762404647,0.001,3,3,True,LH (Low surrounded by High)
8906,1.6833513016493784,0.001,1,1,True,HH (Hot Spot)
8907,0.7314626282860848,0.004,1,1,True,HH (Hot Spot)
8908,-0.1262279430097773,0.251,2,0,False,No Significativo
8909,0.1628575693158211,0.185,1,0,False,No Significativo
8910,-0.028580198198952432,0.436,4,0,False,No Significativo
8911,0.0319670329724363,0.208,3,0,False,No Significativo
8912,0.06976169272181489,0.205,1,0,False,No Significativo
8913,0.03963726702907839,0.268,1,0,False,No Significativo
8914,5.961565116765813,0.001,1,1,True,HH (Hot Spot)
8915,0.5814631480815395,0.039,1,1,True,HH (Hot Spot)
8916,0.06677945177779554,0.236,1,0,False,No Significativo
8917,0.8273894273709143,0.019,3,3,True,LH (Low surrounded by High)
8918,0.5205090620323277,0.008,1,1,True,HH (Hot Spot)
8919,3.514136612521638,0.001,3,3,True,LH (Low surrounded by High)
8920,0.9136492074567527,0.008,1,1,True,HH (Hot Spot)
8921,0.2846923617120709,0.027,3,3,True,LH (Low surrounded by High)
8922,1.1663971125309016,0.001,1,1,True,HH (Hot Spot)
8923,2.59082238588205,0.001,3,3,True,LH (Low surrounded by High)
8924,1.2770369257578869,0.017,3,3,True,LH (Low surrounded by High)
8925,-0.0058061101978665155,0.459,4,0,False,No Significativo
8926,-0.006541993496064206,0.318,2,0,False,No Significativo
8927,1.4453889230070018,0.004,1,1,True,HH (Hot Spot)
8928,1.8515589053102424,0.001,1,1,True,HH (Hot Spot)
8929,2.2649285783940343,0.001,1,1,True,HH (Hot Spot)
8930,0.006875097808681527,0.419,1,0,False,No Significativo
8931,0.532081160677295,0.076,3,0,False,No Significativo
8932,0.05202164004202595,0.258,3,0,False,No Significativo
8933,0.25560944715842876,0.03,1,1,True,HH (Hot Spot)
8934,2.2813082179955413,0.001,1,1,True,HH (Hot Spot)
8935,0.9433332459983351,0.02,3,3,True,LH (Low surrounded by High)
8936,1.74477629456985,0.003,1,1,True,HH (Hot Spot)
8937,0.8438992301143982,0.008,1,1,True,HH (Hot Spot)
8938,-0.2056413335727215,0.118,2,0,False,No Significativo
8939,0.012075029041871509,0.457,1,0,False,No Significativo
8940,0.3072650521624848,0.08,1,0,False,No Significativo
8941,3.664052507811906,0.001,3,3,True,LH (Low surrounded by High)
8942,-0.003930041670388879,0.23,4,0,False,No Significativo
8943,-0.00684963976412314,0.22,4,0,False,No Significativo
8944,1.0510418204879195,0.005,1,1,True,HH (Hot Spot)
8945,0.24889090508036416,0.268,1,0,False,No Significativo
8946,0.29527429648101916,0.186,1,0,False,No Significativo
8947,1.6225819513669029,0.035,3,3,True,LH (Low surrounded by High)
8948,0.1673292893842001,0.27,3,0,False,No Significativo
8949,1.2718647252250026,0.038,3,3,True,LH (Low surrounded by High)
8950,0.018693119152750154,0.416,1,0,False,No Significativo
8951,0.038298808131272274,0.119,3,0,False,No Significativo
8952,-0.04441484006911807,0.327,4,0,False,No Significativo
8953,0.5293213752566297,0.073,3,0,False,No Significativo
8954,1.0765861903037126,0.04,1,1,True,HH (Hot Spot)
8955,1.8430295756507196,0.004,3,3,True,LH (Low surrounded by High)
8956,0.6157564578458078,0.016,3,3,True,LH (Low surrounded by High)
8957,0.039917959381818774,0.463,3,0,False,No Significativo
8958,5.396331585786741,0.001,3,3,True,LH (Low surrounded by High)
8959,0.04874486727958469,0.097,3,0,False,No Significativo
8960,0.1966757344853042,0.024,1,1,True,HH (Hot Spot)
8961,-0.03843031753208421,0.359,4,0,False,No Significativo
8962,0.004489928008254929,0.451,1,0,False,No Significativo
8963,0.3572832870274458,0.005,1,1,True,HH (Hot Spot)
8964,0.2646873232007065,0.06,1,0,False,No Significativo
8965,1.5388719216907114,0.005,3,3,True,LH (Low surrounded by High)
8966,-1.2719288013480021,0.002,2,2,True,LL (Cold Spot)
8967,0.6884951861887005,0.008,1,1,True,HH (Hot Spot)
8968,-0.05591347920550546,0.226,4,0,False,No Significativo
8969,0.29891428511172186,0.115,3,0,False,No Significativo
8970,1.6811823504807655,0.001,1,1,True,HH (Hot Spot)
8971,0.13429841196638462,0.127,1,0,False,No Significativo
8972,2.7891217592515676,0.001,3,3,True,LH (Low surrounded by High)
8973,1.4989732529790318,0.003,3,3,True,LH (Low surrounded by High)
8974,0.5810027603073932,0.106,1,0,False,No Significativo
8975,1.2908147448985716,0.001,1,1,True,HH (Hot Spot)
8976,-0.06991718677871851,0.302,2,0,False,No Significativo
8977,0.1023514737029262,0.102,1,0,False,No Significativo
8978,3.1365906808407877,0.001,3,3,True,LH (Low surrounded by High)
8979,0.8356119770609167,0.002,3,3,True,LH (Low surrounded by High)
8980,5.89032070134588,0.001,3,3,True,LH (Low surrounded by High)
8981,1.1170306760095035,0.011,3,3,True,LH (Low surrounded by High)
8982,0.42379304940039614,0.072,1,0,False,No Significativo
8983,0.17599722348053054,0.253,3,0,False,No Significativo
8984,0.37737487420172544,0.12,3,0,False,No Significativo
8985,2.296351318520168,0.002,3,3,True,LH (Low surrounded by High)
8986,0.027417392588599886,0.415,1,0,False,No Significativo
8987,1.62527613315233,0.001,1,1,True,HH (Hot Spot)
8988,0.24686509779671412,0.168,3,0,False,No Significativo
8989,-0.07954597743725762,0.324,4,0,False,No Significativo
8990,3.8394836917808743,0.001,3,3,True,LH (Low surrounded by High)
8991,4.588617549570864,0.001,3,3,True,LH (Low surrounded by High)
8992,0.37371482987826,0.278,1,0,False,No Significativo
8993,1.8909621356505133,0.005,1,1,True,HH (Hot Spot)
8994,0.07916443175749432,0.377,1,0,False,No Significativo
8995,0.7094016860186211,0.002,3,3,True,LH (Low surrounded by High)
8996,0.40036769667229455,0.199,1,0,False,No Significativo
8997,2.4480741783293167,0.001,3,3,True,LH (Low surrounded by High)
8998,0.04094899349341821,0.077,3,0,False,No Significativo
8999,0.8064105204571851,0.002,1,1,True,HH (Hot Spot)
9000,0.4168701615859372,0.008,1,1,True,HH (Hot Spot)
9001,4.436658552438023,0.001,3,3,True,LH (Low surrounded by High)
9002,0.011020327591454795,0.454,3,0,False,No Significativo
9003,0.12479117835154901,0.213,3,0,False,No Significativo
9004,0.00030089834945082295,0.459,3,0,False,No Significativo
9005,0.06853540446569759,0.268,3,0,False,No Significativo
9006,0.13030262060803663,0.145,3,0,False,No Significativo
9007,0.6050539732396499,0.042,3,3,True,LH (Low surrounded by High)
9008,0.8434789504308268,0.001,3,3,True,LH (Low surrounded by High)
9009,0.03397541834343912,0.101,3,0,False,No Significativo
9010,-0.028962563506844823,0.339,2,0,False,No Significativo
9011,0.0009761715587971163,0.465,1,0,False,No Significativo
9012,-0.010368454908502796,0.429,4,0,False,No Significativo
9013,0.723381907176796,0.02,1,1,True,HH (Hot Spot)
9014,0.017701755715870866,0.417,3,0,False,No Significativo
9015,0.7019851314843997,0.028,1,1,True,HH (Hot Spot)
9016,0.2220414193429273,0.227,1,0,False,No Significativo
9017,0.019675255688590677,0.419,1,0,False,No Significativo
9018,0.16100397611787523,0.299,1,0,False,No Significativo
9019,0.24897374021082624,0.178,1,0,False,No Significativo
9020,1.781733429459797,0.001,1,1,True,HH (Hot Spot)
9021,0.035926484207583584,0.243,3,0,False,No Significativo
9022,0.7448992967058201,0.023,3,3,True,LH (Low surrounded by High)
9023,0.17999342287145947,0.173,3,0,False,No Significativo
9024,3.828638348462916,0.001,3,3,True,LH (Low surrounded by High)
9025,0.06492638583008331,0.071,3,0,False,No Significativo
9026,1.3091995488490236,0.003,1,1,True,HH (Hot Spot)
9027,0.10436083507674863,0.135,1,0,False,No Significativo
9028,0.2301378583695555,0.115,1,0,False,No Significativo
9029,0.005263661035247209,0.005,1,1,True,HH (Hot Spot)
9030,-0.06526467077640848,0.112,2,0,False,No Significativo
9031,0.26212240604103,0.13,1,0,False,No Significativo
9032,2.4520544520628684,0.001,1,1,True,HH (Hot Spot)
9033,0.16651619485611188,0.199,1,0,False,No Significativo
9034,0.004481746841360198,0.263,3,0,False,No Significativo
9035,0.05624554224295982,0.273,1,0,False,No Significativo
9036,0.5389231715171298,0.011,1,1,True,HH (Hot Spot)
9037,0.8995877567435188,0.008,1,1,True,HH (Hot Spot)
9038,2.2966554029872275,0.001,1,1,True,HH (Hot Spot)
9039,-0.04571900112141961,0.203,4,0,False,No Significativo
9040,0.45363612978945295,0.127,3,0,False,No Significativo
9041,0.6909813150021729,0.102,3,0,False,No Significativo
9042,0.9814867628558216,0.013,3,3,True,LH (Low surrounded by High)
9043,1.6673221168657466,0.018,1,1,True,HH (Hot Spot)
9044,0.6062085354561909,0.047,1,1,True,HH (Hot Spot)
9045,0.210487374104055,0.235,1,0,False,No Significativo
9046,0.029893201495705478,0.266,1,0,False,No Significativo
9047,2.090048474484345,0.001,3,3,True,LH (Low surrounded by High)
9048,-0.013062721232273424,0.462,4,0,False,No Significativo
9049,0.12303502172785352,0.158,1,0,False,No Significativo
9050,0.19004313820459146,0.004,1,1,True,HH (Hot Spot)
9051,0.6254447968740275,0.005,1,1,True,HH (Hot Spot)
9052,-0.1335088473793846,0.023,2,2,True,LL (Cold Spot)
9053,0.6411732173297878,0.036,3,3,True,LH (Low surrounded by High)
9054,0.4014600131520328,0.048,1,1,True,HH (Hot Spot)
9055,0.16164548944301307,0.147,1,0,False,No Significativo
9056,0.5535857311875154,0.052,1,0,False,No Significativo
9057,0.9237898643422687,0.054,3,0,False,No Significativo
9058,0.7169651820277014,0.032,1,1,True,HH (Hot Spot)
9059,0.5575231616079682,0.085,3,0,False,No Significativo
9060,0.34723343199262247,0.1,3,0,False,No Significativo
9061,0.47798208654160623,0.04,1,1,True,HH (Hot Spot)
9062,0.6395792320374323,0.028,1,1,True,HH (Hot Spot)
9063,0.01193529580707122,0.499,3,0,False,No Significativo
9064,0.006771497479052239,0.44,1,0,False,No Significativo
9065,1.9755444245914549,0.001,1,1,True,HH (Hot Spot)
9066,0.09506995334218335,0.27,1,0,False,No Significativo
9067,0.0032293046956237558,0.454,1,0,False,No Significativo
9068,0.35355222896789323,0.213,3,0,False,No Significativo
9069,0.14146052920464033,0.328,3,0,False,No Significativo
9070,0.017712609830248582,0.304,3,0,False,No Significativo
9071,1.3458217759442896,0.007,1,1,True,HH (Hot Spot)
9072,4.262278928170032,0.001,3,3,True,LH (Low surrounded by High)
9073,1.3822629940071158,0.002,3,3,True,LH (Low surrounded by High)
9074,0.2442564944479979,0.031,3,3,True,LH (Low surrounded by High)
9075,0.9093668805577911,0.022,3,3,True,LH (Low surrounded by High)
9076,0.15002720922504897,0.162,3,0,False,No Significativo
9077,0.7832625671858542,0.029,3,3,True,LH (Low surrounded by High)
9078,2.1333732573962725,0.001,3,3,True,LH (Low surrounded by High)
9079,0.23026466587775746,0.115,1,0,False,No Significativo
9080,0.2576757678130511,0.279,3,0,False,No Significativo
9081,-0.0027559597188537184,0.461,4,0,False,No Significativo
9082,1.106696032516275,0.031,1,1,True,HH (Hot Spot)
9083,0.05748057607871676,0.272,3,0,False,No Significativo
9084,0.4707633870895513,0.067,1,0,False,No Significativo
9085,0.03537841637031961,0.272,3,0,False,No Significativo
9086,0.7237318474777364,0.023,1,1,True,HH (Hot Spot)
9087,0.958465706090302,0.01,1,1,True,HH (Hot Spot)
9088,0.834235640269055,0.008,1,1,True,HH (Hot Spot)
9089,4.588309348291519,0.001,1,1,True,HH (Hot Spot)
9090,-0.01629093652419861,0.32,2,0,False,No Significativo
9091,0.20956223704121613,0.37,3,0,False,No Significativo
9092,2.8432467165472977,0.001,1,1,True,HH (Hot Spot)
9093,0.4791467028414643,0.028,1,1,True,HH (Hot Spot)
9094,0.41159638520293695,0.004,3,3,True,LH (Low surrounded by High)
9095,1.843893032657976,0.001,3,3,True,LH (Low surrounded by High)
9096,0.016922345760052512,0.442,1,0,False,No Significativo
9097,0.11604463718459108,0.303,1,0,False,No Significativo
9098,-0.012241317324902863,0.4,2,0,False,No Significativo
9099,1.6757551279956417,0.008,1,1,True,HH (Hot Spot)
9100,-0.015433381940755008,0.073,4,0,False,No Significativo
9101,0.12582869103630828,0.073,1,0,False,No Significativo
9102,0.12578941531220308,0.134,3,0,False,No Significativo
9103,1.6260336773042998,0.001,3,3,True,LH (Low surrounded by High)
9104,0.22666407862659124,0.008,1,1,True,HH (Hot Spot)
9105,2.3468611999838638,0.001,1,1,True,HH (Hot Spot)
9106,1.2262491167125942,0.005,3,3,True,LH (Low surrounded by High)
9107,2.2347009584975015,0.001,3,3,True,LH (Low surrounded by High)
9108,-0.02181479303034153,0.172,4,0,False,No Significativo
9109,0.8414344868318704,0.027,1,1,True,HH (Hot Spot)
9110,1.9008376952193544,0.002,3,3,True,LH (Low surrounded by High)
9111,0.20374575181498505,0.178,3,0,False,No Significativo
9112,0.2760222572800333,0.074,1,0,False,No Significativo
9113,1.2199056338804193,0.008,1,1,True,HH (Hot Spot)
9114,0.12127410583907129,0.205,1,0,False,No Significativo
9115,0.04641027932453476,0.143,1,0,False,No Significativo
9116,-0.11395293154500533,0.37,2,0,False,No Significativo
9117,0.22370987799172798,0.004,3,3,True,LH (Low surrounded by High)
9118,0.1117130495122333,0.112,3,0,False,No Significativo
9119,0.3237921967041892,0.128,3,0,False,No Significativo
9120,-0.005167856152376484,0.414,2,0,False,No Significativo
9121,0.027922461798670254,0.294,1,0,False,No Significativo
9122,-0.03674907755968438,0.286,2,0,False,No Significativo
9123,2.6453670304624772,0.001,1,1,True,HH (Hot Spot)
9124,1.5243489935249175,0.004,3,3,True,LH (Low surrounded by High)
9125,2.005399442212466,0.001,1,1,True,HH (Hot Spot)
9126,0.0034972625499452683,0.345,1,0,False,No Significativo
9127,0.1994397948745819,0.12,1,0,False,No Significativo
9128,0.6826303467505895,0.049,3,3,True,LH (Low surrounded by High)
9129,1.1068774734487636,0.001,3,3,True,LH (Low surrounded by High)
9130,-0.03967059883963324,0.375,2,0,False,No Significativo
9131,0.3805667655364502,0.055,3,0,False,No Significativo
9132,0.3037166268633225,0.027,1,1,True,HH (Hot Spot)
9133,0.05293494763637338,0.252,3,0,False,No Significativo
9134,0.15896747972369746,0.097,3,0,False,No Significativo
9135,0.9662427377328988,0.042,1,1,True,HH (Hot Spot)
9136,0.8354818682190962,0.015,1,1,True,HH (Hot Spot)
9137,-0.012254567638065894,0.399,2,0,False,No Significativo
9138,1.6312140097105552,0.002,3,3,True,LH (Low surrounded by High)
9139,1.9872525849340277,0.001,1,1,True,HH (Hot Spot)
9140,0.389721936484852,0.127,3,0,False,No Significativo
9141,0.6883027851591842,0.041,3,3,True,LH (Low surrounded by High)
9142,0.15757936814197138,0.148,3,0,False,No Significativo
9143,3.0479630809716487,0.001,3,3,True,LH (Low surrounded by High)
9144,0.061584550855096405,0.163,3,0,False,No Significativo
9145,1.4276332496759268,0.003,1,1,True,HH (Hot Spot)
9146,1.6800069335629388,0.001,1,1,True,HH (Hot Spot)
9147,0.10428498900294426,0.312,1,0,False,No Significativo
9148,0.677038198070436,0.038,1,1,True,HH (Hot Spot)
9149,0.03161023438016242,0.416,1,0,False,No Significativo
9150,0.17092440319839874,0.067,3,0,False,No Significativo
9151,0.13213801492670485,0.286,3,0,False,No Significativo
9152,4.762109584343938,0.001,1,1,True,HH (Hot Spot)
9153,0.012367266881933953,0.464,3,0,False,No Significativo
9154,-0.03709770302999899,0.139,2,0,False,No Significativo
9155,0.0021337819509053718,0.456,1,0,False,No Significativo
9156,0.24402560748336277,0.035,3,3,True,LH (Low surrounded by High)
9157,0.6924529009059651,0.008,1,1,True,HH (Hot Spot)
9158,0.17299743049317678,0.148,1,0,False,No Significativo
9159,3.9396956333252007,0.001,3,3,True,LH (Low surrounded by High)
9160,1.838250100504791,0.003,1,1,True,HH (Hot Spot)
9161,0.03886076769124214,0.346,3,0,False,No Significativo
9162,4.100239437210407,0.001,3,3,True,LH (Low surrounded by High)
9163,0.11508667561767354,0.18,3,0,False,No Significativo
9164,1.624184137507878,0.001,1,1,True,HH (Hot Spot)
9165,1.8094664309065756,0.006,3,3,True,LH (Low surrounded by High)
9166,0.5413583102566173,0.048,1,1,True,HH (Hot Spot)
9167,0.6974862392000791,0.006,1,1,True,HH (Hot Spot)
9168,0.04583715130151365,0.322,1,0,False,No Significativo
9169,2.2066635657396394,0.001,1,1,True,HH (Hot Spot)
9170,2.28598504212123,0.001,1,1,True,HH (Hot Spot)
9171,1.374337007601123,0.003,1,1,True,HH (Hot Spot)
9172,-0.11434244136390942,0.363,2,0,False,No Significativo
9173,0.40148818716590906,0.091,3,0,False,No Significativo
9174,0.021580338478939854,0.367,1,0,False,No Significativo
9175,0.41267785893782416,0.05,1,0,False,No Significativo
9176,2.18411815617694,0.001,1,1,True,HH (Hot Spot)
9177,1.122756734297038,0.021,3,3,True,LH (Low surrounded by High)
9178,1.5136840167784915,0.004,1,1,True,HH (Hot Spot)
9179,2.0409002083896084,0.003,1,1,True,HH (Hot Spot)
9180,-0.007976824668376096,0.362,2,0,False,No Significativo
9181,-0.008249670683646682,0.329,2,0,False,No Significativo
9182,1.8114121081575714,0.001,3,3,True,LH (Low surrounded by High)
9183,0.5127983230532144,0.019,1,1,True,HH (Hot Spot)
9184,-0.04095983784932267,0.257,4,0,False,No Significativo
9185,-0.060623541974922805,0.286,2,0,False,No Significativo
9186,0.674124270071585,0.1,1,0,False,No Significativo
9187,0.07594070000962086,0.35,1,0,False,No Significativo
9188,1.019810372594834,0.016,3,3,True,LH (Low surrounded by High)
9189,0.005925728574731419,0.288,1,0,False,No Significativo
9190,0.21302867604913642,0.055,3,0,False,No Significativo
9191,0.06551447598033845,0.37,3,0,False,No Significativo
9192,0.700866905379581,0.008,3,3,True,LH (Low surrounded by High)
9193,0.37882066986826834,0.138,3,0,False,No Significativo
9194,-0.0925229689406129,0.174,4,0,False,No Significativo
9195,0.0130258725542512,0.481,3,0,False,No Significativo
9196,0.1805085547639379,0.088,3,0,False,No Significativo
9197,0.3019897277271909,0.136,3,0,False,No Significativo
9198,4.531359910890685,0.001,3,3,True,LH (Low surrounded by High)
9199,0.011657599328993658,0.409,1,0,False,No Significativo
9200,-0.18344457968591302,0.06,2,0,False,No Significativo
9201,-0.024594712313096616,0.405,2,0,False,No Significativo
9202,1.0664456281183303,0.051,1,0,False,No Significativo
9203,1.4297999786191409,0.003,1,1,True,HH (Hot Spot)
9204,0.550316627498081,0.015,1,1,True,HH (Hot Spot)
9205,0.7829198450578957,0.008,1,1,True,HH (Hot Spot)
9206,0.2480540910120817,0.273,3,0,False,No Significativo
9207,3.517884200055458,0.001,1,1,True,HH (Hot Spot)
9208,0.7861356835495633,0.008,1,1,True,HH (Hot Spot)
9209,0.3873504182837268,0.164,3,0,False,No Significativo
9210,0.20184901791152818,0.268,3,0,False,No Significativo
9211,0.8419767710370533,0.002,1,1,True,HH (Hot Spot)
9212,0.06412246307713165,0.148,3,0,False,No Significativo
9213,1.7161015974936378,0.012,3,3,True,LH (Low surrounded by High)
9214,6.7744720819858335,0.001,3,3,True,LH (Low surrounded by High)
9215,2.0312296051297674,0.001,1,1,True,HH (Hot Spot)
9216,0.09554064174311352,0.415,3,0,False,No Significativo
9217,0.1183973100567115,0.345,3,0,False,No Significativo
9218,2.2250017494077183,0.001,3,3,True,LH (Low surrounded by High)
9219,1.1222884368397337,0.004,3,3,True,LH (Low surrounded by High)
9220,0.763686615847813,0.015,3,3,True,LH (Low surrounded by High)
9221,0.44098542303959093,0.036,3,3,True,LH (Low surrounded by High)
9222,0.5728037775309566,0.032,1,1,True,HH (Hot Spot)
9223,0.05476406020627995,0.314,1,0,False,No Significativo
9224,0.6399601347200807,0.03,3,3,True,LH (Low surrounded by High)
9225,0.29222916790054326,0.16,3,0,False,No Significativo
9226,0.12124763381783445,0.209,1,0,False,No Significativo
9227,-0.029309321372051257,0.123,2,0,False,No Significativo
9228,1.1183473916267046,0.018,3,3,True,LH (Low surrounded by High)
9229,1.1797794923350071,0.006,1,1,True,HH (Hot Spot)
9230,0.2709250197302786,0.139,3,0,False,No Significativo
9231,-0.1953468278838109,0.22,2,0,False,No Significativo
9232,0.043766649753378614,0.293,1,0,False,No Significativo
9233,0.6178249135420532,0.027,1,1,True,HH (Hot Spot)
9234,0.04531539107519747,0.214,1,0,False,No Significativo
9235,3.0331371542072674,0.001,3,3,True,LH (Low surrounded by High)
9236,0.48180285511256504,0.079,1,0,False,No Significativo
9237,0.4311739016908541,0.089,3,0,False,No Significativo
9238,0.14068074788342985,0.089,3,0,False,No Significativo
9239,0.11183446187761488,0.035,1,1,True,HH (Hot Spot)
9240,0.36357593389546944,0.102,1,0,False,No Significativo
9241,4.206565465609106,0.001,3,3,True,LH (Low surrounded by High)
9242,-0.15140620781814831,0.198,4,0,False,No Significativo
9243,1.303584795080352,0.02,3,3,True,LH (Low surrounded by High)
9244,0.27876308294425245,0.108,1,0,False,No Significativo
9245,-0.008235699956294104,0.438,2,0,False,No Significativo
9246,0.009711361620039624,0.47,3,0,False,No Significativo
9247,0.1366635752687874,0.292,3,0,False,No Significativo
9248,1.6311141315830078,0.001,3,3,True,LH (Low surrounded by High)
9249,-0.02400321051424418,0.414,2,0,False,No Significativo
9250,-0.23672042710479946,0.138,4,0,False,No Significativo
9251,0.027249747490993875,0.366,1,0,False,No Significativo
9252,0.032075027255734405,0.384,3,0,False,No Significativo
9253,0.23902839186166705,0.202,1,0,False,No Significativo
9254,-0.06671395830844558,0.206,4,0,False,No Significativo
9255,-0.05851578939740123,0.322,2,0,False,No Significativo
9256,0.005917770409656103,0.42,3,0,False,No Significativo
9257,0.12732955448532837,0.302,1,0,False,No Significativo
9258,2.6780968797885394,0.001,1,1,True,HH (Hot Spot)
9259,2.4992901198362762,0.001,1,1,True,HH (Hot Spot)
9260,1.5638486108134755,0.001,3,3,True,LH (Low surrounded by High)
9261,1.2551919588113438,0.002,3,3,True,LH (Low surrounded by High)
9262,-0.1539864048425894,0.413,4,0,False,No Significativo
9263,1.9256360913783857,0.001,3,3,True,LH (Low surrounded by High)
9264,0.2767978075916338,0.09,3,0,False,No Significativo
9265,1.3041848288717046,0.001,1,1,True,HH (Hot Spot)
9266,0.4517675813470014,0.008,1,1,True,HH (Hot Spot)
9267,2.0456988955710322,0.008,3,3,True,LH (Low surrounded by High)
9268,-0.058377363360117895,0.401,4,0,False,No Significativo
9269,-0.042118800438067816,0.172,2,0,False,No Significativo
9270,0.015629153921425533,0.162,1,0,False,No Significativo
9271,2.362049443902524,0.005,1,1,True,HH (Hot Spot)
9272,-0.04742158062581779,0.487,4,0,False,No Significativo
9273,0.013593055803846585,0.5,3,0,False,No Significativo
9274,1.388468013125262,0.024,1,1,True,HH (Hot Spot)
9275,0.04922169679272063,0.348,3,0,False,No Significativo
9276,0.6384473446775171,0.009,1,1,True,HH (Hot Spot)
9277,2.410078861470841,0.001,1,1,True,HH (Hot Spot)
9278,2.7722646154575536,0.001,3,3,True,LH (Low surrounded by High)
9279,2.973188400517037,0.001,1,1,True,HH (Hot Spot)
9280,0.15904110758835793,0.277,3,0,False,No Significativo
9281,0.04777130294012122,0.272,1,0,False,No Significativo
9282,1.7937533390517835,0.001,3,3,True,LH (Low surrounded by High)
9283,0.09642801347480584,0.26,1,0,False,No Significativo
9284,-0.04890392911913369,0.233,2,0,False,No Significativo
9285,0.2776970487798185,0.059,1,0,False,No Significativo
9286,0.6078992399332502,0.065,1,0,False,No Significativo
9287,0.9211272390490425,0.01,3,3,True,LH (Low surrounded by High)
9288,0.029599044243104295,0.384,1,0,False,No Significativo
9289,1.2357200402466637,0.001,1,1,True,HH (Hot Spot)
9290,1.5302716591634304,0.005,1,1,True,HH (Hot Spot)
9291,0.3857666067893581,0.086,3,0,False,No Significativo
9292,0.21974581081990183,0.216,3,0,False,No Significativo
9293,0.1407958101156433,0.019,1,1,True,HH (Hot Spot)
9294,0.4519380588755338,0.169,3,0,False,No Significativo
9295,0.3312004794593774,0.027,1,1,True,HH (Hot Spot)
9296,-0.086984477508158,0.35,4,0,False,No Significativo
9297,0.11385563632637097,0.33,3,0,False,No Significativo
9298,0.2285022207452804,0.086,1,0,False,No Significativo
9299,1.8707039548393694,0.004,1,1,True,HH (Hot Spot)
9300,-0.25049676744122923,0.08,2,0,False,No Significativo
9301,0.05960468728704816,0.144,3,0,False,No Significativo
9302,-0.0064517116255279295,0.458,2,0,False,No Significativo
9303,1.7285309607925206,0.001,1,1,True,HH (Hot Spot)
9304,0.4172011189281391,0.071,1,0,False,No Significativo
9305,0.0896936805815611,0.319,3,0,False,No Significativo
9306,0.36872230839102454,0.122,3,0,False,No Significativo
9307,-0.03139395609026849,0.41,2,0,False,No Significativo
9308,0.6103010041275647,0.008,1,1,True,HH (Hot Spot)
9309,5.669567017262143,0.001,3,3,True,LH (Low surrounded by High)
9310,0.14923851804130325,0.03,3,3,True,LH (Low surrounded by High)
9311,0.9150495680286612,0.022,3,3,True,LH (Low surrounded by High)
9312,1.2877174618548208,0.007,3,3,True,LH (Low surrounded by High)
9313,0.43492520433180987,0.02,3,3,True,LH (Low surrounded by High)
9314,1.5587745597254936,0.001,3,3,True,LH (Low surrounded by High)
9315,0.11082291138599591,0.332,1,0,False,No Significativo
9316,0.5778438922311313,0.061,3,0,False,No Significativo
9317,-0.06331500396237208,0.257,4,0,False,No Significativo
9318,1.3633682861774405,0.008,1,1,True,HH (Hot Spot)
9319,0.09875517200571403,0.035,1,1,True,HH (Hot Spot)
9320,0.023189508941932543,0.388,3,0,False,No Significativo
9321,0.29235113953964476,0.139,1,0,False,No Significativo
9322,0.13009995780528594,0.25,3,0,False,No Significativo
9323,2.0296491190520514,0.001,1,1,True,HH (Hot Spot)
9324,0.7948658909180677,0.008,1,1,True,HH (Hot Spot)
9325,4.090209641805904,0.001,1,1,True,HH (Hot Spot)
9326,0.0018718422610672525,0.336,1,0,False,No Significativo
9327,2.9555730668781064,0.001,1,1,True,HH (Hot Spot)
9328,0.5307729297626158,0.008,1,1,True,HH (Hot Spot)
9329,-0.05236626718407706,0.121,4,0,False,No Significativo
9330,2.9089637310838516,0.001,3,3,True,LH (Low surrounded by High)
9331,0.5475058184551043,0.025,1,1,True,HH (Hot Spot)
9332,0.19181137848310642,0.31,3,0,False,No Significativo
9333,-0.0030857138723988458,0.476,4,0,False,No Significativo
9334,1.2869292879822656,0.001,3,3,True,LH (Low surrounded by High)
9335,0.25074317098777066,0.192,3,0,False,No Significativo
9336,1.1243863962322944,0.004,1,1,True,HH (Hot Spot)
9337,1.5867558261196044,0.021,3,3,True,LH (Low surrounded by High)
9338,2.3487188213672514,0.017,3,3,True,LH (Low surrounded by High)
9339,0.2498421450374411,0.238,1,0,False,No Significativo
9340,2.341908276150038,0.001,1,1,True,HH (Hot Spot)
9342,1.5577886513020303,0.002,3,3,True,LH (Low surrounded by High)
9343,1.3901574598577213,0.001,3,3,True,LH (Low surrounded by High)
9344,0.10056226372451466,0.327,1,0,False,No Significativo
9345,0.4869236924155446,0.025,1,1,True,HH (Hot Spot)
9346,0.4919336311979474,0.029,3,3,True,LH (Low surrounded by High)
9347,0.3159951000323927,0.077,1,0,False,No Significativo
9348,0.44848525205407336,0.043,1,1,True,HH (Hot Spot)
9349,0.003229987030180842,0.421,1,0,False,No Significativo
9350,0.15720624969371638,0.335,3,0,False,No Significativo
9351,-0.3359434468867417,0.104,4,0,False,No Significativo
9352,-0.02035762666164704,0.499,4,0,False,No Significativo
9353,0.2271602190567451,0.142,3,0,False,No Significativo
9354,0.720455942110716,0.042,1,1,True,HH (Hot Spot)
9355,-0.0046312279298422665,0.464,2,0,False,No Significativo
9356,-0.010925459399355344,0.472,4,0,False,No Significativo
9357,0.4171444519639551,0.129,3,0,False,No Significativo
9358,1.9213807941977346,0.001,1,1,True,HH (Hot Spot)
9359,0.28570663784762246,0.01,3,3,True,LH (Low surrounded by High)
9360,0.9739483610491199,0.009,1,1,True,HH (Hot Spot)
9361,0.061064741259496805,0.35,1,0,False,No Significativo
9362,0.36504448638536646,0.049,1,1,True,HH (Hot Spot)
9363,0.00572395059540641,0.437,3,0,False,No Significativo
9364,4.503159073541628,0.001,3,3,True,LH (Low surrounded by High)
9365,0.3516200160155356,0.161,3,0,False,No Significativo
9366,0.007286919986534441,0.408,1,0,False,No Significativo
9367,0.6134518170474363,0.064,1,0,False,No Significativo
9368,-0.022224125688280482,0.442,4,0,False,No Significativo
9369,0.2585872526074995,0.112,3,0,False,No Significativo
9370,-0.08605599296654103,0.023,4,4,True,HL (High surrounded by Low)
9371,2.0797249180024693,0.001,1,1,True,HH (Hot Spot)
9372,0.8688884276790304,0.004,1,1,True,HH (Hot Spot)
9373,0.25830690305725273,0.244,1,0,False,No Significativo
9374,2.4815662658979702,0.001,3,3,True,LH (Low surrounded by High)
9375,1.800884177288778,0.001,1,1,True,HH (Hot Spot)
9376,2.507616286106583,0.001,3,3,True,LH (Low surrounded by High)
9377,0.6618857399093011,0.056,3,0,False,No Significativo
9378,0.1486411945687354,0.259,3,0,False,No Significativo
9379,-0.020942586823612434,0.382,2,0,False,No Significativo
9380,3.0087171943100057,0.001,3,3,True,LH (Low surrounded by High)
9381,0.02037806979628782,0.191,3,0,False,No Significativo
9382,1.2769990167578265,0.007,1,1,True,HH (Hot Spot)
9383,0.08290175085956221,0.015,1,1,True,HH (Hot Spot)
9384,0.10158219728636085,0.119,1,0,False,No Significativo
9385,0.6771099887572617,0.2,3,0,False,No Significativo
9386,-0.07336218543515062,0.091,4,0,False,No Significativo
9387,0.014820724370621942,0.076,1,0,False,No Significativo
9388,5.2219243154020205,0.001,1,1,True,HH (Hot Spot)
9389,0.20944387758883753,0.129,1,0,False,No Significativo
9390,0.00920513586143902,0.485,3,0,False,No Significativo
9391,0.29878710787185736,0.177,1,0,False,No Significativo
9392,0.5795404348972496,0.102,3,0,False,No Significativo
9393,0.6258074213788289,0.031,1,1,True,HH (Hot Spot)
9394,4.012963483579729,0.001,3,3,True,LH (Low surrounded by High)
9395,1.5313249409336769,0.001,1,1,True,HH (Hot Spot)
9396,-0.1744900733366757,0.329,2,0,False,No Significativo
9397,5.0802905186938405,0.001,3,3,True,LH (Low surrounded by High)
9398,1.4144767149344288,0.02,3,3,True,LH (Low surrounded by High)
9399,1.5341270779900888,0.001,1,1,True,HH (Hot Spot)
9400,0.6156910801032763,0.05,3,0,False,No Significativo
9401,0.2461600174059304,0.175,1,0,False,No Significativo
9402,0.3058420463152968,0.05,1,0,False,No Significativo
9403,0.5646644741473171,0.001,1,1,True,HH (Hot Spot)
9404,2.2676728354164144,0.001,1,1,True,HH (Hot Spot)
9405,1.4229745261733062,0.001,1,1,True,HH (Hot Spot)
9406,1.3763683182856212,0.009,1,1,True,HH (Hot Spot)
9407,0.2634164928534543,0.056,3,0,False,No Significativo
9408,0.037048975823517044,0.29,1,0,False,No Significativo
9409,1.1361396077167514,0.005,1,1,True,HH (Hot Spot)
9410,0.9659379738842337,0.004,1,1,True,HH (Hot Spot)
9411,1.4145363915597247,0.016,3,3,True,LH (Low surrounded by High)
9412,-0.2858907470345449,0.051,2,0,False,No Significativo
9413,0.03133811711504032,0.383,1,0,False,No Significativo
9414,0.05684931301023774,0.207,1,0,False,No Significativo
9415,2.078390494211567,0.001,3,3,True,LH (Low surrounded by High)
9416,0.18355437087744772,0.052,1,0,False,No Significativo
9417,-0.20240916329266256,0.323,4,0,False,No Significativo
9418,-0.03808575148241556,0.261,4,0,False,No Significativo
9419,0.6617729576452619,0.024,1,1,True,HH (Hot Spot)
9420,0.13461910497860874,0.302,1,0,False,No Significativo
9421,1.6839542689127733,0.019,3,3,True,LH (Low surrounded by High)
9422,0.0386094717045477,0.185,3,0,False,No Significativo
9423,0.15330347995801663,0.218,3,0,False,No Significativo
9424,1.8263201470979455,0.002,3,3,True,LH (Low surrounded by High)
9425,0.09841790272776796,0.131,3,0,False,No Significativo
9426,1.9349287703082108,0.001,3,3,True,LH (Low surrounded by High)
9427,-0.0330807315357404,0.465,4,0,False,No Significativo
9428,0.5730662213324306,0.067,3,0,False,No Significativo
9429,2.0662214648079367,0.001,3,3,True,LH (Low surrounded by High)
9430,0.5643976268182663,0.028,3,3,True,LH (Low surrounded by High)
9431,3.688067599463546,0.001,3,3,True,LH (Low surrounded by High)
9432,0.047419418477294355,0.441,3,0,False,No Significativo
9433,0.049615203678315185,0.065,1,0,False,No Significativo
9434,0.22188949095924082,0.317,3,0,False,No Significativo
9435,-0.1686312465671986,0.205,2,0,False,No Significativo
9436,0.2057209779282388,0.025,1,1,True,HH (Hot Spot)
9437,0.816103043767081,0.005,1,1,True,HH (Hot Spot)
9438,0.8474718858406604,0.024,1,1,True,HH (Hot Spot)
9439,-0.12071647191524852,0.088,4,0,False,No Significativo
9440,0.29555749921692454,0.113,1,0,False,No Significativo
9441,0.3218047275533399,0.131,3,0,False,No Significativo
9442,0.20639071611073312,0.144,3,0,False,No Significativo
9443,0.06453645916375976,0.297,3,0,False,No Significativo
9444,1.466401019209685,0.001,1,1,True,HH (Hot Spot)
9445,0.12680180881564507,0.027,1,1,True,HH (Hot Spot)
9446,2.4621142388176347,0.002,3,3,True,LH (Low surrounded by High)
9447,0.9771048771077098,0.021,1,1,True,HH (Hot Spot)
9448,-0.0474706085336246,0.398,4,0,False,No Significativo
9449,1.7872484897684313,0.001,1,1,True,HH (Hot Spot)
9450,0.6799145330659377,0.044,1,1,True,HH (Hot Spot)
9452,0.24289979335100867,0.001,3,3,True,LH (Low surrounded by High)
9453,3.4916343860313197,0.001,3,3,True,LH (Low surrounded by High)
9454,1.9471194429561642,0.001,3,3,True,LH (Low surrounded by High)
9455,0.9609980985792677,0.031,3,3,True,LH (Low surrounded by High)
9456,0.09009668304858957,0.428,3,0,False,No Significativo
9457,0.2747566979212387,0.193,3,0,False,No Significativo
9458,1.22216707407231,0.004,3,3,True,LH (Low surrounded by High)
9459,0.047973574536831244,0.135,3,0,False,No Significativo
9460,-0.00031195366867879106,0.484,4,0,False,No Significativo
9461,0.1403439565085171,0.378,1,0,False,No Significativo
9462,0.43244281286735536,0.054,3,0,False,No Significativo
9463,0.9370182900201944,0.006,1,1,True,HH (Hot Spot)
9464,0.16527386525755458,0.289,1,0,False,No Significativo
9465,0.1009805840871458,0.281,1,0,False,No Significativo
9466,2.3500989452498793,0.001,3,3,True,LH (Low surrounded by High)
9467,3.689197808094973,0.001,3,3,True,LH (Low surrounded by High)
9468,0.016795229034421294,0.45,1,0,False,No Significativo
9469,0.4201660969509444,0.072,1,0,False,No Significativo
9470,0.11908937212874589,0.001,3,3,True,LH (Low surrounded by High)
9471,0.0139512532146405,0.353,1,0,False,No Significativo
9472,3.6958393253196915,0.001,3,3,True,LH (Low surrounded by High)
9473,0.47863442606860873,0.069,1,0,False,No Significativo
9474,0.32242119270198816,0.106,3,0,False,No Significativo
9475,0.49796213270979844,0.016,1,1,True,HH (Hot Spot)
9476,0.5863694515731863,0.008,1,1,True,HH (Hot Spot)
9477,0.08574982909352827,0.145,3,0,False,No Significativo
9478,-0.05989219896051745,0.381,4,0,False,No Significativo
9479,0.03610131298324823,0.172,1,0,False,No Significativo
9480,0.025848071848078663,0.4,1,0,False,No Significativo
9481,0.6153466572375118,0.087,3,0,False,No Significativo
9482,2.4538648424331146,0.001,3,3,True,LH (Low surrounded by High)
9483,0.737596611357325,0.054,3,0,False,No Significativo
9484,-0.049157728207895574,0.376,2,0,False,No Significativo
9485,0.023807414408776265,0.418,1,0,False,No Significativo
9486,0.17850571000117704,0.212,1,0,False,No Significativo
9487,0.30057594946768285,0.037,3,3,True,LH (Low surrounded by High)
9488,0.013086896477569984,0.422,3,0,False,No Significativo
9489,0.31180937936930964,0.1,1,0,False,No Significativo
9490,0.4886658395055306,0.126,1,0,False,No Significativo
9491,0.18343236836568394,0.146,3,0,False,No Significativo
9492,-0.04235377127631111,0.444,2,0,False,No Significativo
9493,1.8049543087660984,0.001,1,1,True,HH (Hot Spot)
9494,2.9307803127614105,0.001,1,1,True,HH (Hot Spot)
9495,0.7263311935371177,0.007,3,3,True,LH (Low surrounded by High)
9496,0.0774448134866443,0.197,3,0,False,No Significativo
9497,0.6479181657270342,0.03,3,3,True,LH (Low surrounded by High)
9498,0.5413170468198797,0.073,3,0,False,No Significativo
9499,1.1199437291149175,0.001,1,1,True,HH (Hot Spot)
9500,0.06940819771589248,0.267,1,0,False,No Significativo
9501,0.007108499908093949,0.434,1,0,False,No Significativo
9502,-0.06595840277862823,0.08,2,0,False,No Significativo
9503,0.5152572617122247,0.062,1,0,False,No Significativo
9504,2.5418280163028633,0.001,1,1,True,HH (Hot Spot)
9505,0.11217749719498955,0.228,1,0,False,No Significativo
9506,1.2111478939621445,0.016,1,1,True,HH (Hot Spot)
9507,0.7918934905270123,0.05,1,0,False,No Significativo
9508,0.5114862550877578,0.013,1,1,True,HH (Hot Spot)
9509,0.062226049964211105,0.33,3,0,False,No Significativo
9510,0.3353575453173381,0.162,1,0,False,No Significativo
9511,1.1815569220775122,0.008,1,1,True,HH (Hot Spot)
9512,2.6354726488328115,0.001,3,3,True,LH (Low surrounded by High)
9513,1.275124240393852,0.001,1,1,True,HH (Hot Spot)
9514,0.026445603597111792,0.428,1,0,False,No Significativo
9515,0.49310168719193226,0.06,3,0,False,No Significativo
9516,0.057298142008681135,0.352,1,0,False,No Significativo
9517,0.5163977783979485,0.111,1,0,False,No Significativo
9518,0.4568670251363404,0.081,1,0,False,No Significativo
9519,-0.1720766922899826,0.189,2,0,False,No Significativo
9520,0.9802938141573704,0.014,1,1,True,HH (Hot Spot)
9521,0.027214126615316792,0.206,3,0,False,No Significativo
9522,0.07470286260840853,0.188,1,0,False,No Significativo
9523,0.6086260051619601,0.002,3,3,True,LH (Low surrounded by High)
9524,0.17273347132096847,0.098,3,0,False,No Significativo
9525,1.9464304606665035,0.01,3,3,True,LH (Low surrounded by High)
9526,0.23564117749616048,0.022,1,1,True,HH (Hot Spot)
9527,0.9582482913978411,0.013,3,3,True,LH (Low surrounded by High)
9528,0.40907632320422826,0.018,1,1,True,HH (Hot Spot)
9529,0.21156880850564908,0.115,1,0,False,No Significativo
9530,0.9792054532571597,0.023,3,3,True,LH (Low surrounded by High)
9531,0.5391665392887518,0.083,3,0,False,No Significativo
9532,0.7236175965047663,0.026,1,1,True,HH (Hot Spot)
9533,0.2558851411042202,0.179,1,0,False,No Significativo
9534,0.7075133932983929,0.081,1,0,False,No Significativo
9535,-0.4222184063324089,0.065,4,0,False,No Significativo
9536,0.05887116859382579,0.385,3,0,False,No Significativo
9537,0.07202409177658549,0.287,1,0,False,No Significativo
9538,-0.04050965478282179,0.155,2,0,False,No Significativo
9539,-0.12484763313674341,0.143,4,0,False,No Significativo
9540,0.021950563536816157,0.276,3,0,False,No Significativo
9541,0.10333008393835202,0.164,3,0,False,No Significativo
9542,0.31995555692128697,0.026,1,1,True,HH (Hot Spot)
9543,3.7444666778688522,0.001,3,3,True,LH (Low surrounded by High)
9544,1.1953219470390644,0.023,3,3,True,LH (Low surrounded by High)
9545,0.9694514294622874,0.029,3,3,True,LH (Low surrounded by High)
9546,1.2582861201505338,0.013,3,3,True,LH (Low surrounded by High)
9547,-0.3357149524956411,0.039,2,2,True,LL (Cold Spot)
9548,0.8645172408546418,0.018,3,3,True,LH (Low surrounded by High)
9549,0.11464683245855424,0.309,3,0,False,No Significativo
9550,0.6427235792227968,0.038,3,3,True,LH (Low surrounded by High)
9551,0.16899705462928044,0.164,1,0,False,No Significativo
9552,0.0026329561215820622,0.295,3,0,False,No Significativo
9553,0.11639481438822205,0.227,1,0,False,No Significativo
9554,0.24779184922567443,0.01,1,1,True,HH (Hot Spot)
9555,0.19576032803826743,0.081,1,0,False,No Significativo
9556,0.13652016855872579,0.136,3,0,False,No Significativo
9557,0.18196897182407412,0.227,3,0,False,No Significativo
9558,0.7386992771281538,0.005,1,1,True,HH (Hot Spot)
9559,0.001121062811372919,0.428,3,0,False,No Significativo
9560,2.4032625043777283,0.001,1,1,True,HH (Hot Spot)
9561,0.4208425236356455,0.112,1,0,False,No Significativo
9562,3.9400668431815355,0.001,1,1,True,HH (Hot Spot)
9563,0.17701417697779476,0.211,1,0,False,No Significativo
9564,-0.021473428595780622,0.361,4,0,False,No Significativo
9565,2.566061805926516,0.001,1,1,True,HH (Hot Spot)
9566,0.8119528955838952,0.008,1,1,True,HH (Hot Spot)
9567,0.6843744086506629,0.022,1,1,True,HH (Hot Spot)
9568,0.13676517813647335,0.251,3,0,False,No Significativo
9569,1.1230598262599685,0.037,1,1,True,HH (Hot Spot)
9570,-0.006739093124326135,0.425,2,0,False,No Significativo
9571,1.5863346857090366,0.001,3,3,True,LH (Low surrounded by High)
9572,0.5469373777748167,0.08,1,0,False,No Significativo
9573,0.1377360064761931,0.146,3,0,False,No Significativo
9574,1.1355594853226136,0.026,3,3,True,LH (Low surrounded by High)
9575,0.7116360011658288,0.043,1,1,True,HH (Hot Spot)
9576,0.012295100536744695,0.471,3,0,False,No Significativo
9577,0.4247709971320661,0.014,3,3,True,LH (Low surrounded by High)
9578,-0.17263996085437125,0.327,2,0,False,No Significativo
9579,0.27844156315117397,0.089,1,0,False,No Significativo
9580,0.108592559164157,0.157,3,0,False,No Significativo
9581,0.8402093181305913,0.01,1,1,True,HH (Hot Spot)
9582,-0.006453039409309493,0.36,2,0,False,No Significativo
9583,-0.16798710987682636,0.234,4,0,False,No Significativo
9584,0.02166103657786962,0.368,1,0,False,No Significativo
9585,0.12277010310190901,0.247,3,0,False,No Significativo
9586,0.5486095039912674,0.04,1,1,True,HH (Hot Spot)
9587,1.5573521859548753,0.007,1,1,True,HH (Hot Spot)
9588,0.1627510860290116,0.292,1,0,False,No Significativo
9589,0.047800185640867146,0.439,3,0,False,No Significativo
9590,0.25886296431640704,0.129,1,0,False,No Significativo
9591,0.465118803674008,0.027,1,1,True,HH (Hot Spot)
9592,2.0195861221481186,0.001,1,1,True,HH (Hot Spot)
9593,0.0003754300739278608,0.48,3,0,False,No Significativo
9594,0.5014666583982127,0.043,1,1,True,HH (Hot Spot)
9595,3.3854430034214436,0.001,3,3,True,LH (Low surrounded by High)
9596,0.025314791939667312,0.098,1,0,False,No Significativo
9597,0.00017216342937968672,0.219,3,0,False,No Significativo
9598,0.7370288425713032,0.065,1,0,False,No Significativo
9599,-0.001279350946293868,0.183,4,0,False,No Significativo
9600,-0.01710219241264046,0.499,4,0,False,No Significativo
9601,0.6579607019544894,0.064,3,0,False,No Significativo
9602,-0.11357396759894878,0.289,2,0,False,No Significativo
9603,0.2676094885213964,0.078,1,0,False,No Significativo
9604,-0.1339291240406032,0.232,2,0,False,No Significativo
9605,-0.036655613256284365,0.069,4,0,False,No Significativo
9606,2.5239149503512266,0.001,1,1,True,HH (Hot Spot)
9607,0.5443572617604384,0.021,3,3,True,LH (Low surrounded by High)
9608,0.13598025576630088,0.163,3,0,False,No Significativo
9609,0.19456771942478973,0.251,1,0,False,No Significativo
9610,3.6017921044435126,0.001,3,3,True,LH (Low surrounded by High)
9611,0.296447024569262,0.142,3,0,False,No Significativo
9612,1.2196492685429483,0.001,1,1,True,HH (Hot Spot)
9613,0.48934228891405945,0.014,1,1,True,HH (Hot Spot)
9614,-0.020088830609416772,0.445,4,0,False,No Significativo
9615,0.5210563082370502,0.064,1,0,False,No Significativo
9616,0.04330987836633467,0.262,3,0,False,No Significativo
9617,0.042786105983104915,0.327,1,0,False,No Significativo
9618,4.829886492227631,0.001,1,1,True,HH (Hot Spot)
9619,-0.007690218901424478,0.094,2,0,False,No Significativo
9620,0.8067346139313929,0.01,1,1,True,HH (Hot Spot)
9621,0.43827478406349507,0.006,3,3,True,LH (Low surrounded by High)
9622,1.3581197198463828,0.021,3,3,True,LH (Low surrounded by High)
9623,0.8094863155518229,0.009,1,1,True,HH (Hot Spot)
9624,0.0019695708038047067,0.497,3,0,False,No Significativo
9625,4.470467177059796,0.001,3,3,True,LH (Low surrounded by High)
9626,0.782801286137758,0.049,1,1,True,HH (Hot Spot)
9627,0.11604036383894195,0.147,1,0,False,No Significativo
9628,0.6067943734087368,0.002,3,3,True,LH (Low surrounded by High)
9629,0.40313270166680937,0.107,3,0,False,No Significativo
9630,5.562967217877034,0.001,1,1,True,HH (Hot Spot)
9631,0.02294111782780378,0.445,3,0,False,No Significativo
9632,0.49023999807532126,0.073,1,0,False,No Significativo
9633,0.013839144404472902,0.461,3,0,False,No Significativo
9634,0.8016400542885814,0.006,1,1,True,HH (Hot Spot)
9635,2.154355359305087,0.001,1,1,True,HH (Hot Spot)
9636,0.05165099171507988,0.035,1,1,True,HH (Hot Spot)
9637,0.05975624468931571,0.33,3,0,False,No Significativo
9638,1.0634085102625197,0.01,1,1,True,HH (Hot Spot)
9639,2.3733455809772352,0.001,1,1,True,HH (Hot Spot)
9640,0.7364304779749012,0.067,3,0,False,No Significativo
9641,1.076370389759755,0.022,3,3,True,LH (Low surrounded by High)
9642,0.19096561723415192,0.007,1,1,True,HH (Hot Spot)
9643,0.07473087258660346,0.251,1,0,False,No Significativo
9644,2.326668457945664,0.001,3,3,True,LH (Low surrounded by High)
9645,-0.07105283269290613,0.424,4,0,False,No Significativo
9646,0.027429678080168704,0.483,3,0,False,No Significativo
9647,0.5032064817240968,0.01,1,1,True,HH (Hot Spot)
9648,0.1981684001785861,0.123,1,0,False,No Significativo
9649,1.1529079748345359,0.011,3,3,True,LH (Low surrounded by High)
9650,0.5811964789382452,0.035,1,1,True,HH (Hot Spot)
9651,2.3670419035381305,0.004,3,3,True,LH (Low surrounded by High)
9652,0.11235301003544786,0.283,1,0,False,No Significativo
9653,0.13263037402066596,0.022,3,3,True,LH (Low surrounded by High)
9654,0.18699496569847082,0.21,3,0,False,No Significativo
9655,1.641909346002887,0.002,3,3,True,LH (Low surrounded by High)
9656,-0.05534835550433916,0.146,4,0,False,No Significativo
9657,3.4558558214809274,0.001,3,3,True,LH (Low surrounded by High)
9658,0.9175113618002116,0.002,3,3,True,LH (Low surrounded by High)
9659,0.2368046254746571,0.067,1,0,False,No Significativo
9660,0.2014601608380865,0.041,3,3,True,LH (Low surrounded by High)
9661,0.07192253600701243,0.1,1,0,False,No Significativo
9662,0.6644704881896345,0.052,1,0,False,No Significativo
9663,0.10494269070845778,0.197,1,0,False,No Significativo
9664,0.48413181695650226,0.035,1,1,True,HH (Hot Spot)
9665,0.13505594928868755,0.222,1,0,False,No Significativo
9666,0.005039493063909652,0.486,3,0,False,No Significativo
9667,0.2003626062346131,0.093,3,0,False,No Significativo
9668,1.6501998471761192,0.008,1,1,True,HH (Hot Spot)
9669,0.5204743092017928,0.049,1,1,True,HH (Hot Spot)
9670,3.9874836925589223,0.001,3,3,True,LH (Low surrounded by High)
9671,2.7320800795635143,0.001,1,1,True,HH (Hot Spot)
9672,0.013731841186143314,0.342,1,0,False,No Significativo
9673,-0.0006371279701948159,0.125,2,0,False,No Significativo
9674,2.786035092588669,0.001,3,3,True,LH (Low surrounded by High)
9675,3.145396764393767,0.001,3,3,True,LH (Low surrounded by High)
9676,1.2904174519273326,0.006,3,3,True,LH (Low surrounded by High)
9677,0.11252235538591913,0.061,3,0,False,No Significativo
9678,0.004557535341932652,0.311,3,0,False,No Significativo
9679,0.3308260447845222,0.235,1,0,False,No Significativo
9680,1.3457007237110756,0.007,3,3,True,LH (Low surrounded by High)
9681,0.1938341260343872,0.164,3,0,False,No Significativo
9682,-0.007731829853054484,0.45,2,0,False,No Significativo
9683,0.04900976070962824,0.409,1,0,False,No Significativo
9684,0.25803385039136395,0.022,3,3,True,LH (Low surrounded by High)
9685,0.35775570744109536,0.136,1,0,False,No Significativo
9686,0.19531738747222424,0.128,1,0,False,No Significativo
9687,2.7812462439716152,0.001,3,3,True,LH (Low surrounded by High)
9688,0.6944212387554816,0.057,3,0,False,No Significativo
9689,3.5612390875059785,0.001,3,3,True,LH (Low surrounded by High)
9690,0.30873298728761994,0.329,1,0,False,No Significativo
9691,1.4915317347244559,0.006,1,1,True,HH (Hot Spot)
9692,0.4313308268079797,0.093,1,0,False,No Significativo
9693,3.920786447210637,0.001,3,3,True,LH (Low surrounded by High)
9694,0.4013821214769698,0.081,1,0,False,No Significativo
9695,4.861221087979224,0.001,3,3,True,LH (Low surrounded by High)
9696,3.7391625437778004,0.001,1,1,True,HH (Hot Spot)
9697,0.10927576338267612,0.041,1,1,True,HH (Hot Spot)
9698,0.2663803005280169,0.09,1,0,False,No Significativo
9699,0.7460681360895719,0.074,1,0,False,No Significativo
9700,3.9745927915451555,0.001,3,3,True,LH (Low surrounded by High)
9701,-0.19090498181344293,0.212,4,0,False,No Significativo
9702,0.14810451013571033,0.227,1,0,False,No Significativo
9703,0.675880864230651,0.053,1,0,False,No Significativo
9704,0.07043602740417436,0.205,3,0,False,No Significativo
9705,2.681149643680939,0.001,3,3,True,LH (Low surrounded by High)
9706,-0.07327963246558611,0.159,4,0,False,No Significativo
9707,-0.12180224025857597,0.285,4,0,False,No Significativo
9708,-0.02097286606809229,0.393,2,0,False,No Significativo
9709,0.13506208900045433,0.137,3,0,False,No Significativo
9710,0.04220740030476671,0.168,1,0,False,No Significativo
9711,0.8528601802529392,0.023,3,3,True,LH (Low surrounded by High)
9712,0.09541271229129897,0.07,1,0,False,No Significativo
9713,-0.02027664848906121,0.373,2,0,False,No Significativo
9714,0.9337747245847762,0.024,1,1,True,HH (Hot Spot)
9715,2.6067554667854904,0.001,1,1,True,HH (Hot Spot)
9716,0.5897520927064005,0.021,1,1,True,HH (Hot Spot)
9717,1.1337902616737974,0.018,3,3,True,LH (Low surrounded by High)
9718,0.03492119666182014,0.377,1,0,False,No Significativo
9719,0.24657736894227,0.118,3,0,False,No Significativo
9720,0.08678086498599433,0.125,3,0,False,No Significativo
9721,0.27456750855728373,0.143,1,0,False,No Significativo
9722,0.09894944650538867,0.143,1,0,False,No Significativo
9723,0.07687024500107109,0.36,3,0,False,No Significativo
9725,-0.24110570577926996,0.188,2,0,False,No Significativo
9726,0.050489464769798514,0.09,1,0,False,No Significativo
9727,0.002555816177990723,0.455,1,0,False,No Significativo
9728,0.2853196044990011,0.228,1,0,False,No Significativo
9729,0.4076584372050678,0.059,1,0,False,No Significativo
9730,1.2501648934064833,0.008,1,1,True,HH (Hot Spot)
9731,-0.00023445141868847345,0.483,2,0,False,No Significativo
9732,0.07819963878057541,0.23,1,0,False,No Significativo
9733,0.4737773343176675,0.018,1,1,True,HH (Hot Spot)
9734,0.20993987467986525,0.096,1,0,False,No Significativo
9735,3.5990459734106253,0.001,3,3,True,LH (Low surrounded by High)
9736,2.824105060358478,0.001,1,1,True,HH (Hot Spot)
9737,-0.05662253567464426,0.324,2,0,False,No Significativo
9738,-0.060542916794405766,0.303,2,0,False,No Significativo
9739,-0.03099133307199424,0.418,2,0,False,No Significativo
9740,0.023911518856691433,0.174,3,0,False,No Significativo
9741,-0.006411600670025821,0.476,2,0,False,No Significativo
9742,-0.07447637992256509,0.065,2,0,False,No Significativo
9743,0.022582295931392937,0.446,3,0,False,No Significativo
9744,0.21702057100572827,0.16,1,0,False,No Significativo
9745,0.012153839824964992,0.438,1,0,False,No Significativo
9746,1.6692921839904389,0.002,3,3,True,LH (Low surrounded by High)
9747,0.023920773012763668,0.447,1,0,False,No Significativo
9748,0.4701763732723745,0.065,1,0,False,No Significativo
9749,0.045869700028466395,0.375,3,0,False,No Significativo
9750,0.420278686877762,0.097,3,0,False,No Significativo
9751,1.2062245104766174,0.002,3,3,True,LH (Low surrounded by High)
9752,0.948174546788836,0.022,3,3,True,LH (Low surrounded by High)
9753,0.9385244999691107,0.018,1,1,True,HH (Hot Spot)
9754,-0.11846734284352489,0.144,2,0,False,No Significativo
9755,0.3324122842288612,0.103,3,0,False,No Significativo
9756,0.09440288699764268,0.159,3,0,False,No Significativo
9757,0.03809494638455178,0.137,1,0,False,No Significativo
9758,0.22630679454562364,0.097,1,0,False,No Significativo
9759,0.0012578726072681216,0.481,1,0,False,No Significativo
9760,0.02495224257665418,0.294,3,0,False,No Significativo
9761,1.0297465040079858,0.001,1,1,True,HH (Hot Spot)
9762,0.3795044070581352,0.021,1,1,True,HH (Hot Spot)
9763,0.06073061088699495,0.054,1,0,False,No Significativo
9764,-0.04171287236108776,0.362,2,0,False,No Significativo
9765,0.11235515949373781,0.121,3,0,False,No Significativo
9766,0.038268126381273075,0.208,1,0,False,No Significativo
9767,0.018707877582055155,0.293,1,0,False,No Significativo
9768,0.10618812665671477,0.346,3,0,False,No Significativo
9769,1.0952958978872283,0.021,3,3,True,LH (Low surrounded by High)
9770,0.2696101065078664,0.062,3,0,False,No Significativo
9771,0.9175419029110072,0.045,3,3,True,LH (Low surrounded by High)
9772,0.45843872530154606,0.051,1,0,False,No Significativo
9773,0.2825040570292348,0.055,3,0,False,No Significativo
9774,-0.03897433784972795,0.243,2,0,False,No Significativo
9775,-0.044382066965723055,0.109,2,0,False,No Significativo
9776,0.3308993012253096,0.008,1,1,True,HH (Hot Spot)
9777,0.1823853902465223,0.123,3,0,False,No Significativo
9778,0.2866430616821242,0.16,3,0,False,No Significativo
9779,0.30388762015663784,0.103,1,0,False,No Significativo
9780,0.755144093439329,0.046,3,3,True,LH (Low surrounded by High)
9781,1.4789964608971664,0.002,1,1,True,HH (Hot Spot)
9782,0.4682955054506903,0.148,1,0,False,No Significativo
9783,0.15746484160478125,0.292,1,0,False,No Significativo
9784,0.380365170191332,0.021,3,3,True,LH (Low surrounded by High)
9785,0.6227983370786014,0.021,1,1,True,HH (Hot Spot)
9786,0.9913327656974796,0.009,1,1,True,HH (Hot Spot)
9787,3.3580281614859304,0.001,3,3,True,LH (Low surrounded by High)
9788,0.4195277449464697,0.068,1,0,False,No Significativo
9789,4.025852141095868,0.001,3,3,True,LH (Low surrounded by High)
9790,0.1321782835696067,0.029,1,1,True,HH (Hot Spot)
9791,0.050215689764281056,0.336,3,0,False,No Significativo
9792,0.0035497585870930656,0.488,3,0,False,No Significativo
9793,1.3947285068614836,0.002,3,3,True,LH (Low surrounded by High)
9794,0.17235223559392893,0.279,1,0,False,No Significativo
9795,-0.0035557045032688496,0.301,2,0,False,No Significativo
9796,-0.09060938386502701,0.369,4,0,False,No Significativo
9797,0.18164579762642233,0.031,3,3,True,LH (Low surrounded by High)
9798,-0.14931077276829618,0.11,2,0,False,No Significativo
9799,0.29517030724786475,0.081,1,0,False,No Significativo
9800,0.7537809329164412,0.072,3,0,False,No Significativo
9801,1.912750852142438,0.001,1,1,True,HH (Hot Spot)
9802,-0.13768488076016794,0.263,4,0,False,No Significativo
9803,0.07068048460518724,0.392,3,0,False,No Significativo
9804,0.5792677742148119,0.008,1,1,True,HH (Hot Spot)
9805,3.1238719247973576,0.001,1,1,True,HH (Hot Spot)
9806,-0.06862358202269317,0.027,2,2,True,LL (Cold Spot)
9807,0.05377434184150692,0.258,3,0,False,No Significativo
9808,-0.02917506467097756,0.324,2,0,False,No Significativo
9809,0.06692928521066904,0.297,3,0,False,No Significativo
9810,0.11150485072062995,0.239,1,0,False,No Significativo
9811,0.5580418339230996,0.01,1,1,True,HH (Hot Spot)
9812,0.09564803354829482,0.161,1,0,False,No Significativo
9813,0.014901973576317354,0.418,3,0,False,No Significativo
9814,0.07563022252108265,0.051,1,0,False,No Significativo
9815,-0.06444986821150508,0.353,2,0,False,No Significativo
9816,3.482182044103085,0.001,3,3,True,LH (Low surrounded by High)
9817,0.16607768825277347,0.13,1,0,False,No Significativo
9818,0.17714966800402177,0.127,3,0,False,No Significativo
9819,0.4933203040058716,0.04,1,1,True,HH (Hot Spot)
9820,-0.008102197435708699,0.454,2,0,False,No Significativo
9821,-0.17136875115916786,0.367,2,0,False,No Significativo
9822,0.31107975709453956,0.08,1,0,False,No Significativo
9823,-0.009454146107369055,0.23,2,0,False,No Significativo
9824,1.3083971738234865,0.058,3,0,False,No Significativo
9825,3.3314253470773636,0.001,1,1,True,HH (Hot Spot)
9826,-0.09656908768793021,0.213,4,0,False,No Significativo
9827,-0.1429898624016473,0.146,4,0,False,No Significativo
9828,0.08794149255187032,0.374,3,0,False,No Significativo
9829,2.760537390539192,0.001,3,3,True,LH (Low surrounded by High)
9830,0.030173462839815018,0.271,3,0,False,No Significativo
9831,2.0982211264979407,0.001,1,1,True,HH (Hot Spot)
9832,1.3982909088150801,0.009,1,1,True,HH (Hot Spot)
9833,-0.051446242144729905,0.419,2,0,False,No Significativo
9834,0.010207066747281668,0.407,1,0,False,No Significativo
9835,0.4610716742416867,0.096,3,0,False,No Significativo
9836,-0.021946968337006836,0.358,2,0,False,No Significativo
9837,0.4072280286064534,0.123,1,0,False,No Significativo
9838,0.6301963774952839,0.047,1,1,True,HH (Hot Spot)
9839,-0.005377629653034828,0.431,2,0,False,No Significativo
9840,0.40099735745022513,0.122,3,0,False,No Significativo
9841,0.17228956980714746,0.136,1,0,False,No Significativo
9842,0.5316710447102458,0.015,1,1,True,HH (Hot Spot)
9843,1.8638751993466214,0.001,3,3,True,LH (Low surrounded by High)
9844,1.0142715367556416,0.025,1,1,True,HH (Hot Spot)
9845,3.4885192904055993,0.001,3,3,True,LH (Low surrounded by High)
9846,0.27517005236023345,0.054,3,0,False,No Significativo
9847,3.291304957712849,0.001,1,1,True,HH (Hot Spot)
9848,1.2860031469095512,0.02,3,3,True,LH (Low surrounded by High)
9849,0.27039257563824964,0.137,3,0,False,No Significativo
9850,-0.05628461558585332,0.449,4,0,False,No Significativo
9851,0.21070572021429532,0.188,1,0,False,No Significativo
9852,0.5574939049523646,0.094,1,0,False,No Significativo
9853,2.751067009189081,0.001,1,1,True,HH (Hot Spot)
9854,0.14537284888223803,0.251,3,0,False,No Significativo
9855,-0.028984499171600887,0.22,2,0,False,No Significativo
9856,1.2559416165717334,0.001,1,1,True,HH (Hot Spot)
9857,1.0383936156195146,0.021,3,3,True,LH (Low surrounded by High)
9858,1.4876784094049478,0.009,1,1,True,HH (Hot Spot)
9859,1.6261230810062055,0.001,1,1,True,HH (Hot Spot)
9860,0.11200140748430643,0.318,1,0,False,No Significativo
9861,0.33274180326716446,0.065,1,0,False,No Significativo
9862,0.418604970599775,0.012,1,1,True,HH (Hot Spot)
9863,-0.14259638216976742,0.32,4,0,False,No Significativo
9864,0.14279956141126043,0.268,3,0,False,No Significativo
9865,0.3472904674980093,0.036,1,1,True,HH (Hot Spot)
9866,0.6025948204387098,0.011,3,3,True,LH (Low surrounded by High)
9867,0.035305392271623826,0.245,1,0,False,No Significativo
9868,0.5466814686911365,0.233,1,0,False,No Significativo
9869,-0.0035777803366844837,0.337,2,0,False,No Significativo
9870,1.659958777224163e-05,0.474,3,0,False,No Significativo
9871,0.4262508514745909,0.026,3,3,True,LH (Low surrounded by High)
9872,0.6485691753019414,0.027,3,3,True,LH (Low surrounded by High)
9873,2.3682500780156204,0.001,3,3,True,LH (Low surrounded by High)
9874,0.6795061595947111,0.066,3,0,False,No Significativo
9875,4.482165479575462,0.001,3,3,True,LH (Low surrounded by High)
9876,0.6848099957037788,0.044,3,3,True,LH (Low surrounded by High)
9877,-0.028327605475372143,0.445,4,0,False,No Significativo
9878,0.04545361871026678,0.403,1,0,False,No Significativo
9879,0.475675610511801,0.065,1,0,False,No Significativo
9880,0.08256700420558409,0.146,1,0,False,No Significativo
9881,6.455711419222083,0.001,1,1,True,HH (Hot Spot)
9882,0.35739346737069777,0.021,1,1,True,HH (Hot Spot)
9883,0.25302632859970053,0.122,1,0,False,No Significativo
9884,0.2556786905467641,0.147,3,0,False,No Significativo
9885,0.1056226479756156,0.201,3,0,False,No Significativo
9886,0.006191700817576901,0.09,1,0,False,No Significativo
9887,4.072945776015103,0.001,3,3,True,LH (Low surrounded by High)
9888,0.17200332133901036,0.208,1,0,False,No Significativo
9889,2.230037727540257,0.001,1,1,True,HH (Hot Spot)
9890,0.7182338721455477,0.07,1,0,False,No Significativo
9891,0.10497068173199504,0.197,1,0,False,No Significativo
9892,1.9203008784065982,0.001,3,3,True,LH (Low surrounded by High)
9893,4.162263883168567,0.001,3,3,True,LH (Low surrounded by High)
9894,2.1714177020881977,0.002,3,3,True,LH (Low surrounded by High)
9895,0.0013926537517522596,0.489,3,0,False,No Significativo
9896,-0.10251120105050258,0.153,4,0,False,No Significativo
9897,-0.008919279895894786,0.426,2,0,False,No Significativo
9898,-0.0491575320659891,0.328,4,0,False,No Significativo
9899,0.9049276770405282,0.041,3,3,True,LH (Low surrounded by High)
9900,-0.013381371000947374,0.262,2,0,False,No Significativo
9901,0.4992953899074016,0.089,1,0,False,No Significativo
9902,-0.04526092213096433,0.138,4,0,False,No Significativo
9903,0.7539141859293346,0.021,3,3,True,LH (Low surrounded by High)
9904,0.0017382657850716285,0.439,3,0,False,No Significativo
9905,1.815450385298248,0.003,3,3,True,LH (Low surrounded by High)
9906,0.9203573444228043,0.021,3,3,True,LH (Low surrounded by High)
9907,4.9628813179728635,0.001,3,3,True,LH (Low surrounded by High)
9908,0.3625716620835472,0.149,1,0,False,No Significativo
9909,1.2236514902965867,0.001,1,1,True,HH (Hot Spot)
9910,0.02766734804749732,0.326,1,0,False,No Significativo
9911,-0.16529608255610473,0.182,2,0,False,No Significativo
9912,5.58334357497294,0.001,1,1,True,HH (Hot Spot)
9913,0.49524442546440256,0.097,3,0,False,No Significativo
9914,0.40856823200859993,0.096,1,0,False,No Significativo
9915,1.3881750491536453,0.011,3,3,True,LH (Low surrounded by High)
9916,1.1791090051323379,0.02,1,1,True,HH (Hot Spot)
9917,4.239773733703501,0.001,3,3,True,LH (Low surrounded by High)
9918,0.7130876378315744,0.055,3,0,False,No Significativo
9919,0.007060510603544789,0.422,3,0,False,No Significativo
9920,0.0176857217490296,0.258,1,0,False,No Significativo
9921,0.28621832753188575,0.15,3,0,False,No Significativo
9922,0.9043945807932616,0.036,1,1,True,HH (Hot Spot)
9923,0.0343616533451552,0.236,3,0,False,No Significativo
9924,0.4651914919623875,0.014,1,1,True,HH (Hot Spot)
9925,-0.0019364036995747958,0.472,2,0,False,No Significativo
9926,0.048800949670589525,0.412,3,0,False,No Significativo
9927,0.09164371556095324,0.283,3,0,False,No Significativo
9928,0.05976954629522984,0.133,1,0,False,No Significativo
9929,0.29574096929545673,0.165,3,0,False,No Significativo
9930,0.4507716221912276,0.052,1,0,False,No Significativo
9931,0.05624288209271817,0.206,3,0,False,No Significativo
9932,0.0022212441973387185,0.493,3,0,False,No Significativo
9933,1.065629060388229,0.011,1,1,True,HH (Hot Spot)
9934,0.8775975106703314,0.014,1,1,True,HH (Hot Spot)
9935,1.0864639971462824,0.02,3,3,True,LH (Low surrounded by High)
9936,0.8045140743733437,0.065,3,0,False,No Significativo
9937,2.6610079237504363,0.001,3,3,True,LH (Low surrounded by High)
9938,0.20909747969019502,0.183,3,0,False,No Significativo
9939,0.7464388718164991,0.01,1,1,True,HH (Hot Spot)
9940,0.03251348066283744,0.276,1,0,False,No Significativo
9941,0.7641784940672435,0.044,1,1,True,HH (Hot Spot)
9942,3.4090178002849703,0.001,3,3,True,LH (Low surrounded by High)
9943,0.724759778133388,0.002,1,1,True,HH (Hot Spot)
9944,0.3962196964451248,0.038,1,1,True,HH (Hot Spot)
9945,0.13148739231729864,0.053,1,0,False,No Significativo
9946,0.13642106130705847,0.07,1,0,False,No Significativo
9947,0.8768919989351169,0.013,1,1,True,HH (Hot Spot)
9948,0.5149850288545544,0.022,1,1,True,HH (Hot Spot)
9949,0.006134228243819577,0.474,1,0,False,No Significativo
9950,0.10441611615883827,0.251,1,0,False,No Significativo
9951,0.7835338071134434,0.017,1,1,True,HH (Hot Spot)
9952,0.8238142917427723,0.013,1,1,True,HH (Hot Spot)
9953,3.060496907160259,0.001,3,3,True,LH (Low surrounded by High)
9954,2.172602148110479,0.001,1,1,True,HH (Hot Spot)
9955,0.04113223323501489,0.443,1,0,False,No Significativo
9956,0.027330815512128015,0.431,1,0,False,No Significativo
9957,0.17042015367408855,0.054,3,0,False,No Significativo
9958,-0.042643072135506374,0.444,4,0,False,No Significativo
9959,0.7048617746003601,0.088,3,0,False,No Significativo
9960,0.05485599104346087,0.287,1,0,False,No Significativo
9961,1.0198241688266225,0.024,1,1,True,HH (Hot Spot)
9962,0.6404774521182633,0.02,1,1,True,HH (Hot Spot)
9963,0.5046608335714095,0.045,1,1,True,HH (Hot Spot)
9964,0.11647559138504264,0.27,1,0,False,No Significativo
9965,0.5116473986046866,0.023,1,1,True,HH (Hot Spot)
9966,0.07907065494930843,0.106,1,0,False,No Significativo
9967,1.5155903804013031,0.002,3,3,True,LH (Low surrounded by High)
9968,-0.09569932972322971,0.156,2,0,False,No Significativo
9969,0.15223996136179896,0.224,1,0,False,No Significativo
9970,0.5434276363411591,0.026,3,3,True,LH (Low surrounded by High)
9971,2.6005757916775853,0.001,3,3,True,LH (Low surrounded by High)
9972,2.475405011629002,0.001,1,1,True,HH (Hot Spot)
9973,0.5247990795729542,0.021,3,3,True,LH (Low surrounded by High)
9974,0.9593112146251753,0.006,3,3,True,LH (Low surrounded by High)
9975,0.6213253934905811,0.021,1,1,True,HH (Hot Spot)
9976,0.26952656123055196,0.079,1,0,False,No Significativo
9977,1.201290803106362,0.016,3,3,True,LH (Low surrounded by High)
9978,0.10435796639889179,0.123,3,0,False,No Significativo
9979,0.09352739523429493,0.066,1,0,False,No Significativo
9980,-0.09294356828176807,0.108,2,0,False,No Significativo
9981,0.32875534064769013,0.031,3,3,True,LH (Low surrounded by High)
9982,1.2703162467575089,0.007,1,1,True,HH (Hot Spot)
9983,0.04238880738373632,0.424,1,0,False,No Significativo
9984,0.14814021543004854,0.15,1,0,False,No Significativo
9985,-0.02466011139353662,0.405,2,0,False,No Significativo
9986,0.195630957307787,0.149,3,0,False,No Significativo
9987,0.24091168508691974,0.112,3,0,False,No Significativo
9988,1.0211051761500942,0.01,1,1,True,HH (Hot Spot)
9989,1.9117104537981868,0.002,3,3,True,LH (Low surrounded by High)
9990,0.8934301941753255,0.018,3,3,True,LH (Low surrounded by High)
9991,0.5881402940505952,0.003,3,3,True,LH (Low surrounded by High)
9992,1.447426036924933,0.027,3,3,True,LH (Low surrounded by High)
9993,0.002255348831686354,0.478,3,0,False,No Significativo
9994,1.1167826035187352,0.011,3,3,True,LH (Low surrounded by High)
9995,0.11519829535082099,0.069,1,0,False,No Significativo
9996,0.024469823041205933,0.456,3,0,False,No Significativo
9997,0.10381367216027172,0.197,1,0,False,No Significativo
9998,0.04951371139349234,0.331,1,0,False,No Significativo
9999,0.22143032773033267,0.231,3,0,False,No Significativo
10000,0.6042224837109323,0.019,1,1,True,HH (Hot Spot)
10001,-0.006179965078239241,0.471,2,0,False,No Significativo
10002,0.3906616452925137,0.023,1,1,True,HH (Hot Spot)
10003,0.13738852121463058,0.266,3,0,False,No Significativo
10004,0.7331681519690643,0.018,1,1,True,HH (Hot Spot)
10005,2.3014243002278345,0.001,1,1,True,HH (Hot Spot)
10006,0.013842179457398199,0.285,1,0,False,No Significativo
10007,0.06501059760335612,0.39,1,0,False,No Significativo
10008,0.3662016868759495,0.014,1,1,True,HH (Hot Spot)
10009,2.613470037972191,0.001,3,3,True,LH (Low surrounded by High)
10010,0.6539376230482307,0.039,1,1,True,HH (Hot Spot)
10011,3.8896134355905794,0.001,3,3,True,LH (Low surrounded by High)
10012,0.8699832738222274,0.022,1,1,True,HH (Hot Spot)
10013,-0.008222643877613253,0.301,2,0,False,No Significativo
10014,0.1399472720982685,0.272,1,0,False,No Significativo
10015,2.0433918481610567,0.005,3,3,True,LH (Low surrounded by High)
10016,0.10464563982173981,0.345,1,0,False,No Significativo
10017,0.08528292982466339,0.272,1,0,False,No Significativo
10018,0.1999219738553641,0.069,1,0,False,No Significativo
10019,2.7076937994850576,0.001,3,3,True,LH (Low surrounded by High)
10020,0.6288325359386828,0.014,1,1,True,HH (Hot Spot)
10021,-0.06715745880914788,0.386,4,0,False,No Significativo
10023,0.1553950493715735,0.167,3,0,False,No Significativo
10024,0.1293385947214969,0.107,3,0,False,No Significativo
10025,0.0936962607965083,0.014,1,1,True,HH (Hot Spot)
10026,1.3388204616189283,0.023,3,3,True,LH (Low surrounded by High)
10027,0.03886194136230419,0.388,3,0,False,No Significativo
10028,0.3446859750799032,0.119,1,0,False,No Significativo
10029,1.5472244318289292,0.001,1,1,True,HH (Hot Spot)
10030,0.8228504536406639,0.025,1,1,True,HH (Hot Spot)
10031,0.45673741125158396,0.087,1,0,False,No Significativo
10032,0.19456604489429347,0.027,1,1,True,HH (Hot Spot)
10033,-0.2734002090497632,0.273,2,0,False,No Significativo
10034,0.2590208943495371,0.093,3,0,False,No Significativo
10035,-0.013118928013201001,0.05,2,0,False,No Significativo
10036,1.2352420181579795,0.007,1,1,True,HH (Hot Spot)
10037,0.2853688224817229,0.039,1,1,True,HH (Hot Spot)
10038,0.20053198706293038,0.207,1,0,False,No Significativo
10039,0.7894067628730003,0.011,1,1,True,HH (Hot Spot)
10040,1.6068509097228776,0.001,1,1,True,HH (Hot Spot)
10041,0.1440330528017809,0.227,1,0,False,No Significativo
10042,0.5329037743793406,0.034,3,3,True,LH (Low surrounded by High)
10043,0.14358299912147998,0.31,3,0,False,No Significativo
10044,-0.13206673513347825,0.056,4,0,False,No Significativo
10045,0.0008578411264110157,0.462,3,0,False,No Significativo
10046,0.13293495611350878,0.094,1,0,False,No Significativo
10047,0.8572313142413593,0.006,3,3,True,LH (Low surrounded by High)
10048,3.178581148152076,0.001,1,1,True,HH (Hot Spot)
10049,0.13865138448910297,0.138,3,0,False,No Significativo
10050,0.17856091643126537,0.148,3,0,False,No Significativo
10051,-0.0016941296401054614,0.47,2,0,False,No Significativo
10052,3.6411227585185095,0.001,3,3,True,LH (Low surrounded by High)
10053,0.4789683112296066,0.076,3,0,False,No Significativo
10054,2.3141137752749663,0.001,1,1,True,HH (Hot Spot)
10055,1.6683450401333062,0.001,1,1,True,HH (Hot Spot)
10056,0.005847821755259068,0.411,3,0,False,No Significativo
10057,-0.1230711295450635,0.068,2,0,False,No Significativo
10058,-0.0001702900646376955,0.49,4,0,False,No Significativo
10059,0.31457015742868516,0.198,1,0,False,No Significativo
10060,2.7626623753244273,0.001,1,1,True,HH (Hot Spot)
10061,0.03365755663648064,0.253,3,0,False,No Significativo
10062,0.4104206006313498,0.029,1,1,True,HH (Hot Spot)
10063,1.6478180338899497,0.013,3,3,True,LH (Low surrounded by High)
10064,1.0474503904124606,0.016,3,3,True,LH (Low surrounded by High)
10065,0.0018734727859601884,0.305,1,0,False,No Significativo
10066,2.978736428313554,0.001,3,3,True,LH (Low surrounded by High)
10067,1.060671453682238,0.022,1,1,True,HH (Hot Spot)
10068,4.308019510347762,0.001,3,3,True,LH (Low surrounded by High)
10069,0.2995699940636276,0.148,3,0,False,No Significativo
10070,3.9875333689176955,0.001,1,1,True,HH (Hot Spot)
10071,0.04440715451914761,0.295,3,0,False,No Significativo
10072,0.1441731706479485,0.332,1,0,False,No Significativo
10073,0.10175231109021159,0.324,1,0,False,No Significativo
10074,-0.08472276501353437,0.377,4,0,False,No Significativo
10075,0.959299543205158,0.01,1,1,True,HH (Hot Spot)
10076,0.01337630129045705,0.18,3,0,False,No Significativo
10077,0.21875501655700572,0.02,1,1,True,HH (Hot Spot)
10078,0.06482611351532885,0.061,3,0,False,No Significativo
10079,0.015307949648395484,0.426,1,0,False,No Significativo
10080,0.370272509954672,0.094,1,0,False,No Significativo
10081,1.2006977577430604,0.011,3,3,True,LH (Low surrounded by High)
10082,1.2706062578207522,0.018,1,1,True,HH (Hot Spot)
10083,0.39548101456957474,0.001,1,1,True,HH (Hot Spot)
10084,0.05687934820594102,0.363,1,0,False,No Significativo
10085,0.43824976417989603,0.019,1,1,True,HH (Hot Spot)
10086,2.630294261331643,0.001,3,3,True,LH (Low surrounded by High)
10087,0.7947891166597418,0.014,1,1,True,HH (Hot Spot)
10088,0.007982482951983918,0.46,1,0,False,No Significativo
10089,-0.030628176538691904,0.03,2,2,True,LL (Cold Spot)
10090,0.406808675948765,0.08,1,0,False,No Significativo
10091,0.08519969349042816,0.358,1,0,False,No Significativo
10092,0.01422571149680083,0.448,1,0,False,No Significativo
10093,0.6461711871049824,0.117,3,0,False,No Significativo
10094,0.09452870295409942,0.237,3,0,False,No Significativo
10095,0.7782417823785264,0.092,3,0,False,No Significativo
10096,0.032777312201560625,0.468,3,0,False,No Significativo
10097,-0.012007687644550477,0.391,4,0,False,No Significativo
10098,0.3480314856881689,0.133,3,0,False,No Significativo
10099,0.553877037731191,0.079,1,0,False,No Significativo
10100,0.015866189589254856,0.431,1,0,False,No Significativo
10101,0.4995427204173952,0.04,1,1,True,HH (Hot Spot)
10102,1.1140182752867214,0.013,1,1,True,HH (Hot Spot)
10103,0.38060841098936077,0.026,1,1,True,HH (Hot Spot)
10104,5.525140760588463,0.001,1,1,True,HH (Hot Spot)
10105,0.0020687094060365895,0.477,1,0,False,No Significativo
10106,0.010590203902934785,0.467,3,0,False,No Significativo
10107,-0.025009990578266337,0.076,4,0,False,No Significativo
10108,1.0115541724035444,0.008,1,1,True,HH (Hot Spot)
10109,0.24169786092193649,0.122,1,0,False,No Significativo
10110,3.8062629942206097,0.001,3,3,True,LH (Low surrounded by High)
10111,-0.005463436996876518,0.467,2,0,False,No Significativo
10112,2.200508418035208,0.001,1,1,True,HH (Hot Spot)
10113,-0.022404458178069818,0.449,4,0,False,No Significativo
10114,2.756201031713872,0.001,3,3,True,LH (Low surrounded by High)
10115,0.34023122064985983,0.083,1,0,False,No Significativo
10116,2.627002278033744,0.001,3,3,True,LH (Low surrounded by High)
10117,0.9493383901807526,0.014,3,3,True,LH (Low surrounded by High)
10118,0.2724810850947899,0.16,3,0,False,No Significativo
10119,0.0239335923133517,0.432,1,0,False,No Significativo
10120,0.13940532108751186,0.292,3,0,False,No Significativo
10121,-0.0944863000065123,0.186,2,0,False,No Significativo
10122,0.7196727795920533,0.007,3,3,True,LH (Low surrounded by High)
10123,0.7730730437463935,0.032,3,3,True,LH (Low surrounded by High)
10124,0.17240509111269153,0.069,1,0,False,No Significativo
10125,0.009026487113744007,0.462,1,0,False,No Significativo
10126,2.8310076804028155,0.001,3,3,True,LH (Low surrounded by High)
10127,1.2867223895264674,0.033,3,3,True,LH (Low surrounded by High)
10128,0.2976096203644756,0.122,1,0,False,No Significativo
10129,1.3546759933606607,0.002,3,3,True,LH (Low surrounded by High)
10130,0.5298288104569874,0.037,3,3,True,LH (Low surrounded by High)
10131,5.320667644708791,0.001,3,3,True,LH (Low surrounded by High)
10132,1.8735836112255702,0.001,1,1,True,HH (Hot Spot)
10133,0.8649642707277525,0.001,1,1,True,HH (Hot Spot)
10134,-0.027529399718894766,0.424,2,0,False,No Significativo
10135,2.414003305704097,0.001,3,3,True,LH (Low surrounded by High)
10136,0.16781978528058478,0.013,1,1,True,HH (Hot Spot)
10137,2.485302431905517,0.001,1,1,True,HH (Hot Spot)
10138,0.03519567570661861,0.242,3,0,False,No Significativo
10139,0.334469857931466,0.051,1,0,False,No Significativo
10140,0.9470818140486704,0.023,1,1,True,HH (Hot Spot)
10141,1.7948845739715442,0.002,3,3,True,LH (Low surrounded by High)
10142,2.6273147984985643,0.001,3,3,True,LH (Low surrounded by High)
10143,1.4047477236389423,0.007,3,3,True,LH (Low surrounded by High)
10144,0.704602528142263,0.007,3,3,True,LH (Low surrounded by High)
10145,0.27466435816420165,0.078,3,0,False,No Significativo
10146,1.1090537955871222,0.009,1,1,True,HH (Hot Spot)
10147,0.10686621650628206,0.309,3,0,False,No Significativo
10148,0.2525920307255901,0.175,1,0,False,No Significativo
10149,1.6614699742008154,0.005,3,3,True,LH (Low surrounded by High)
10150,0.010195376555332654,0.191,1,0,False,No Significativo
10151,1.3281843091870467,0.012,1,1,True,HH (Hot Spot)
10152,0.0009608082170735368,0.461,1,0,False,No Significativo
10153,0.20717695204716055,0.08,3,0,False,No Significativo
10154,0.5226368648202075,0.064,1,0,False,No Significativo
10155,0.08736691637326749,0.38,1,0,False,No Significativo
10156,0.577525739502283,0.091,3,0,False,No Significativo
10157,0.0795683069599782,0.093,1,0,False,No Significativo
10158,0.6507705074299917,0.029,3,3,True,LH (Low surrounded by High)
10159,0.3016449049766821,0.16,3,0,False,No Significativo
10160,-0.03438222142526225,0.312,4,0,False,No Significativo
10161,0.6411932052807152,0.001,1,1,True,HH (Hot Spot)
10162,0.22559803179673643,0.169,1,0,False,No Significativo
10163,1.5593204204564732,0.002,3,3,True,LH (Low surrounded by High)
10164,0.18873543781515323,0.362,3,0,False,No Significativo
10165,0.31543007374466897,0.157,3,0,False,No Significativo
10166,0.3912300870910977,0.065,1,0,False,No Significativo
10167,0.6089836759557243,0.065,1,0,False,No Significativo
10168,0.706463084422711,0.008,1,1,True,HH (Hot Spot)
10169,3.426849887362375,0.001,3,3,True,LH (Low surrounded by High)
10170,-0.38318643704153765,0.011,2,2,True,LL (Cold Spot)
10171,0.2613786547535189,0.278,3,0,False,No Significativo
10172,0.16622470768802056,0.177,1,0,False,No Significativo
10173,0.6067553130093508,0.013,1,1,True,HH (Hot Spot)
10174,0.602940124361568,0.008,1,1,True,HH (Hot Spot)
10175,-0.032657276824055066,0.425,4,0,False,No Significativo
10176,0.020941221630296613,0.14,1,0,False,No Significativo
10177,0.8825100621596711,0.026,1,1,True,HH (Hot Spot)
10178,1.276886908551955,0.008,1,1,True,HH (Hot Spot)
10179,2.40521774456061,0.006,3,3,True,LH (Low surrounded by High)
10180,0.046726046959373976,0.28,1,0,False,No Significativo
10181,0.15958658592269598,0.18,3,0,False,No Significativo
10182,0.27257600158996936,0.08,1,0,False,No Significativo
10183,-0.0707180052294611,0.215,4,0,False,No Significativo
10184,0.012271587970950314,0.432,3,0,False,No Significativo
10185,0.4445410947731255,0.071,1,0,False,No Significativo
10186,0.8423041463895845,0.045,1,1,True,HH (Hot Spot)
10187,0.10710362424079657,0.098,1,0,False,No Significativo
10188,0.10451468868192373,0.132,1,0,False,No Significativo
10189,0.4570876588820363,0.147,3,0,False,No Significativo
10190,0.6641494130073538,0.023,1,1,True,HH (Hot Spot)
10191,2.4572010229055774,0.001,3,3,True,LH (Low surrounded by High)
10192,-0.03611437581239455,0.424,4,0,False,No Significativo
10193,1.1556269546335045,0.008,1,1,True,HH (Hot Spot)
10194,1.1209986253090447,0.015,3,3,True,LH (Low surrounded by High)
10195,0.45339235819143603,0.013,1,1,True,HH (Hot Spot)
10196,1.6396226162344036,0.002,3,3,True,LH (Low surrounded by High)
10197,-0.2696977788513493,0.147,4,0,False,No Significativo
10198,0.27135845943128667,0.026,1,1,True,HH (Hot Spot)
10199,0.07786390900910191,0.162,1,0,False,No Significativo
10200,0.4029797785765715,0.087,1,0,False,No Significativo
10201,-0.032807501133560964,0.15,4,0,False,No Significativo
10202,0.32247409987745046,0.019,1,1,True,HH (Hot Spot)
10203,1.1539482320571932,0.028,3,3,True,LH (Low surrounded by High)
10204,1.7319758343834744,0.001,1,1,True,HH (Hot Spot)
10205,0.09039163487458851,0.362,1,0,False,No Significativo
10206,0.5372187394198829,0.052,1,0,False,No Significativo
10207,0.9686467944014908,0.019,3,3,True,LH (Low surrounded by High)
10208,-0.04677627931617187,0.439,4,0,False,No Significativo
10209,0.2653016566924604,0.172,3,0,False,No Significativo
10210,0.07391545198598352,0.202,3,0,False,No Significativo
10211,1.1919488280912094,0.001,3,3,True,LH (Low surrounded by High)
10212,0.46231541637915863,0.156,3,0,False,No Significativo
10213,0.7614825876353251,0.015,3,3,True,LH (Low surrounded by High)
